{
"type": "FeatureCollection",
"name": "boundary",
"crs": { "type": "name", "properties": { "name": "urn:ogc:def:crs:OGC:1.3:CRS84" } },
"features": [
{ "type": "Feature", "properties": { "name": "札幌市", "city_code": "01100", "source": "国土数値情報 N03-20240101 (区を結合)" }, "geometry": { "type": "Polygon", "coordinates": [ [ [ 141.235329728000011, 42.822407775 ], [ 141.235306394, 42.822321667 ], [ 141.235337781999988, 42.822128892 ], [ 141.235444449, 42.821811387 ], [ 141.235501672999987, 42.821701946 ], [ 141.235506939, 42.821590279 ], [ 141.235517224, 42.821358613 ], [ 141.235605837, 42.82114 ], [ 141.235212776, 42.821064171 ], [ 141.234767497, 42.821051387 ], [ 141.234259728000012, 42.821015 ], [ 141.233875837, 42.820935279 ], [ 141.233756938999989, 42.820910559 ], [ 141.23358, 42.820889721 ], [ 141.233444449, 42.820902775 ], [ 141.233333333, 42.820918919 ], [ 141.233264721000012, 42.820928892 ], [ 141.232697224, 42.820874171 ], [ 141.232192218, 42.820790838 ], [ 141.232001946, 42.820717775 ], [ 141.231876938999989, 42.820634441 ], [ 141.231819728, 42.820514721 ], [ 141.231843333, 42.820171108 ], [ 141.231900272, 42.819941946 ], [ 141.231926394, 42.819814171 ], [ 141.231923891, 42.819681387 ], [ 141.23190834, 42.819335279 ], [ 141.232048885000012, 42.81896 ], [ 141.232106109, 42.818842775 ], [ 141.232147782, 42.818696946 ], [ 141.232207497, 42.818431667 ], [ 141.2322062, 42.818410081 ], [ 141.232189442, 42.818135 ], [ 141.232132503, 42.817986387 ], [ 141.232017782000014, 42.817809441 ], [ 141.231947497, 42.817726108 ], [ 141.231913606, 42.817640279 ], [ 141.23190083, 42.817556946 ], [ 141.231893061, 42.817382225 ], [ 141.231921387999989, 42.816882225 ], [ 141.231997224, 42.816666667 ], [ 141.232020272, 42.816601108 ], [ 141.232054162999987, 42.816507225 ], [ 141.232041114999987, 42.816442225 ], [ 141.23196834, 42.816309441 ], [ 141.231929442, 42.816121667 ], [ 141.231978885, 42.815408333 ], [ 141.232023333, 42.814905838 ], [ 141.231995006, 42.814676667 ], [ 141.231976667, 42.814611667 ], [ 141.231739442, 42.814348613 ], [ 141.231388054, 42.814080559 ], [ 141.231192776, 42.813893054 ], [ 141.231127496999989, 42.813806946 ], [ 141.231091115, 42.813734171 ], [ 141.231086667, 42.813717225 ], [ 141.231026109, 42.813489441 ], [ 141.23081250300001, 42.813335838 ], [ 141.230598885, 42.813202775 ], [ 141.230315006000012, 42.813192505 ], [ 141.230013061, 42.813364441 ], [ 141.229899728, 42.813400892 ], [ 141.229794449, 42.813434721 ], [ 141.229578339999989, 42.813437225 ], [ 141.228526109, 42.813273054 ], [ 141.228091388, 42.813249721 ], [ 141.227518612000011, 42.81325 ], [ 141.226443061, 42.813215559 ], [ 141.226114720999988, 42.813137505 ], [ 141.22562, 42.813106108 ], [ 141.225333606, 42.813043613 ], [ 141.225187782, 42.813001946 ], [ 141.22509917, 42.812929171 ], [ 141.225, 42.812850135 ], [ 141.224906393999987, 42.812775559 ], [ 141.223857497000012, 42.812348333 ], [ 141.223229728, 42.812093054 ], [ 141.22276083, 42.811916387 ], [ 141.222474449, 42.811793892 ], [ 141.22238333300001, 42.811718333 ], [ 141.222235006, 42.811223613 ], [ 141.221972218, 42.810705279 ], [ 141.221895550999989, 42.810612775 ], [ 141.221756109000012, 42.810445 ], [ 141.22151917, 42.810197775 ], [ 141.221373333, 42.809913892 ], [ 141.221196109, 42.809674441 ], [ 141.220675279, 42.809083054 ], [ 141.220550272, 42.808945279 ], [ 141.220430558, 42.808856667 ], [ 141.220248340000012, 42.808796667 ], [ 141.220097224, 42.808708054 ], [ 141.219943891000014, 42.808556946 ], [ 141.219620752, 42.808333333 ], [ 141.219571388, 42.808299171 ], [ 141.219415279, 42.808153333 ], [ 141.219285006, 42.807966108 ], [ 141.21913917, 42.807400838 ], [ 141.21913917, 42.807245 ], [ 141.219188612000011, 42.807133054 ], [ 141.219321388, 42.806890838 ], [ 141.219383891, 42.806419441 ], [ 141.219448885, 42.806117225 ], [ 141.219519442, 42.805950559 ], [ 141.219745837, 42.805591108 ], [ 141.219889169999988, 42.805445279 ], [ 141.220047782, 42.805318054 ], [ 141.221222503, 42.805099171 ], [ 141.222222218000013, 42.804914441 ], [ 141.222435837, 42.804763333 ], [ 141.222553061000013, 42.804594171 ], [ 141.222610558000014, 42.804435279 ], [ 141.222673061, 42.804221667 ], [ 141.222697497000013, 42.804125559 ], [ 141.222701672999989, 42.804109721 ], [ 141.222738054, 42.804042225 ], [ 141.223073891000013, 42.803612505 ], [ 141.223545279, 42.803034441 ], [ 141.223806109, 42.80267 ], [ 141.224168053999989, 42.802094171 ], [ 141.224285278999986, 42.801831387 ], [ 141.224373606, 42.801456108 ], [ 141.224434384, 42.801101586 ], [ 141.22447, 42.800893892 ], [ 141.224422607, 42.8 ], [ 141.224420558, 42.799961387 ], [ 141.224420558, 42.799732225 ], [ 141.224459728, 42.79955 ], [ 141.224748885, 42.799328892 ], [ 141.225, 42.799253306 ], [ 141.225155006, 42.799206667 ], [ 141.225501388, 42.799146667 ], [ 141.225993606, 42.799078892 ], [ 141.226188885, 42.799008613 ], [ 141.226433606, 42.798787225 ], [ 141.226639442, 42.798542505 ], [ 141.226826939, 42.798422775 ], [ 141.227045837, 42.798303054 ], [ 141.227220272000011, 42.798243054 ], [ 141.227696667, 42.798165 ], [ 141.22800917, 42.798107775 ], [ 141.228201946000013, 42.79804 ], [ 141.228389442, 42.797925279 ], [ 141.22876, 42.797726387 ], [ 141.228782503, 42.797714441 ], [ 141.229019442, 42.797649171 ], [ 141.229321672999987, 42.797610279 ], [ 141.22979834, 42.797568613 ], [ 141.230027497, 42.797513892 ], [ 141.230256667, 42.797415 ], [ 141.230342503, 42.797331387 ], [ 141.230389441999989, 42.797250838 ], [ 141.230391946, 42.797063333 ], [ 141.230405006000012, 42.796644171 ], [ 141.230418054000012, 42.796360279 ], [ 141.230420558, 42.796232775 ], [ 141.230376667, 42.796120559 ], [ 141.230269728, 42.795964441 ], [ 141.230108339999987, 42.795649441 ], [ 141.229821945999987, 42.795245838 ], [ 141.229626913, 42.795033838 ], [ 141.229553891, 42.794954441 ], [ 141.229475551, 42.794772225 ], [ 141.229446939000013, 42.794407505 ], [ 141.229449442, 42.794110279 ], [ 141.229467782, 42.793985279 ], [ 141.229535551, 42.793844721 ], [ 141.229704721, 42.793657505 ], [ 141.229970272, 42.793350279 ], [ 141.230181388, 42.793222505 ], [ 141.230426109, 42.793118333 ], [ 141.230634449, 42.792990838 ], [ 141.230684449, 42.792800559 ], [ 141.230653061, 42.792475 ], [ 141.23064, 42.792285 ], [ 141.230671388, 42.792165 ], [ 141.230746667, 42.792043054 ], [ 141.23086917, 42.791936108 ], [ 141.231093061, 42.791835 ], [ 141.231206809000014, 42.791666667 ], [ 141.231223333, 42.791642225 ], [ 141.231074721, 42.791472775 ], [ 141.23087416300001, 42.791373892 ], [ 141.230283332999988, 42.791016946 ], [ 141.230137496999987, 42.790967225 ], [ 141.229832776, 42.790863333 ], [ 141.229468054, 42.790743613 ], [ 141.22929083, 42.790683892 ], [ 141.229126667, 42.790663054 ], [ 141.228934163, 42.790660279 ], [ 141.228455006, 42.790663054 ], [ 141.228238885, 42.790626387 ], [ 141.228012218, 42.790537775 ], [ 141.227840558, 42.790431108 ], [ 141.227559442, 42.790220279 ], [ 141.227085550999988, 42.789777505 ], [ 141.226929442, 42.789636946 ], [ 141.226767782, 42.789558892 ], [ 141.226405836999987, 42.789428333 ], [ 141.225075006, 42.789035279 ], [ 141.225, 42.789010279 ], [ 141.22438, 42.788803613 ], [ 141.224056939, 42.788668054 ], [ 141.223788885, 42.788470279 ], [ 141.22327834, 42.788066946 ], [ 141.223132502999988, 42.787928892 ], [ 141.223031115, 42.787776667 ], [ 141.222562218, 42.787653054 ], [ 141.222036108999987, 42.787636946 ], [ 141.221793891, 42.787621387 ], [ 141.221663891, 42.787626667 ], [ 141.221075279, 42.787712225 ], [ 141.220585836999987, 42.787701946 ], [ 141.220385837, 42.787695838 ], [ 141.219481946, 42.787668054 ], [ 141.218507781999989, 42.787514441 ], [ 141.218477173, 42.787509586 ], [ 141.217101673, 42.787290559 ], [ 141.216666667, 42.787232892 ], [ 141.216393333000013, 42.787196667 ], [ 141.215966394, 42.78722 ], [ 141.215450557999986, 42.787225559 ], [ 141.215205837000013, 42.787170838 ], [ 141.214635550999986, 42.787048333 ], [ 141.214281387999989, 42.786949441 ], [ 141.21382083, 42.786889441 ], [ 141.213307781999987, 42.786881667 ], [ 141.212851946, 42.786907505 ], [ 141.212563061, 42.786946946 ], [ 141.212091673, 42.787001387 ], [ 141.211748054, 42.787014441 ], [ 141.211378054, 42.786962505 ], [ 141.21108917, 42.786925838 ], [ 141.210857224, 42.786847775 ], [ 141.210099442, 42.786530279 ], [ 141.209672218, 42.786418333 ], [ 141.209567224000011, 42.786410838 ], [ 141.209000558000014, 42.786371108 ], [ 141.208797224, 42.786324171 ], [ 141.208690558, 42.786274721 ], [ 141.208333333000013, 42.786196 ], [ 141.20806527900001, 42.786136946 ], [ 141.207367782, 42.785936387 ], [ 141.206615279, 42.785798333 ], [ 141.206396667, 42.785730559 ], [ 141.206003333000012, 42.785584721 ], [ 141.205396394, 42.785295838 ], [ 141.205086394, 42.785139441 ], [ 141.204865278999989, 42.784991108 ], [ 141.204599441999989, 42.784894721 ], [ 141.204195836999986, 42.784699171 ], [ 141.203506108999989, 42.784465 ], [ 141.20282917, 42.784269441 ], [ 141.202472218, 42.784204441 ], [ 141.202047782, 42.784162775 ], [ 141.201303061, 42.784261667 ], [ 141.200568612000012, 42.78434 ], [ 141.2, 42.784366333 ], [ 141.199896667, 42.784371108 ], [ 141.199084163, 42.784350279 ], [ 141.198032503, 42.784308613 ], [ 141.197417782, 42.784312775 ], [ 141.197277224, 42.784313892 ], [ 141.196818885, 42.784334721 ], [ 141.196269441999988, 42.784446667 ], [ 141.195256394000012, 42.784553333 ], [ 141.194404721000012, 42.784722505 ], [ 141.193753891, 42.784800559 ], [ 141.192412776, 42.785008892 ], [ 141.191666667, 42.78518836 ], [ 141.191524721, 42.785222505 ], [ 141.190777497, 42.785449171 ], [ 141.189959728, 42.785818613 ], [ 141.18918917, 42.786141667 ], [ 141.188954720999988, 42.786183333 ], [ 141.188235837, 42.786235279 ], [ 141.187423333, 42.786250838 ], [ 141.186913333, 42.786276946 ], [ 141.18672917, 42.786263054 ], [ 141.186434163, 42.786240559 ], [ 141.185564163, 42.786089441 ], [ 141.184449728, 42.785990279 ], [ 141.183647782, 42.785849441 ], [ 141.183333333, 42.785776441 ], [ 141.182773061, 42.785646387 ], [ 141.181965551, 42.78542 ], [ 141.180333061, 42.784675 ], [ 141.179734163, 42.784331387 ], [ 141.178820272, 42.783885838 ], [ 141.178541388000014, 42.783833892 ], [ 141.177828054, 42.783862505 ], [ 141.176971388, 42.783969171 ], [ 141.176353606, 42.784147225 ], [ 141.17595834, 42.784261108 ], [ 141.175520830000011, 42.784414441 ], [ 141.175231946, 42.784562775 ], [ 141.175, 42.784719225 ], [ 141.174888054, 42.784794721 ], [ 141.174575551, 42.784984721 ], [ 141.174127497, 42.785109721 ], [ 141.173742218, 42.785182775 ], [ 141.173463606000013, 42.785203613 ], [ 141.172953060999987, 42.785185 ], [ 141.172463606, 42.785086108 ], [ 141.172265837, 42.785023613 ], [ 141.171945551, 42.784885559 ], [ 141.171042218, 42.784138333 ], [ 141.170810272000011, 42.783875559 ], [ 141.170587562, 42.783333333 ], [ 141.170341673, 42.782734721 ], [ 141.169976939, 42.782039441 ], [ 141.169682776, 42.781765838 ], [ 141.169612503, 42.781719171 ], [ 141.169547224000013, 42.781693054 ], [ 141.169123061, 42.781586387 ], [ 141.168440557999986, 42.781416946 ], [ 141.168041673, 42.781345559 ], [ 141.167363061, 42.781224171 ], [ 141.166666666999987, 42.781128198 ], [ 141.166456667, 42.781099171 ], [ 141.16620917, 42.781101667 ], [ 141.165978612, 42.781160559 ], [ 141.165667496999987, 42.781239721 ], [ 141.164956667000013, 42.781521108 ], [ 141.164243061, 42.781677225 ], [ 141.163836939, 42.781739721 ], [ 141.163212218000012, 42.781752505 ], [ 141.16274083, 42.781697775 ], [ 141.162626394, 42.781648333 ], [ 141.162464721, 42.781557225 ], [ 141.162256394, 42.781367225 ], [ 141.16180083, 42.780888054 ], [ 141.161391946, 42.780726387 ], [ 141.161115837000011, 42.780705559 ], [ 141.160920272, 42.780729441 ], [ 141.160654720999986, 42.780838613 ], [ 141.15967083000001, 42.781505279 ], [ 141.15912917, 42.781901108 ], [ 141.158842502999988, 42.782223892 ], [ 141.158467782, 42.782494441 ], [ 141.158373891, 42.782562225 ], [ 141.158333333, 42.782597 ], [ 141.157915551, 42.782955279 ], [ 141.157665551, 42.783275838 ], [ 141.157586589, 42.783333333 ], [ 141.15730083, 42.783541387 ], [ 141.157102503, 42.783765279 ], [ 141.156956667, 42.784020559 ], [ 141.156412503000013, 42.785023333 ], [ 141.156136393999986, 42.785423892 ], [ 141.155982776, 42.785608613 ], [ 141.155610558, 42.785827505 ], [ 141.154844720999989, 42.785926387 ], [ 141.153928885, 42.785986946 ], [ 141.15375917, 42.786028333 ], [ 141.152941672999987, 42.786306946 ], [ 141.152600272, 42.786483613 ], [ 141.15230083, 42.786673892 ], [ 141.151928612, 42.786850838 ], [ 141.151436394, 42.787067225 ], [ 141.150978054, 42.787186946 ], [ 141.150306109000013, 42.787265 ], [ 141.15, 42.787232333 ], [ 141.149996394, 42.787231946 ], [ 141.14937917, 42.787166108 ], [ 141.148395005999987, 42.787217775 ], [ 141.147551388000011, 42.787397505 ], [ 141.147072218, 42.787475559 ], [ 141.146629442, 42.787522505 ], [ 141.146006938999989, 42.78739 ], [ 141.145233606, 42.787309171 ], [ 141.144848054, 42.787340279 ], [ 141.144142218000013, 42.787738892 ], [ 141.143348339999989, 42.788108333 ], [ 141.14300972800001, 42.788275 ], [ 141.142918611999988, 42.788316667 ], [ 141.142543606, 42.788408054 ], [ 141.14166666700001, 42.788565252 ], [ 141.141395279, 42.788613892 ], [ 141.141077497, 42.788697225 ], [ 141.140736393999987, 42.788843054 ], [ 141.140572217999988, 42.788947225 ], [ 141.140249442, 42.789222775 ], [ 141.13999, 42.789681108 ], [ 141.139916109000012, 42.789811387 ], [ 141.139155837, 42.791314171 ], [ 141.138967588000014, 42.791666667 ], [ 141.138903061, 42.791787505 ], [ 141.138694721, 42.792118333 ], [ 141.13856194600001, 42.792441387 ], [ 141.138478612, 42.792701667 ], [ 141.138322503000012, 42.793055838 ], [ 141.138163606, 42.793243333 ], [ 141.137892776, 42.793477775 ], [ 141.137614163, 42.793761667 ], [ 141.136968054, 42.794628613 ], [ 141.136863891, 42.794836946 ], [ 141.136738885, 42.794972505 ], [ 141.136249442, 42.795329171 ], [ 141.135744163, 42.795813613 ], [ 141.135580272, 42.796089441 ], [ 141.135543606, 42.796292505 ], [ 141.135561673000012, 42.796831387 ], [ 141.135624449, 42.797055279 ], [ 141.135845550999989, 42.797630279 ], [ 141.136139727999989, 42.798393892 ], [ 141.136155279, 42.798503333 ], [ 141.136124163, 42.798591946 ], [ 141.135827224, 42.798768892 ], [ 141.13524917, 42.799167225 ], [ 141.134957496999988, 42.799544721 ], [ 141.134855837, 42.799763613 ], [ 141.134808885000012, 42.799935279 ], [ 141.134805551, 42.8 ], [ 141.13477, 42.800690559 ], [ 141.13474917, 42.800966387 ], [ 141.134691673, 42.801159171 ], [ 141.134598054, 42.801497775 ], [ 141.134285551, 42.801966387 ], [ 141.133993890999989, 42.802427225 ], [ 141.133725551, 42.802953333 ], [ 141.133333333, 42.803429919 ], [ 141.133256667000012, 42.803523054 ], [ 141.133168054, 42.803762505 ], [ 141.133074449, 42.803887505 ], [ 141.13247834, 42.804153333 ], [ 141.132165837, 42.804205559 ], [ 141.130757497, 42.804292775 ], [ 141.129814163, 42.804351387 ], [ 141.12945250300001, 42.804330838 ], [ 141.127666108999989, 42.804309721 ], [ 141.126400272000012, 42.804132775 ], [ 141.126087782000013, 42.804176946 ], [ 141.125921115000011, 42.804257775 ], [ 141.125255006, 42.804684441 ], [ 141.125, 42.804821135 ], [ 141.124788612, 42.804934441 ], [ 141.124546667, 42.805007505 ], [ 141.124020558000012, 42.805075 ], [ 141.123556939, 42.805220838 ], [ 141.123124721000011, 42.805403333 ], [ 141.122780830000011, 42.805616946 ], [ 141.122296667, 42.806111667 ], [ 141.12196834, 42.806616667 ], [ 141.12176, 42.806960279 ], [ 141.121344721000014, 42.807343613 ], [ 141.120485837, 42.807917225 ], [ 141.120251115, 42.808097775 ], [ 141.120070558, 42.808332505 ], [ 141.120070026, 42.808333333 ], [ 141.119926109, 42.808557775 ], [ 141.11979083, 42.80891 ], [ 141.119411673, 42.809316108 ], [ 141.118906109, 42.809650279 ], [ 141.118174721, 42.809966108 ], [ 141.116874720999988, 42.810507505 ], [ 141.116666667, 42.810588865 ], [ 141.116089728, 42.810814441 ], [ 141.115340272, 42.810967775 ], [ 141.114726394, 42.811067225 ], [ 141.114202776000013, 42.811103333 ], [ 141.113832503, 42.811175559 ], [ 141.113615837, 42.811256946 ], [ 141.113480558, 42.811410279 ], [ 141.113318054, 42.811671946 ], [ 141.113173606, 42.811996946 ], [ 141.112900272, 42.812379441 ], [ 141.112586666999988, 42.812818333 ], [ 141.112216667000013, 42.813369171 ], [ 141.111936939, 42.813558333 ], [ 141.111250829999989, 42.813964721 ], [ 141.110402218, 42.814343892 ], [ 141.108966667, 42.814849171 ], [ 141.108333333, 42.815064919 ], [ 141.106502503, 42.815688613 ], [ 141.104642503, 42.816392505 ], [ 141.104121310000011, 42.816666667 ], [ 141.103618054, 42.816931387 ], [ 141.103441946, 42.817024171 ], [ 141.102584449, 42.817403333 ], [ 141.102088054, 42.817755559 ], [ 141.101591388, 42.817962775 ], [ 141.100589442, 42.818594721 ], [ 141.1, 42.818923892 ], [ 141.098973333, 42.819497225 ], [ 141.098043606, 42.820093054 ], [ 141.097357497, 42.820418054 ], [ 141.09670778200001, 42.820589441 ], [ 141.096075837, 42.820679721 ], [ 141.095443891, 42.820778892 ], [ 141.095146109000012, 42.820878333 ], [ 141.094974449, 42.820932505 ], [ 141.094821115, 42.821085838 ], [ 141.094785006, 42.821311667 ], [ 141.094721673, 42.821627505 ], [ 141.094685279, 42.821689441 ], [ 141.09445083, 42.822088054 ], [ 141.094216109, 42.822286667 ], [ 141.093764721000014, 42.822593613 ], [ 141.093376667, 42.822936387 ], [ 141.093150830000013, 42.823044441 ], [ 141.093331388, 42.823206946 ], [ 141.094324449, 42.823604171 ], [ 141.095696393999987, 42.824109721 ], [ 141.096039442, 42.824218054 ], [ 141.096211114999988, 42.824299441 ], [ 141.096481946000011, 42.824498054 ], [ 141.096861115, 42.824949441 ], [ 141.096911673, 42.825 ], [ 141.097122776, 42.825211108 ], [ 141.097240272, 42.825563333 ], [ 141.097429442, 42.825897225 ], [ 141.097655279, 42.826231387 ], [ 141.097844721, 42.826366667 ], [ 141.098241946, 42.826529171 ], [ 141.098828884999989, 42.826872505 ], [ 141.099135837, 42.827125279 ], [ 141.099325279, 42.827242505 ], [ 141.099821946, 42.827378054 ], [ 141.1, 42.827442694 ], [ 141.100084449, 42.827473333 ], [ 141.100444449, 42.827603613 ], [ 141.100634163, 42.827748054 ], [ 141.100661115, 42.827919721 ], [ 141.100606938999988, 42.828145279 ], [ 141.100543606, 42.828407225 ], [ 141.100534721, 42.828732225 ], [ 141.100498612, 42.829084171 ], [ 141.100354163, 42.829426946 ], [ 141.100200558000012, 42.829815279 ], [ 141.1, 42.830142306 ], [ 141.099956939, 42.830212505 ], [ 141.099731388, 42.830925559 ], [ 141.099695279, 42.831214441 ], [ 141.099785551, 42.831539441 ], [ 141.099866666999986, 42.832270559 ], [ 141.099857781999987, 42.833010559 ], [ 141.099758495, 42.833333333 ], [ 141.099749442, 42.833362775 ], [ 141.099514721, 42.83376 ], [ 141.09937917, 42.834066946 ], [ 141.099153605999987, 42.834346667 ], [ 141.098936939, 42.834698613 ], [ 141.098729170000013, 42.835014441 ], [ 141.098557782, 42.835420838 ], [ 141.09827, 42.835795559 ], [ 141.097942776, 42.836256667 ], [ 141.097586109, 42.836671946 ], [ 141.097387497, 42.836888613 ], [ 141.097283890999989, 42.837041946 ], [ 141.096972502999989, 42.837525 ], [ 141.096521115, 42.838098054 ], [ 141.096380829999987, 42.838341946 ], [ 141.09602888500001, 42.838865559 ], [ 141.095771673, 42.839235559 ], [ 141.095626939, 42.839515279 ], [ 141.095423891, 42.839804171 ], [ 141.095171388000011, 42.840241946 ], [ 141.094886939, 42.840801667 ], [ 141.094715279000013, 42.841068054 ], [ 141.094616108999986, 42.841261946 ], [ 141.094438249, 42.841666667 ], [ 141.094435551, 42.841672775 ], [ 141.094425279, 42.841702775 ], [ 141.094277497, 42.842132775 ], [ 141.094218612, 42.842480279 ], [ 141.094236667, 42.842624721 ], [ 141.094382218, 42.842771946 ], [ 141.094427782, 42.84279 ], [ 141.09464778200001, 42.842877775 ], [ 141.09505834, 42.843062775 ], [ 141.09528834, 42.843175838 ], [ 141.096105279, 42.843572775 ], [ 141.096516109, 42.843762505 ], [ 141.09675083, 42.843861667 ], [ 141.096935837, 42.843997225 ], [ 141.097473060999988, 42.844272505 ], [ 141.097888054, 42.844435 ], [ 141.098533606, 42.844741946 ], [ 141.098935278999988, 42.844954171 ], [ 141.09930083, 42.845215838 ], [ 141.099648339999987, 42.845414441 ], [ 141.09982, 42.845549721 ], [ 141.1, 42.84568136 ], [ 141.100054721, 42.845721387 ], [ 141.100334449, 42.845942505 ], [ 141.100650272, 42.846141108 ], [ 141.100934449, 42.846281108 ], [ 141.101367782000011, 42.846493333 ], [ 141.101575551, 42.846619441 ], [ 141.102333891, 42.846989721 ], [ 141.10248083, 42.847044441 ], [ 141.102830272, 42.847174721 ], [ 141.103398885, 42.847364441 ], [ 141.103647224000014, 42.847423054 ], [ 141.10325, 42.847680279 ], [ 141.10279, 42.848045838 ], [ 141.102550558, 42.848145 ], [ 141.102351946, 42.848366387 ], [ 141.101977224, 42.848668892 ], [ 141.10154834, 42.848966387 ], [ 141.101349728, 42.849138054 ], [ 141.100835279, 42.849593892 ], [ 141.100753891000011, 42.849702225 ], [ 141.100636667, 42.849968613 ], [ 141.1006262, 42.85 ], [ 141.100505836999986, 42.850361108 ], [ 141.100338885000014, 42.851195838 ], [ 141.100216939, 42.851642775 ], [ 141.100076939, 42.852157225 ], [ 141.100013891, 42.852351387 ], [ 141.1, 42.852365279 ], [ 141.09990083, 42.852464441 ], [ 141.09889, 42.853180838 ], [ 141.098262503, 42.853624171 ], [ 141.09822, 42.853674721 ], [ 141.097797496999988, 42.854179171 ], [ 141.097621388, 42.854810838 ], [ 141.097630558, 42.854982505 ], [ 141.097513061, 42.855384171 ], [ 141.097616939, 42.855758892 ], [ 141.097693606, 42.856178613 ], [ 141.097856109, 42.856959171 ], [ 141.098032776, 42.857536387 ], [ 141.098244163, 42.857753892 ], [ 141.098402218, 42.857956946 ], [ 141.098551115, 42.858160279 ], [ 141.098634331999989, 42.858333333 ], [ 141.098722503, 42.858516667 ], [ 141.098925551, 42.859044721 ], [ 141.099006939, 42.859563613 ], [ 141.099015837, 42.859884171 ], [ 141.098966109, 42.860276946 ], [ 141.098835551, 42.860601667 ], [ 141.098650271999986, 42.860917775 ], [ 141.098582776, 42.861093892 ], [ 141.09856, 42.861256387 ], [ 141.098618885, 42.861576387 ], [ 141.098627782, 42.861806667 ], [ 141.09856917, 42.861942225 ], [ 141.098388612, 42.862140838 ], [ 141.098351673, 42.862197775 ], [ 141.098280272000011, 42.862307775 ], [ 141.098257782, 42.862524441 ], [ 141.098262218, 42.862840559 ], [ 141.098370558, 42.863138333 ], [ 141.098686394, 42.863603054 ], [ 141.099142218, 42.864144721 ], [ 141.099656667, 42.864591667 ], [ 141.1, 42.864805081 ], [ 141.100121388, 42.864880559 ], [ 141.100279441999987, 42.865015838 ], [ 141.100369728, 42.865327225 ], [ 141.100441945999989, 42.866356108 ], [ 141.100447951, 42.866666667 ], [ 141.100455837, 42.867073892 ], [ 141.100514449, 42.867435 ], [ 141.100627224, 42.867823054 ], [ 141.100794162999989, 42.868288333 ], [ 141.101028885, 42.868725838 ], [ 141.101303890999986, 42.869131946 ], [ 141.101696667, 42.869475 ], [ 141.102057782, 42.869687225 ], [ 141.102527224, 42.869980559 ], [ 141.102540557999987, 42.869991108 ], [ 141.102874721, 42.870255838 ], [ 141.103610661, 42.870691225 ], [ 141.103813333, 42.870811108 ], [ 141.104197223999989, 42.871068333 ], [ 141.104391115, 42.871158613 ], [ 141.105122503, 42.871443054 ], [ 141.10537083, 42.871587225 ], [ 141.105754448999988, 42.871754171 ], [ 141.10646778200001, 42.872056667 ], [ 141.106778885000011, 42.872223613 ], [ 141.106963606, 42.872345559 ], [ 141.107117224, 42.872512505 ], [ 141.107117224, 42.872697505 ], [ 141.10695917000001, 42.873216667 ], [ 141.106838612, 42.873542505 ], [ 141.10679221800001, 42.873668333 ], [ 141.106697497, 42.873835279 ], [ 141.106561946, 42.873984171 ], [ 141.106390557999987, 42.874313333 ], [ 141.10630917, 42.874507505 ], [ 141.106101673000012, 42.874855 ], [ 141.105983865000013, 42.875 ], [ 141.105866939, 42.875143892 ], [ 141.105609728, 42.875541108 ], [ 141.105316394, 42.876155 ], [ 141.105130272, 42.876653613 ], [ 141.105117782, 42.876687505 ], [ 141.105045279, 42.876931108 ], [ 141.104991115, 42.87736 ], [ 141.104842217999987, 42.877721108 ], [ 141.104684449, 42.878131667 ], [ 141.104454163000014, 42.878641946 ], [ 141.104282503, 42.879011667 ], [ 141.103926109000014, 42.879616667 ], [ 141.103668612, 42.880036387 ], [ 141.103551388, 42.880329721 ], [ 141.103429442, 42.880641387 ], [ 141.103262503, 42.880921108 ], [ 141.102765837, 42.881765 ], [ 141.102341673000012, 42.882256946 ], [ 141.101497497, 42.882884441 ], [ 141.101082217999988, 42.883096387 ], [ 141.100450661, 42.883333333 ], [ 141.100287782, 42.883394441 ], [ 141.1, 42.883472252 ], [ 141.099687782, 42.883556667 ], [ 141.099264449, 42.883694441 ], [ 141.09926333300001, 42.883694721 ], [ 141.098996938999989, 42.883719171 ], [ 141.098667497, 42.883588333 ], [ 141.098266083, 42.883333333 ], [ 141.09804917, 42.883195559 ], [ 141.097499363999987, 42.882938694 ], [ 141.09736306100001, 42.882875 ], [ 141.096839728, 42.882590559 ], [ 141.096401945999986, 42.882383333 ], [ 141.09590083, 42.882153054 ], [ 141.095693333000014, 42.882053892 ], [ 141.095544448999988, 42.881918613 ], [ 141.095201388, 42.881756108 ], [ 141.094808885, 42.881476108 ], [ 141.094601114999989, 42.881381108 ], [ 141.094213061, 42.881096946 ], [ 141.094046109, 42.880952505 ], [ 141.093639728, 42.880744721 ], [ 141.093522775999986, 42.880708054 ], [ 141.093265006, 42.880627505 ], [ 141.092958054, 42.880573333 ], [ 141.09276834, 42.880514441 ], [ 141.092502218, 42.880401667 ], [ 141.092236109, 42.880333892 ], [ 141.091893061, 42.880279721 ], [ 141.091666667, 42.880210586 ], [ 141.091405551, 42.880130838 ], [ 141.09089083, 42.879950279 ], [ 141.09062917, 42.879905279 ], [ 141.090105551, 42.879778892 ], [ 141.089811946, 42.879679441 ], [ 141.089596667, 42.879606387 ], [ 141.089532502999987, 42.879584721 ], [ 141.089275279, 42.879535279 ], [ 141.088756109, 42.879408613 ], [ 141.088025006, 42.879282225 ], [ 141.087618612, 42.879237225 ], [ 141.086851673000012, 42.879227775 ], [ 141.086219728, 42.8793 ], [ 141.085700558000013, 42.879426667 ], [ 141.085032503, 42.879674721 ], [ 141.084012776, 42.879999721 ], [ 141.083333333000013, 42.880241306 ], [ 141.083213605999987, 42.880283892 ], [ 141.083033061, 42.880459721 ], [ 141.082888612, 42.880757775 ], [ 141.08282083, 42.881042225 ], [ 141.082654163, 42.881552225 ], [ 141.082410272, 42.882003613 ], [ 141.082193606, 42.88227 ], [ 141.081918339999987, 42.882536108 ], [ 141.08156167300001, 42.882802225 ], [ 141.081137224, 42.883190279 ], [ 141.081040272, 42.883305838 ], [ 141.081017173, 42.883333333 ], [ 141.080925006, 42.883443054 ], [ 141.080613605999986, 42.883845 ], [ 141.080446667, 42.884020838 ], [ 141.079972776, 42.884643613 ], [ 141.079728885, 42.884955279 ], [ 141.079602776, 42.885122225 ], [ 141.079444720999987, 42.885311667 ], [ 141.079124449, 42.885546387 ], [ 141.078835551, 42.885627775 ], [ 141.078483606, 42.885668054 ], [ 141.077702503000012, 42.885663613 ], [ 141.076948612, 42.885695279 ], [ 141.076289728, 42.885681667 ], [ 141.075716667, 42.885663613 ], [ 141.075486394, 42.885631946 ], [ 141.075084721, 42.885636667 ], [ 141.075, 42.885628838 ], [ 141.074543061000014, 42.885586667 ], [ 141.074263061000011, 42.885591387 ], [ 141.073992776000011, 42.885546108 ], [ 141.073058339999989, 42.885397225 ], [ 141.072083333, 42.885148613 ], [ 141.071581673, 42.884922505 ], [ 141.071081673, 42.884697225 ], [ 141.070237497, 42.884246108 ], [ 141.069871673, 42.883979721 ], [ 141.069650558, 42.883952775 ], [ 141.069091115, 42.883930279 ], [ 141.068806939000012, 42.883975559 ], [ 141.068391673, 42.884128892 ], [ 141.068179442, 42.884209721 ], [ 141.066757497, 42.884435559 ], [ 141.066666667, 42.884451919 ], [ 141.066030558, 42.884566387 ], [ 141.065751115000012, 42.884584441 ], [ 141.065146109000011, 42.884552775 ], [ 141.064609170000011, 42.884606946 ], [ 141.063458054, 42.88481 ], [ 141.062645837, 42.884891387 ], [ 141.061991388, 42.884783054 ], [ 141.061544449, 42.884733333 ], [ 141.061036939, 42.884685 ], [ 141.06102083, 42.884683613 ], [ 141.060763606, 42.884692775 ], [ 141.059581114999986, 42.884796108 ], [ 141.059102776, 42.884782775 ], [ 141.058588054000012, 42.884723892 ], [ 141.058333333, 42.884673 ], [ 141.05764, 42.884534441 ], [ 141.056873333, 42.884493892 ], [ 141.056182503, 42.884516667 ], [ 141.055785279, 42.884575279 ], [ 141.055482776, 42.884638333 ], [ 141.054959442000012, 42.884669721 ], [ 141.053781115, 42.884751108 ], [ 141.053284721000011, 42.884773892 ], [ 141.053031946, 42.884787225 ], [ 141.052147497, 42.884751387 ], [ 141.051592218, 42.884728333 ], [ 141.051321388, 42.884715 ], [ 141.050856394, 42.884588613 ], [ 141.050549442, 42.884534441 ], [ 141.05011221800001, 42.884345279 ], [ 141.050048612000012, 42.884317775 ], [ 141.05, 42.884299027 ], [ 141.049123333000011, 42.883961108 ], [ 141.04827917, 42.883703892 ], [ 141.047976667, 42.883663054 ], [ 141.047674163000011, 42.883676667 ], [ 141.047426109000014, 42.883694721 ], [ 141.047241115, 42.883708054 ], [ 141.046496667000014, 42.883807505 ], [ 141.045851115, 42.883933892 ], [ 141.045363606, 42.883983613 ], [ 141.044289170000013, 42.884123333 ], [ 141.043481388, 42.884376108 ], [ 141.042781946, 42.884665 ], [ 141.042041673, 42.884858892 ], [ 141.041689442, 42.884940279 ], [ 141.041666666999987, 42.884943532 ], [ 141.041116394, 42.885021667 ], [ 141.040267497, 42.885161387 ], [ 141.039712775999988, 42.885287775 ], [ 141.03951, 42.885369441 ], [ 141.039413606000011, 42.885545279 ], [ 141.039106667, 42.886362225 ], [ 141.03903, 42.88652 ], [ 141.038862776, 42.887075279 ], [ 141.038727224000013, 42.887490559 ], [ 141.038542218, 42.887666667 ], [ 141.038343891000011, 42.887865 ], [ 141.038195006, 42.888018333 ], [ 141.038113606, 42.888221387 ], [ 141.038117782, 42.888934721 ], [ 141.038131388000011, 42.889228054 ], [ 141.038036667, 42.889602775 ], [ 141.037977782000013, 42.889747225 ], [ 141.03792834, 42.890036108 ], [ 141.03778834, 42.890374721 ], [ 141.03754917, 42.890961387 ], [ 141.037489169999986, 42.891154171 ], [ 141.037463333, 42.891236667 ], [ 141.037458885, 42.891502775 ], [ 141.037488975, 42.891666667 ], [ 141.037562503, 42.892067225 ], [ 141.03768, 42.892581667 ], [ 141.037996109, 42.893191108 ], [ 141.03804555100001, 42.893398892 ], [ 141.038018612, 42.893565559 ], [ 141.037878611999986, 42.893728054 ], [ 141.037698054, 42.893917505 ], [ 141.037480362999986, 42.894179775 ], [ 141.037476938999987, 42.894183892 ], [ 141.037296394, 42.894459171 ], [ 141.037201673, 42.894671387 ], [ 141.037156394, 42.894901667 ], [ 141.03712027200001, 42.895140838 ], [ 141.037043606, 42.895497505 ], [ 141.036547224, 42.895610279 ], [ 141.03574805400001, 42.895718333 ], [ 141.034635279000014, 42.895865 ], [ 141.0345, 42.895896387 ], [ 141.034432218, 42.896022775 ], [ 141.034436667, 42.896171946 ], [ 141.034468339999989, 42.896483333 ], [ 141.034481672999988, 42.896984441 ], [ 141.03445, 42.897250838 ], [ 141.034301115, 42.897625279 ], [ 141.03421083, 42.897859721 ], [ 141.034215550999988, 42.897963613 ], [ 141.034246394, 42.898136667 ], [ 141.034260558, 42.898216387 ], [ 141.034341946000012, 42.898455559 ], [ 141.034432218, 42.898726387 ], [ 141.034495279, 42.899227505 ], [ 141.034499727999986, 42.899611108 ], [ 141.034424553, 42.9 ], [ 141.034418612, 42.900030838 ], [ 141.034343281, 42.900406694 ], [ 141.034273891, 42.900752775 ], [ 141.034291946, 42.901109441 ], [ 141.034391387999989, 42.901434441 ], [ 141.034535551, 42.901773054 ], [ 141.034734163, 42.902098054 ], [ 141.034865006, 42.902468054 ], [ 141.034905837, 42.902766108 ], [ 141.034820272, 42.902919721 ], [ 141.034228612, 42.903663892 ], [ 141.033998340000011, 42.903930279 ], [ 141.033903891, 42.904111108 ], [ 141.033845279, 42.904314171 ], [ 141.033831673, 42.904426946 ], [ 141.033890272, 42.904738333 ], [ 141.03405277600001, 42.905329721 ], [ 141.034088884999989, 42.905812505 ], [ 141.034034721000012, 42.906060838 ], [ 141.033881115000014, 42.906322505 ], [ 141.033533891, 42.906631946 ], [ 141.033465837, 42.906692505 ], [ 141.033333333, 42.906811505 ], [ 141.033113891, 42.907008613 ], [ 141.032694163, 42.907383333 ], [ 141.032355551, 42.9076 ], [ 141.032138885, 42.907803054 ], [ 141.031863606, 42.908073613 ], [ 141.031653165, 42.908333333 ], [ 141.031556394, 42.908452775 ], [ 141.031226939, 42.908822775 ], [ 141.031073333, 42.908976387 ], [ 141.030946938999989, 42.909030559 ], [ 141.030712218, 42.909057505 ], [ 141.029805278999987, 42.909039441 ], [ 141.029480272, 42.909089171 ], [ 141.029222776000012, 42.909183892 ], [ 141.028974721, 42.909369171 ], [ 141.028712776, 42.909703054 ], [ 141.028500558, 42.910028054 ], [ 141.027976939000013, 42.910840279 ], [ 141.027814449, 42.911138333 ], [ 141.027417496999988, 42.911896387 ], [ 141.027263891, 42.912099441 ], [ 141.027051672999988, 42.912410838 ], [ 141.02688917, 42.912704171 ], [ 141.026821673, 42.91293 ], [ 141.026816939000014, 42.913051108 ], [ 141.026812503, 42.913164721 ], [ 141.026853061, 42.913331667 ], [ 141.026947782, 42.913634171 ], [ 141.027078612, 42.913846108 ], [ 141.027178054, 42.913972505 ], [ 141.027606939, 42.914369721 ], [ 141.0279, 42.914604441 ], [ 141.028115058, 42.914727748 ], [ 141.028301672999987, 42.914834721 ], [ 141.029222503, 42.915223054 ], [ 141.029443606, 42.915344721 ], [ 141.029628885, 42.915421667 ], [ 141.029863606, 42.91553 ], [ 141.030057782, 42.915597775 ], [ 141.030820557999988, 42.915936108 ], [ 141.031055006, 42.916089721 ], [ 141.031271673, 42.91618 ], [ 141.031474721, 42.916279171 ], [ 141.031678054, 42.916383054 ], [ 141.032183606, 42.916640279 ], [ 141.032223112999986, 42.916666667 ], [ 141.032359442, 42.916757775 ], [ 141.032594163, 42.916942775 ], [ 141.032815279, 42.917078054 ], [ 141.032973333, 42.917218054 ], [ 141.033167497, 42.917313054 ], [ 141.033333333, 42.917432586 ], [ 141.033587224, 42.917615559 ], [ 141.033758612000014, 42.917818613 ], [ 141.033862218, 42.917985559 ], [ 141.034151388, 42.918495559 ], [ 141.034088054, 42.919117505 ], [ 141.034046394, 42.919540838 ], [ 141.034105006, 42.919852225 ], [ 141.034285551000011, 42.920339721 ], [ 141.034660272, 42.921355279 ], [ 141.035016667, 42.922063892 ], [ 141.035400272, 42.922821946 ], [ 141.035626109, 42.923174171 ], [ 141.036113605999986, 42.924085838 ], [ 141.036537497000012, 42.924835279 ], [ 141.036666860999986, 42.925 ], [ 141.036966394, 42.925381387 ], [ 141.037309442, 42.925932225 ], [ 141.037706667, 42.926428333 ], [ 141.038018054, 42.926811946 ], [ 141.038311505, 42.927089973 ], [ 141.038488612, 42.927257775 ], [ 141.038613606000013, 42.927376387 ], [ 141.038997224000013, 42.927696946 ], [ 141.039345006, 42.928098613 ], [ 141.039588611999989, 42.928396387 ], [ 141.03977805400001, 42.928739441 ], [ 141.040084721, 42.929389441 ], [ 141.040328612, 42.929895 ], [ 141.040563606, 42.930219441 ], [ 141.040672776, 42.930453892 ], [ 141.040951388, 42.931231108 ], [ 141.041053061000014, 42.931589441 ], [ 141.041249169999986, 42.932458613 ], [ 141.041391388, 42.933261108 ], [ 141.041412049, 42.933333333 ], [ 141.041506109000011, 42.933661946 ], [ 141.041516394000013, 42.933781946 ], [ 141.041594721, 42.933917225 ], [ 141.041666666999987, 42.934082865 ], [ 141.041863060999987, 42.934535 ], [ 141.041993995000013, 42.934840306 ], [ 141.042188054, 42.935292775 ], [ 141.042351115, 42.935572225 ], [ 141.04253083, 42.935879721 ], [ 141.042792502999987, 42.936412505 ], [ 141.042941673, 42.936579171 ], [ 141.043122218, 42.936764171 ], [ 141.043442776, 42.936976387 ], [ 141.044133061, 42.937382775 ], [ 141.04465221800001, 42.937621946 ], [ 141.045117224, 42.937847505 ], [ 141.045455551, 42.938019441 ], [ 141.045748885, 42.938226946 ], [ 141.045952218, 42.938416667 ], [ 141.046105278999988, 42.938682775 ], [ 141.046249728, 42.938975838 ], [ 141.046434721, 42.939273613 ], [ 141.046547497, 42.939495 ], [ 141.046737224, 42.939671108 ], [ 141.046931115, 42.939788613 ], [ 141.047206667000012, 42.939915 ], [ 141.047676109, 42.940072775 ], [ 141.047820699999988, 42.940123946 ], [ 141.04805944200001, 42.940208333 ], [ 141.048235551, 42.940433892 ], [ 141.048375279, 42.940786108 ], [ 141.048546939, 42.941562505 ], [ 141.048563385, 42.941666667 ], [ 141.048601115, 42.941905559 ], [ 141.048578612, 42.942131108 ], [ 141.048525837, 42.942315279 ], [ 141.048524449000013, 42.942320279 ], [ 141.048533333, 42.942528054 ], [ 141.048718611999988, 42.942780838 ], [ 141.049097224, 42.943263892 ], [ 141.04916500600001, 42.943458054 ], [ 141.049417782, 42.943891387 ], [ 141.049711388, 42.944266108 ], [ 141.05, 42.944578279 ], [ 141.050433333, 42.945046946 ], [ 141.051069727999987, 42.945773054 ], [ 141.051205278999987, 42.946084721 ], [ 141.051277497, 42.946432225 ], [ 141.051358612, 42.946996667 ], [ 141.051448885000013, 42.947267505 ], [ 141.05156138800001, 42.947745838 ], [ 141.05177805400001, 42.948801667 ], [ 141.051931673000013, 42.949406667 ], [ 141.05203083, 42.94984 ], [ 141.052077276, 42.95 ], [ 141.052193333, 42.950399721 ], [ 141.052256938999989, 42.950611387 ], [ 141.052491115, 42.951392505 ], [ 141.052703333000011, 42.952119171 ], [ 141.052771115000013, 42.952493892 ], [ 141.05274834, 42.952588613 ], [ 141.052125550999989, 42.95253 ], [ 141.050893333, 42.952615559 ], [ 141.05, 42.952755387 ], [ 141.049855279000013, 42.952778054 ], [ 141.04810834, 42.952999171 ], [ 141.047462776, 42.953089441 ], [ 141.047155837, 42.953202505 ], [ 141.046908054, 42.953310559 ], [ 141.04674083, 42.953418892 ], [ 141.046415837000012, 42.953640279 ], [ 141.045774720999987, 42.954176946 ], [ 141.045616939000013, 42.954366387 ], [ 141.04549500600001, 42.954513054 ], [ 141.045287224, 42.954678054 ], [ 141.045093060999989, 42.954846387 ], [ 141.04488111500001, 42.955030279 ], [ 141.044696109, 42.955265 ], [ 141.044583333, 42.955526667 ], [ 141.044443333, 42.955783892 ], [ 141.044316939, 42.955950559 ], [ 141.044050558, 42.956144721 ], [ 141.043689728, 42.956266667 ], [ 141.043373605999989, 42.956370279 ], [ 141.04312083, 42.956415559 ], [ 141.042863606, 42.956442505 ], [ 141.04269444900001, 42.956443613 ], [ 141.042327224, 42.956445838 ], [ 141.042061388, 42.956560559 ], [ 141.041785551, 42.956659441 ], [ 141.041666666999987, 42.956741532 ], [ 141.041622217999986, 42.956772225 ], [ 141.041464163, 42.957119721 ], [ 141.041283606, 42.957313892 ], [ 141.040994721, 42.957471667 ], [ 141.040845837, 42.957588892 ], [ 141.040638054, 42.957873333 ], [ 141.040466667, 42.958049441 ], [ 141.040257782, 42.958112775 ], [ 141.039947497000014, 42.958207225 ], [ 141.039443217000013, 42.958333333 ], [ 141.039098884999987, 42.958419441 ], [ 141.038900558, 42.958423892 ], [ 141.038602776, 42.958347225 ], [ 141.038549948, 42.958333333 ], [ 141.038173891000014, 42.958234441 ], [ 141.037880558000012, 42.958202775 ], [ 141.037555551, 42.958247775 ], [ 141.03705608300001, 42.958333333 ], [ 141.03705444900001, 42.958333613 ], [ 141.036073333, 42.958525838 ], [ 141.035971115, 42.958545838 ], [ 141.035018885, 42.958735279 ], [ 141.034721115, 42.958771387 ], [ 141.034396109, 42.958857225 ], [ 141.034197497, 42.958911667 ], [ 141.034021388000014, 42.959024171 ], [ 141.033745837, 42.959335559 ], [ 141.033596939, 42.959520559 ], [ 141.03343888500001, 42.959683054 ], [ 141.033333333, 42.959819306 ], [ 141.033312776, 42.959845838 ], [ 141.03315917, 42.959981108 ], [ 141.032838885, 42.960125559 ], [ 141.032500272, 42.960247225 ], [ 141.032166109, 42.960355559 ], [ 141.031908885, 42.960436667 ], [ 141.031254448999988, 42.960581108 ], [ 141.030284163, 42.960919441 ], [ 141.030035837000014, 42.960996387 ], [ 141.02982834, 42.961095559 ], [ 141.029453606, 42.961343892 ], [ 141.029092502999987, 42.961538054 ], [ 141.028600558, 42.961740838 ], [ 141.028365837, 42.961822225 ], [ 141.028076938999988, 42.961831387 ], [ 141.027729169999986, 42.961781667 ], [ 141.027413333, 42.961691387 ], [ 141.02679917, 42.961420559 ], [ 141.026461114999989, 42.961366387 ], [ 141.026360829999987, 42.961340559 ], [ 141.026199170000012, 42.961298613 ], [ 141.025883333, 42.961271387 ], [ 141.025531388, 42.961288613 ], [ 141.025242502999987, 42.961352775 ], [ 141.025016666999989, 42.96143 ], [ 141.025, 42.961437135 ], [ 141.024755006, 42.961542225 ], [ 141.02458333300001, 42.961646108 ], [ 141.024389442, 42.961799441 ], [ 141.024208885, 42.961971108 ], [ 141.023965006, 42.962282505 ], [ 141.023635551000012, 42.962634441 ], [ 141.023233606, 42.963189721 ], [ 141.02294917, 42.963496667 ], [ 141.02267834, 42.963690559 ], [ 141.02237138800001, 42.963943333 ], [ 141.022163891, 42.964060838 ], [ 141.021766667, 42.964273054 ], [ 141.021247497, 42.964516667 ], [ 141.020994721, 42.964656387 ], [ 141.020814163000011, 42.964782775 ], [ 141.020588612000012, 42.964895559 ], [ 141.020123891, 42.965085 ], [ 141.019622776, 42.965197775 ], [ 141.018995279, 42.965283613 ], [ 141.018344163, 42.965340279 ], [ 141.017641115, 42.965428054 ], [ 141.017244162999987, 42.965486387 ], [ 141.016779442, 42.965554441 ], [ 141.01666666700001, 42.965569973 ], [ 141.01641834, 42.965604171 ], [ 141.01603917, 42.965608613 ], [ 141.015592218, 42.965554441 ], [ 141.015330557999988, 42.965541108 ], [ 141.015081388, 42.965550838 ], [ 141.01476167300001, 42.965518054 ], [ 141.014391673, 42.965463892 ], [ 141.013904163, 42.965436946 ], [ 141.01361083, 42.965441387 ], [ 141.013376109, 42.965531667 ], [ 141.013155006, 42.965603892 ], [ 141.01289778200001, 42.965689721 ], [ 141.012518340000014, 42.965843333 ], [ 141.012234162999988, 42.965965 ], [ 141.012035551, 42.966132225 ], [ 141.011836939, 42.966380279 ], [ 141.011640441, 42.966666667 ], [ 141.011462218, 42.966926387 ], [ 141.011046939000011, 42.967603333 ], [ 141.011011997, 42.967700306 ], [ 141.010866394, 42.968104441 ], [ 141.010771673, 42.968424721 ], [ 141.010690272, 42.968849171 ], [ 141.010667782000013, 42.969277775 ], [ 141.010676939, 42.969665838 ], [ 141.010631673, 42.969972775 ], [ 141.010523333, 42.970306946 ], [ 141.010433060999986, 42.970422225 ], [ 141.01036083, 42.970514441 ], [ 141.010185006, 42.970654441 ], [ 141.009986394, 42.970758054 ], [ 141.009710829999989, 42.970898054 ], [ 141.008578054, 42.971250279 ], [ 141.008333333, 42.971371108 ], [ 141.00822138800001, 42.971426387 ], [ 141.008063333, 42.971539171 ], [ 141.00801834, 42.971715 ], [ 141.007873891, 42.972256667 ], [ 141.007860271999988, 42.972541108 ], [ 141.00786917, 42.972870559 ], [ 141.008004721, 42.973344441 ], [ 141.008126667, 42.973601667 ], [ 141.008333333, 42.973834802 ], [ 141.00841083, 42.973922225 ], [ 141.008564449, 42.974071108 ], [ 141.008591388000013, 42.974269721 ], [ 141.008496667, 42.974490838 ], [ 141.008333333, 42.974683279 ], [ 141.008320558, 42.974698333 ], [ 141.008072218, 42.974905838 ], [ 141.007965227, 42.975 ], [ 141.007810557999989, 42.975136108 ], [ 141.007656938999986, 42.975285 ], [ 141.007508054, 42.975492775 ], [ 141.007232776, 42.975921387 ], [ 141.007205551, 42.976156108 ], [ 141.007219728, 42.976344171 ], [ 141.007291388, 42.976517225 ], [ 141.007399728, 42.976734171 ], [ 141.007431387999986, 42.977054171 ], [ 141.00739083, 42.977361108 ], [ 141.007232776, 42.977618613 ], [ 141.007173061, 42.977691108 ], [ 141.006745279, 42.978209721 ], [ 141.006433891, 42.978534721 ], [ 141.006356939, 42.978629721 ], [ 141.006135836999988, 42.978724441 ], [ 141.005503890999989, 42.978760559 ], [ 141.004962218, 42.978747225 ], [ 141.004560558, 42.978733613 ], [ 141.004267223999989, 42.978692775 ], [ 141.003730272000013, 42.978494171 ], [ 141.003396109, 42.978408333 ], [ 141.002944721, 42.978371946 ], [ 141.002150272, 42.978358333 ], [ 141.001500558, 42.978304171 ], [ 141.001216109000012, 42.978317775 ], [ 141.000931673, 42.978371946 ], [ 141.000408054, 42.978557225 ], [ 141.00007, 42.978656387 ], [ 141.000051946000013, 42.978755838 ], [ 141.000047224000014, 42.979022225 ], [ 141.000087782, 42.979288333 ], [ 141.000196109, 42.979595279 ], [ 141.000778340000011, 42.980597225 ], [ 141.001044721, 42.981088054 ], [ 141.001067224, 42.981129721 ], [ 141.001141946, 42.981338054 ], [ 141.00118917, 42.981590279 ], [ 141.001292776000014, 42.982181387 ], [ 141.001297497, 42.982511108 ], [ 141.001238612, 42.982664441 ], [ 141.001103333, 42.982808892 ], [ 141.000746666999987, 42.983025838 ], [ 141.000507497, 42.983178892 ], [ 141.000304449, 42.983237505 ], [ 141.000137328, 42.983333333 ], [ 141.0, 42.983412081 ], [ 140.999965837, 42.983431667 ], [ 140.999684721, 42.983587775 ], [ 140.999372218, 42.983835279 ], [ 140.999247223999987, 42.983968054 ], [ 140.999137782, 42.984129171 ], [ 140.999062775999988, 42.984298333 ], [ 140.998934721000012, 42.984587505 ], [ 140.998575279, 42.985160559 ], [ 140.998381115, 42.985620559 ], [ 140.998173606, 42.986148613 ], [ 140.99788917, 42.986699171 ], [ 140.997717782, 42.987073892 ], [ 140.997622775999986, 42.987579441 ], [ 140.997564163, 42.988211108 ], [ 140.997645551, 42.988712225 ], [ 140.997695279, 42.989515838 ], [ 140.997818612, 42.990274441 ], [ 140.997785279, 42.990454721 ], [ 140.997631673, 42.990594721 ], [ 140.997406394, 42.990738892 ], [ 140.997153606000012, 42.99082 ], [ 140.996963891, 42.990856108 ], [ 140.996346394, 42.990864171 ], [ 140.995941945999988, 42.991056108 ], [ 140.995298885000011, 42.991498892 ], [ 140.995021414, 42.991666667 ], [ 140.994812802000013, 42.991792802 ], [ 140.994520271999988, 42.991973054 ], [ 140.994419442, 42.992086946 ], [ 140.994343061, 42.992173333 ], [ 140.994069728, 42.992527225 ], [ 140.993645279, 42.992918054 ], [ 140.99330917, 42.993233054 ], [ 140.99315834, 42.993430838 ], [ 140.993061946000012, 42.993688613 ], [ 140.992991673, 42.994019171 ], [ 140.99286917, 42.994568613 ], [ 140.992879728, 42.994688333 ], [ 140.99292917, 42.994766667 ], [ 140.993059442, 42.994878613 ], [ 140.993267782, 42.995011108 ], [ 140.99367917, 42.995284721 ], [ 140.994233333000011, 42.995886387 ], [ 140.994585279, 42.996261387 ], [ 140.994923605999986, 42.996750838 ], [ 140.995238612, 42.997263892 ], [ 140.995410558, 42.997618054 ], [ 140.995499169999988, 42.997907225 ], [ 140.995509728, 42.998156946 ], [ 140.995452218, 42.998617775 ], [ 140.99543917, 42.998880838 ], [ 140.99547, 42.999031946 ], [ 140.995600272, 42.999203892 ], [ 140.99578, 42.999355 ], [ 140.996345837, 42.999687505 ], [ 140.99677834, 42.999825 ], [ 140.997351388, 42.999987505 ], [ 140.997383281, 43.0 ], [ 140.997938054, 43.000217505 ], [ 140.998705551, 43.000565279 ], [ 140.999138885, 43.000732225 ], [ 140.998998885, 43.000953613 ], [ 140.998795836999989, 43.001278613 ], [ 140.998786667, 43.001630559 ], [ 140.998922218, 43.001950838 ], [ 140.999166108999987, 43.002441108 ], [ 140.999272776, 43.002599171 ], [ 140.999439169999988, 43.002755279 ], [ 140.999525279000011, 43.002954171 ], [ 140.999526835000012, 43.002957973 ], [ 140.999632776, 43.003218054 ], [ 140.999718885, 43.003578613 ], [ 140.999788884999987, 43.003928333 ], [ 140.999788884999987, 43.004175838 ], [ 140.999735279, 43.004563333 ], [ 140.999678807, 43.004943252 ], [ 140.999632776, 43.005252225 ], [ 140.999536109, 43.005537225 ], [ 140.999401673, 43.006027225 ], [ 140.999347782, 43.006306946 ], [ 140.999336938999988, 43.006457505 ], [ 140.999347782, 43.006662225 ], [ 140.999374721, 43.006855559 ], [ 140.999347497, 43.00713 ], [ 140.999304449, 43.007431387 ], [ 140.999288611999987, 43.007651946 ], [ 140.999331673, 43.007845838 ], [ 140.999385550999989, 43.008039441 ], [ 140.999401673, 43.008238613 ], [ 140.999421479, 43.008333333 ], [ 140.999465837, 43.008545559 ], [ 140.999516109000012, 43.008770838 ], [ 140.999541388000011, 43.008884441 ], [ 140.999589727999989, 43.009121387 ], [ 140.999611388, 43.009390279 ], [ 140.999589727999989, 43.009610838 ], [ 140.999439169999988, 43.009869171 ], [ 140.999385279, 43.010068333 ], [ 140.999385279, 43.010272775 ], [ 140.999444449, 43.010509721 ], [ 140.999514449, 43.010665559 ], [ 140.999578885, 43.010859441 ], [ 140.999627224, 43.011160838 ], [ 140.999751115, 43.011575279 ], [ 140.999831946, 43.011768892 ], [ 140.999858612, 43.011984171 ], [ 140.999901946, 43.012258613 ], [ 140.999961115, 43.012538613 ], [ 140.999998885, 43.012748333 ], [ 140.999939442, 43.012974171 ], [ 140.999864163000012, 43.013286387 ], [ 140.999772775999986, 43.013690279 ], [ 140.999428054, 43.014378613 ], [ 140.999201946, 43.014604721 ], [ 140.998943606000012, 43.014701667 ], [ 140.99862083, 43.01482 ], [ 140.998459442000012, 43.014981387 ], [ 140.998383891, 43.015164441 ], [ 140.99824416300001, 43.015358333 ], [ 140.997953333, 43.015584171 ], [ 140.997662776, 43.015767225 ], [ 140.99721083, 43.015993054 ], [ 140.996898612, 43.016122225 ], [ 140.996608054, 43.016186667 ], [ 140.996345006000013, 43.016211108 ], [ 140.99543055800001, 43.016427775 ], [ 140.995075006, 43.016494441 ], [ 140.994608612, 43.016588892 ], [ 140.994380143, 43.016666667 ], [ 140.994347497, 43.016677775 ], [ 140.993891946, 43.016855559 ], [ 140.993669727999986, 43.016938892 ], [ 140.993403061, 43.017116387 ], [ 140.993303061, 43.017244171 ], [ 140.993208611999989, 43.017521946 ], [ 140.993169728, 43.017771946 ], [ 140.993036394, 43.018188613 ], [ 140.992836394, 43.018638613 ], [ 140.992747497000011, 43.018899721 ], [ 140.992564163, 43.019205 ], [ 140.992436394, 43.019538333 ], [ 140.992314163, 43.019716108 ], [ 140.992164163000012, 43.020021667 ], [ 140.992025006, 43.020399441 ], [ 140.991947224, 43.020727225 ], [ 140.991930558, 43.021005 ], [ 140.991869442, 43.021221667 ], [ 140.991752776, 43.021526946 ], [ 140.991697224, 43.021765838 ], [ 140.991666667, 43.021826946 ], [ 140.991652776, 43.021854721 ], [ 140.991569442000014, 43.021938054 ], [ 140.990869442, 43.022515838 ], [ 140.990591673000011, 43.022793613 ], [ 140.990519442, 43.022899171 ], [ 140.990508054, 43.022952775 ], [ 140.990502776, 43.022976946 ], [ 140.990541673, 43.023088054 ], [ 140.99080834, 43.023332505 ], [ 140.99115834, 43.023565838 ], [ 140.991663891, 43.023837775 ], [ 140.991666667, 43.023839387 ], [ 140.992519442, 43.024332225 ], [ 140.993074721, 43.024687775 ], [ 140.99352131, 43.025 ], [ 140.993702503, 43.025126667 ], [ 140.994058054, 43.025332225 ], [ 140.994391388, 43.025521108 ], [ 140.994580272, 43.025582225 ], [ 140.994730272, 43.025598892 ], [ 140.994963606, 43.025604441 ], [ 140.99551917, 43.025593333 ], [ 140.995908054000012, 43.025504441 ], [ 140.996344721000014, 43.025398892 ], [ 140.996841673, 43.025383333 ], [ 140.997156394, 43.025361946 ], [ 140.997581673000013, 43.025340279 ], [ 140.998026135, 43.025365946 ], [ 140.998334332000013, 43.025383865 ], [ 140.998515551, 43.025394441 ], [ 140.998835551000013, 43.025443054 ], [ 140.999077782, 43.025475279 ], [ 140.99930917, 43.025582775 ], [ 140.999535279000014, 43.025738892 ], [ 140.999753061, 43.025927225 ], [ 140.999925279, 43.02611 ], [ 141.0, 43.026186225 ], [ 141.000062503, 43.02625 ], [ 141.000170272, 43.026422225 ], [ 141.000312503, 43.026685838 ], [ 141.000484721, 43.026906387 ], [ 141.000678612, 43.027078613 ], [ 141.000891115, 43.027218613 ], [ 141.001063333, 43.027396387 ], [ 141.001278612, 43.027557775 ], [ 141.001453606000013, 43.027676108 ], [ 141.001711946, 43.027843054 ], [ 141.00192194600001, 43.028020559 ], [ 141.002193606, 43.028219721 ], [ 141.002408612000011, 43.028397505 ], [ 141.00258083, 43.028542775 ], [ 141.002841946, 43.028709441 ], [ 141.003283333000013, 43.028897775 ], [ 141.003443606, 43.028939171 ], [ 141.003678885, 43.029 ], [ 141.004093332999986, 43.029086108 ], [ 141.00434083, 43.029156108 ], [ 141.004639442000013, 43.029236946 ], [ 141.004967782, 43.029366108 ], [ 141.00514, 43.029479171 ], [ 141.005301388, 43.029608333 ], [ 141.00554083, 43.029775 ], [ 141.00585834, 43.029968613 ], [ 141.006165006, 43.030151667 ], [ 141.006377496999988, 43.030291387 ], [ 141.006544163, 43.030431387 ], [ 141.006754163000011, 43.030581946 ], [ 141.006937224000012, 43.030673333 ], [ 141.007278885, 43.030829721 ], [ 141.007537224, 43.030915838 ], [ 141.007790272, 43.031050559 ], [ 141.008035279000012, 43.031228054 ], [ 141.008244721000011, 43.031427225 ], [ 141.008333333, 43.031492306 ], [ 141.008427782000012, 43.031561667 ], [ 141.008775006, 43.031846946 ], [ 141.009022503000011, 43.032056946 ], [ 141.009167782, 43.032186108 ], [ 141.009337224, 43.032347505 ], [ 141.009498885, 43.032525 ], [ 141.009644163, 43.032665 ], [ 141.009827224, 43.032783333 ], [ 141.010152776000012, 43.032966108 ], [ 141.010473061, 43.033127775 ], [ 141.010755550999988, 43.033283892 ], [ 141.010854578, 43.033333333 ], [ 141.01097083, 43.033391387 ], [ 141.011191115, 43.033450838 ], [ 141.011368612000012, 43.033456108 ], [ 141.011495279, 43.033488333 ], [ 141.011869442, 43.033644441 ], [ 141.012195006000013, 43.033762775 ], [ 141.012426393999988, 43.033832775 ], [ 141.012484449, 43.033839171 ], [ 141.012617224, 43.033854171 ], [ 141.012886394, 43.033875838 ], [ 141.013112503, 43.033821946 ], [ 141.013295279, 43.033730559 ], [ 141.01356194600001, 43.033553054 ], [ 141.013917224000011, 43.033343054 ], [ 141.01393345, 43.033333333 ], [ 141.014366667, 43.033073892 ], [ 141.014832218, 43.032907225 ], [ 141.01523834, 43.032756387 ], [ 141.015566667, 43.032703054 ], [ 141.015741673, 43.032654441 ], [ 141.015994162999988, 43.032606108 ], [ 141.016072826999988, 43.032592225 ], [ 141.016422218, 43.032530559 ], [ 141.01666666700001, 43.032478865 ], [ 141.016701946000012, 43.032471387 ], [ 141.017054449, 43.032396108 ], [ 141.017291388, 43.032369171 ], [ 141.017533606, 43.032347775 ], [ 141.017724449000013, 43.032299171 ], [ 141.018195551, 43.032234721 ], [ 141.018518612, 43.032229171 ], [ 141.018827781999988, 43.032283054 ], [ 141.019107497, 43.032342225 ], [ 141.019317497, 43.032444441 ], [ 141.019519441999989, 43.032557505 ], [ 141.01978834, 43.032643613 ], [ 141.020224163, 43.032810279 ], [ 141.020493061, 43.032928892 ], [ 141.020791946, 43.033138613 ], [ 141.021101673, 43.033332505 ], [ 141.021102918, 43.033333333 ], [ 141.021397497, 43.033531667 ], [ 141.021623606, 43.033725279 ], [ 141.021992218, 43.033978333 ], [ 141.022315006000014, 43.034204441 ], [ 141.022522218, 43.034349721 ], [ 141.022828885, 43.034565 ], [ 141.023116667000011, 43.034748054 ], [ 141.023321388, 43.034861108 ], [ 141.023558054, 43.034968613 ], [ 141.023770558, 43.035038613 ], [ 141.024473061, 43.035302225 ], [ 141.02481917, 43.035440279 ], [ 141.025, 43.035512306 ], [ 141.025148339999987, 43.035571387 ], [ 141.02554917, 43.035770559 ], [ 141.025823605999989, 43.035932225 ], [ 141.026055006, 43.036104441 ], [ 141.026391388, 43.036421667 ], [ 141.026478884999989, 43.036519721 ], [ 141.02677083, 43.036846667 ], [ 141.026953891, 43.037035279 ], [ 141.027128612000013, 43.037260838 ], [ 141.027338612, 43.037583892 ], [ 141.02755083, 43.037885279 ], [ 141.027774163, 43.038132775 ], [ 141.028048612, 43.038407225 ], [ 141.02822083, 43.038541946 ], [ 141.028525006, 43.038805838 ], [ 141.02882917, 43.039064171 ], [ 141.029106394, 43.039295559 ], [ 141.029305279, 43.039478613 ], [ 141.029378054, 43.039645279 ], [ 141.029415836999988, 43.039860559 ], [ 141.029458885, 43.039995 ], [ 141.029545006, 43.040124171 ], [ 141.029767782, 43.040393333 ], [ 141.029836394, 43.040468892 ], [ 141.029958885000013, 43.040603054 ], [ 141.030115005999988, 43.04077 ], [ 141.030271115, 43.040915279 ], [ 141.030470272, 43.041049721 ], [ 141.030731388, 43.041173333 ], [ 141.030941388, 43.041281108 ], [ 141.031188885, 43.041394171 ], [ 141.031374449, 43.041491108 ], [ 141.031498054, 43.041598613 ], [ 141.03154275, 43.041666667 ], [ 141.031600558, 43.041754721 ], [ 141.031729727999988, 43.041953892 ], [ 141.031880272, 43.042228333 ], [ 141.03203917, 43.042422225 ], [ 141.032257224, 43.042588892 ], [ 141.03244, 43.042728892 ], [ 141.03269834, 43.042863333 ], [ 141.032978054000012, 43.043003333 ], [ 141.033333333, 43.043074 ], [ 141.033491946, 43.043105559 ], [ 141.033765550999988, 43.043163613 ], [ 141.034103061, 43.043235 ], [ 141.03473, 43.043326108 ], [ 141.035085006, 43.043374721 ], [ 141.035316394, 43.043406946 ], [ 141.035684721, 43.043433892 ], [ 141.036155837, 43.043460838 ], [ 141.036629442, 43.04352 ], [ 141.037019728, 43.043579171 ], [ 141.037218612, 43.043676108 ], [ 141.037342503, 43.043767775 ], [ 141.037401673, 43.043907505 ], [ 141.037522776, 43.044208892 ], [ 141.037576667, 43.044413333 ], [ 141.037643890999988, 43.044736387 ], [ 141.037697782, 43.044973333 ], [ 141.037778339999988, 43.045183054 ], [ 141.03786138800001, 43.045371108 ], [ 141.037878054, 43.045409171 ], [ 141.037958612000011, 43.045603054 ], [ 141.038017782, 43.045812775 ], [ 141.038154721000012, 43.046173333 ], [ 141.038281388, 43.046501387 ], [ 141.038383606, 43.046651946 ], [ 141.038523333, 43.046775838 ], [ 141.038695550999989, 43.046894171 ], [ 141.038857224, 43.047066387 ], [ 141.039172218, 43.047255 ], [ 141.039565006, 43.047496946 ], [ 141.039793605999989, 43.047588333 ], [ 141.039971114999986, 43.047717505 ], [ 141.040132776, 43.047782225 ], [ 141.040452776, 43.048035279 ], [ 141.040695006, 43.048196667 ], [ 141.040996394, 43.048379721 ], [ 141.041257224, 43.048578892 ], [ 141.041666666999987, 43.048892414 ], [ 141.041728054, 43.048939441 ], [ 141.042115551, 43.049224721 ], [ 141.042414449, 43.049402225 ], [ 141.042672775999989, 43.049558333 ], [ 141.04293610900001, 43.049708892 ], [ 141.043304033999988, 43.05 ], [ 141.043412503000013, 43.050085838 ], [ 141.043711388, 43.050354721 ], [ 141.044018054, 43.050580838 ], [ 141.044187497, 43.050753054 ], [ 141.044548053999989, 43.051065 ], [ 141.044723061000013, 43.051248054 ], [ 141.044895279, 43.051436387 ], [ 141.044973061, 43.051613892 ], [ 141.044994721, 43.051780559 ], [ 141.044985837000013, 43.051906387 ], [ 141.044981388, 43.051969171 ], [ 141.044930271999988, 43.052458892 ], [ 141.044919442, 43.052738613 ], [ 141.04487360600001, 43.052970279 ], [ 141.044787496999987, 43.053223054 ], [ 141.044655551, 43.053793054 ], [ 141.044593606, 43.054121667 ], [ 141.044502218, 43.054412225 ], [ 141.044451114999987, 43.054724441 ], [ 141.044408054, 43.055015 ], [ 141.04441055800001, 43.055284171 ], [ 141.044367497, 43.055601387 ], [ 141.044362218, 43.055816667 ], [ 141.044397224, 43.056037505 ], [ 141.044464449, 43.056419171 ], [ 141.04451834, 43.056688333 ], [ 141.044536939000011, 43.056925279 ], [ 141.044553060999988, 43.057248333 ], [ 141.044577497, 43.057560279 ], [ 141.044604449, 43.057866667 ], [ 141.044666393999989, 43.058082225 ], [ 141.044714721, 43.058259721 ], [ 141.044729389999986, 43.058333333 ], [ 141.044746939, 43.058421387 ], [ 141.044746939, 43.058631108 ], [ 141.044787224, 43.058964721 ], [ 141.044811388, 43.059244441 ], [ 141.044816667, 43.059529721 ], [ 141.044816667, 43.059777505 ], [ 141.044851946, 43.059981946 ], [ 141.044935006, 43.060444721 ], [ 141.045005006, 43.060840279 ], [ 141.045037224, 43.061041946 ], [ 141.045045550999987, 43.061230279 ], [ 141.045136939, 43.061418613 ], [ 141.045371115, 43.061682505 ], [ 141.045489442, 43.061843892 ], [ 141.045602503, 43.062043054 ], [ 141.045680557999987, 43.062209721 ], [ 141.045798885000011, 43.062398054 ], [ 141.045938885, 43.062591946 ], [ 141.046102502999986, 43.062925279 ], [ 141.046185837, 43.063124721 ], [ 141.046282776, 43.063323613 ], [ 141.046411946, 43.063517505 ], [ 141.046659442, 43.063894171 ], [ 141.046848054, 43.064206108 ], [ 141.046993332999989, 43.064480559 ], [ 141.047133333, 43.064695838 ], [ 141.047388612, 43.064927505 ], [ 141.047544721, 43.065094171 ], [ 141.047719441999988, 43.065352505 ], [ 141.047854163000011, 43.065546108 ], [ 141.048026394, 43.065798892 ], [ 141.048400272, 43.066186667 ], [ 141.048698885, 43.066423333 ], [ 141.048849728, 43.066563333 ], [ 141.049011115000013, 43.06666 ], [ 141.049020506, 43.066666667 ], [ 141.049178054, 43.066778613 ], [ 141.049420272, 43.066918333 ], [ 141.049745551, 43.067074441 ], [ 141.05, 43.067170441 ], [ 141.050073891000011, 43.067198333 ], [ 141.050405006, 43.06729 ], [ 141.050754721, 43.067403054 ], [ 141.05122, 43.067483613 ], [ 141.051517782, 43.067509171 ], [ 141.051661388000014, 43.067521387 ], [ 141.052024448999987, 43.067537505 ], [ 141.052522503, 43.067526667 ], [ 141.052988054, 43.067548333 ], [ 141.053445278999988, 43.067575279 ], [ 141.05381917, 43.067623892 ], [ 141.05497917, 43.067774441 ], [ 141.055675837, 43.067887505 ], [ 141.05614917, 43.067984441 ], [ 141.056647223999988, 43.068075838 ], [ 141.057419442, 43.068194171 ], [ 141.057806938999988, 43.068280279 ], [ 141.058027497000012, 43.068345 ], [ 141.058275006, 43.068452505 ], [ 141.058333333, 43.068487919 ], [ 141.058452503000012, 43.068560279 ], [ 141.058600558, 43.068765 ], [ 141.058783606, 43.06905 ], [ 141.059001673000012, 43.069346108 ], [ 141.05912, 43.069604441 ], [ 141.059219442, 43.069883892 ], [ 141.059284163, 43.070201387 ], [ 141.059370506, 43.070581054 ], [ 141.059383333, 43.070637505 ], [ 141.059504449, 43.071083892 ], [ 141.05962, 43.071498333 ], [ 141.059635279, 43.071605279 ], [ 141.059657781999988, 43.071762225 ], [ 141.059730272, 43.072127775 ], [ 141.059816394, 43.072375559 ], [ 141.059905279, 43.072768333 ], [ 141.059942776000014, 43.072999721 ], [ 141.060042503, 43.073430279 ], [ 141.060166109, 43.073828613 ], [ 141.060287224, 43.074156946 ], [ 141.060389442, 43.074463333 ], [ 141.0605, 43.074721667 ], [ 141.060624577999988, 43.075 ], [ 141.060663891, 43.075087775 ], [ 141.060808885, 43.075351387 ], [ 141.060946109000014, 43.075593613 ], [ 141.061048340000013, 43.075760559 ], [ 141.061177496999989, 43.075932775 ], [ 141.061331115, 43.076072505 ], [ 141.061855551, 43.076573054 ], [ 141.06232083, 43.077051946 ], [ 141.062684448999988, 43.077417775 ], [ 141.062878054, 43.077643892 ], [ 141.062985837000014, 43.077821667 ], [ 141.063031388000013, 43.078047505 ], [ 141.06305834, 43.078461946 ], [ 141.063039442, 43.078714721 ], [ 141.06299639400001, 43.078946108 ], [ 141.062945279, 43.079145279 ], [ 141.062861672999986, 43.079532775 ], [ 141.062829442, 43.079801946 ], [ 141.062821388, 43.079884171 ], [ 141.062810558, 43.079995559 ], [ 141.062826667, 43.080173054 ], [ 141.062877781999987, 43.080350838 ], [ 141.063001673, 43.080636108 ], [ 141.063117497, 43.080845838 ], [ 141.063472503000014, 43.081346108 ], [ 141.063865005999986, 43.081836108 ], [ 141.064602503, 43.082696946 ], [ 141.065046394, 43.083256667 ], [ 141.065096978000014, 43.083333333 ], [ 141.06524527900001, 43.083558054 ], [ 141.065320558, 43.083741108 ], [ 141.065345006, 43.083891667 ], [ 141.065307224, 43.084069171 ], [ 141.065183606, 43.084187775 ], [ 141.064995006, 43.084268333 ], [ 141.064777224000011, 43.08436 ], [ 141.064470558000011, 43.084483333 ], [ 141.064287497, 43.084580279 ], [ 141.064108975000011, 43.084714054 ], [ 141.064093606, 43.084725559 ], [ 141.06398333300001, 43.084811667 ], [ 141.063805551, 43.084946387 ], [ 141.063655006, 43.085021667 ], [ 141.063542218, 43.085123892 ], [ 141.063461388, 43.085226108 ], [ 141.063278612, 43.085333892 ], [ 141.063038885, 43.08542 ], [ 141.062726938999987, 43.085506108 ], [ 141.062463060999988, 43.085570838 ], [ 141.062134721, 43.085635279 ], [ 141.061935551, 43.085694441 ], [ 141.06179083, 43.085766946 ], [ 141.061384449, 43.085989171 ], [ 141.060653333, 43.086309721 ], [ 141.060323891, 43.086467505 ], [ 141.060107224, 43.086652775 ], [ 141.059876939, 43.086991108 ], [ 141.059682775999988, 43.087316108 ], [ 141.059673890999989, 43.087568892 ], [ 141.059750830000013, 43.087988613 ], [ 141.059831946, 43.088232505 ], [ 141.059836394, 43.088390279 ], [ 141.05981834, 43.088552775 ], [ 141.059705551, 43.088769441 ], [ 141.059475279, 43.089022225 ], [ 141.059357782, 43.089162225 ], [ 141.05933083, 43.089256946 ], [ 141.059375837, 43.089333613 ], [ 141.05957917, 43.089365279 ], [ 141.06007083, 43.089387775 ], [ 141.060418340000012, 43.089351667 ], [ 141.060729728000013, 43.089329171 ], [ 141.06134834, 43.089333613 ], [ 141.061713891000011, 43.089320279 ], [ 141.062174163, 43.089297775 ], [ 141.062454163000012, 43.089315838 ], [ 141.063225550999988, 43.089523333 ], [ 141.063641115, 43.089699171 ], [ 141.063821673, 43.089758054 ], [ 141.064390272, 43.089834721 ], [ 141.064740558000011, 43.089903054 ], [ 141.064945551, 43.089943054 ], [ 141.065649442, 43.090073892 ], [ 141.066579170000011, 43.09039 ], [ 141.066666667, 43.09043136 ], [ 141.06699, 43.090584171 ], [ 141.067576939, 43.090922505 ], [ 141.06861917, 43.091458333 ], [ 141.068894449, 43.091599721 ], [ 141.069017328, 43.091666667 ], [ 141.069598612, 43.091983333 ], [ 141.069783605999987, 43.092118892 ], [ 141.069833061, 43.092276667 ], [ 141.069851115, 43.092511108 ], [ 141.069797224000013, 43.092980838 ], [ 141.069702218, 43.093269721 ], [ 141.069481115, 43.093648892 ], [ 141.069002503, 43.094289721 ], [ 141.068763333, 43.094727225 ], [ 141.068501672999986, 43.095169721 ], [ 141.068172218, 43.095657225 ], [ 141.06785, 43.096012505 ], [ 141.067734449, 43.09614 ], [ 141.067540272, 43.096315838 ], [ 141.06735083, 43.096433054 ], [ 141.067098054000013, 43.096523333 ], [ 141.066666667, 43.096609135 ], [ 141.066394163000012, 43.096663333 ], [ 141.065473061, 43.096812505 ], [ 141.065075837, 43.096889171 ], [ 141.064877224000014, 43.096966108 ], [ 141.064768885, 43.097078892 ], [ 141.064732776, 43.097241387 ], [ 141.064768885, 43.097606946 ], [ 141.064751672999989, 43.097758892 ], [ 141.06474, 43.097863333 ], [ 141.064696667, 43.098247775 ], [ 141.064656109, 43.098378613 ], [ 141.064471115, 43.098595279 ], [ 141.064281673000011, 43.099222775 ], [ 141.064139442, 43.099552775 ], [ 141.064055837000012, 43.099746108 ], [ 141.063911608000012, 43.1 ], [ 141.063753333, 43.100278613 ], [ 141.063753333, 43.100603613 ], [ 141.063653891, 43.100874441 ], [ 141.063417523, 43.101332306 ], [ 141.063225279, 43.101704721 ], [ 141.062999728, 43.102034171 ], [ 141.062651945999988, 43.102607505 ], [ 141.062484163, 43.102884721 ], [ 141.062209442000011, 43.103338892 ], [ 141.062082776000011, 43.103627505 ], [ 141.062001673, 43.104078892 ], [ 141.062019728, 43.104620279 ], [ 141.062082776000011, 43.105044721 ], [ 141.062281388, 43.105468892 ], [ 141.062507224, 43.105938054 ], [ 141.062687782000012, 43.106317225 ], [ 141.06285917, 43.106750559 ], [ 141.062886109, 43.107120838 ], [ 141.062822776, 43.107554171 ], [ 141.06279111500001, 43.107796946 ], [ 141.062723606, 43.108312225 ], [ 141.062720311, 43.108333333 ], [ 141.062660271999988, 43.108718333 ], [ 141.062705551, 43.108962225 ], [ 141.062858885, 43.109395559 ], [ 141.063165837000014, 43.109955279 ], [ 141.063770557999987, 43.110776667 ], [ 141.064014163, 43.111047505 ], [ 141.064194721, 43.111164721 ], [ 141.064423061000014, 43.111190279 ], [ 141.064438612, 43.111191946 ], [ 141.064745550999987, 43.111128613 ], [ 141.065458611999986, 43.110803892 ], [ 141.065828885, 43.110478892 ], [ 141.066403606, 43.109865 ], [ 141.066488054, 43.109774721 ], [ 141.066666667, 43.109631775 ], [ 141.066803891, 43.109521946 ], [ 141.067029728, 43.109368333 ], [ 141.067543891000014, 43.109269441 ], [ 141.06823917, 43.109206108 ], [ 141.068861946, 43.109151946 ], [ 141.069331388, 43.109097775 ], [ 141.069665551000014, 43.108953333 ], [ 141.07018917, 43.108754721 ], [ 141.070676394, 43.108646387 ], [ 141.070992217999986, 43.108628333 ], [ 141.071317224000012, 43.108664441 ], [ 141.07157, 43.108781946 ], [ 141.071741673, 43.108971387 ], [ 141.071831946, 43.109143054 ], [ 141.071904163, 43.109413892 ], [ 141.071994448999988, 43.109919441 ], [ 141.072030558, 43.110425 ], [ 141.07217472100001, 43.110903333 ], [ 141.072209728, 43.110998892 ], [ 141.07240027200001, 43.111517225 ], [ 141.072438054, 43.111830279 ], [ 141.072463606000014, 43.112040838 ], [ 141.072526667, 43.112799171 ], [ 141.072598885, 43.113087775 ], [ 141.072743333, 43.113322505 ], [ 141.073203333, 43.113755838 ], [ 141.073501388000011, 43.114044721 ], [ 141.073799442, 43.11455 ], [ 141.074377223999988, 43.115245279 ], [ 141.074746939, 43.115804721 ], [ 141.074918612, 43.116183892 ], [ 141.075, 43.116558279 ], [ 141.075008884999988, 43.116599171 ], [ 141.075008884999988, 43.116666667 ], [ 141.075008884999988, 43.116906108 ], [ 141.075, 43.116977225 ], [ 141.07497277600001, 43.117195 ], [ 141.074963606000011, 43.117583333 ], [ 141.075, 43.117748748 ], [ 141.075045006000011, 43.117953333 ], [ 141.075116939, 43.118079441 ], [ 141.075261388, 43.118205838 ], [ 141.075604449, 43.11826 ], [ 141.076073606, 43.118260279 ], [ 141.076611388, 43.118058613 ], [ 141.076723606, 43.118016667 ], [ 141.077481946, 43.117547225 ], [ 141.077834163, 43.117375559 ], [ 141.07852917, 43.117176946 ], [ 141.079377782, 43.117050559 ], [ 141.079747782, 43.117050838 ], [ 141.080199169999986, 43.117186387 ], [ 141.081309728, 43.117565279 ], [ 141.082166939, 43.11789 ], [ 141.082465006, 43.117980279 ], [ 141.082744721000012, 43.117998333 ], [ 141.083051673, 43.117881387 ], [ 141.083333333000013, 43.117789441 ], [ 141.083494163000012, 43.117736946 ], [ 141.08412610900001, 43.117682775 ], [ 141.084649727999988, 43.117655559 ], [ 141.085651388, 43.117637505 ], [ 141.087050557999987, 43.117745838 ], [ 141.087064163, 43.117748613 ], [ 141.087835837, 43.117899441 ], [ 141.088512775999988, 43.118152225 ], [ 141.089379442, 43.118702775 ], [ 141.090345279, 43.119587775 ], [ 141.09109, 43.120480279 ], [ 141.091347224, 43.120192505 ], [ 141.091666667, 43.120003586 ], [ 141.091789728, 43.119930838 ], [ 141.09244834, 43.119714171 ], [ 141.093225006000011, 43.119623613 ], [ 141.093983333000011, 43.119497225 ], [ 141.094651387999988, 43.119316667 ], [ 141.095211115000012, 43.119163333 ], [ 141.096219728, 43.118775559 ], [ 141.096384449, 43.118712225 ], [ 141.097268885, 43.118233892 ], [ 141.098298054, 43.117638333 ], [ 141.09985136200001, 43.116666667 ], [ 141.1, 43.116573694 ], [ 141.100203061, 43.116446667 ], [ 141.101069442000011, 43.115950279 ], [ 141.101800558, 43.115589171 ], [ 141.102188885, 43.115417775 ], [ 141.102504721, 43.115354441 ], [ 141.102802776, 43.115408613 ], [ 141.103109728, 43.115526108 ], [ 141.103308340000012, 43.115670559 ], [ 141.103606109, 43.115986387 ], [ 141.10376861200001, 43.116194171 ], [ 141.10394, 43.116491946 ], [ 141.104010661, 43.116666667 ], [ 141.104093333, 43.116871108 ], [ 141.104129728, 43.117123613 ], [ 141.10422, 43.117475559 ], [ 141.104266939000013, 43.117581387 ], [ 141.104571946, 43.11827 ], [ 141.104806667, 43.11855 ], [ 141.105158612, 43.118802775 ], [ 141.105700272, 43.119037505 ], [ 141.106341115, 43.119181946 ], [ 141.107126666999989, 43.119290279 ], [ 141.108182503, 43.119371667 ], [ 141.108333333, 43.119352225 ], [ 141.108462503, 43.119335559 ], [ 141.10876944200001, 43.1192 ], [ 141.109112218, 43.118965279 ], [ 141.109374163000012, 43.118667505 ], [ 141.10969, 43.11809 ], [ 141.110321946, 43.116735838 ], [ 141.110343748, 43.116666667 ], [ 141.110475551, 43.116248613 ], [ 141.110872776, 43.115390838 ], [ 141.111008340000012, 43.115165279 ], [ 141.111018612, 43.115152505 ], [ 141.111342218, 43.11475 ], [ 141.111631115, 43.114316946 ], [ 141.111689727999988, 43.114127225 ], [ 141.111722218000011, 43.114069721 ], [ 141.111766667000012, 43.113991667 ], [ 141.111911115, 43.113937505 ], [ 141.112592503, 43.113915 ], [ 141.113332776, 43.113865279 ], [ 141.114005551, 43.113720838 ], [ 141.115215006, 43.113459171 ], [ 141.115819728, 43.113206387 ], [ 141.116316394, 43.112863613 ], [ 141.116650271999987, 43.112701108 ], [ 141.116666667, 43.112696586 ], [ 141.117336394, 43.112511387 ], [ 141.118464721, 43.112213613 ], [ 141.119286109, 43.111915559 ], [ 141.12000834, 43.111545838 ], [ 141.120384163000011, 43.111222225 ], [ 141.120595279000014, 43.111040279 ], [ 141.121173061, 43.110480559 ], [ 141.121328612000013, 43.110385559 ], [ 141.121866939, 43.109939441 ], [ 141.122178612, 43.109681387 ], [ 141.122848054, 43.10924 ], [ 141.123032776, 43.109191946 ], [ 141.123402218, 43.108952225 ], [ 141.123793060999986, 43.108785838 ], [ 141.124204449, 43.108515 ], [ 141.124353061, 43.108370279 ], [ 141.124386329, 43.108333333 ], [ 141.124626109, 43.108067225 ], [ 141.124845005999987, 43.107947225 ], [ 141.124978054, 43.107833892 ], [ 141.125, 43.107825333 ], [ 141.125381388, 43.107676667 ], [ 141.125983333, 43.107573892 ], [ 141.126972776, 43.107386387 ], [ 141.127850271999989, 43.10726 ], [ 141.129167497, 43.107174171 ], [ 141.129735278999988, 43.107098613 ], [ 141.130508885000012, 43.107037225 ], [ 141.130778755, 43.107049694 ], [ 141.131085837, 43.107063892 ], [ 141.13131083, 43.107074171 ], [ 141.13194083, 43.106917775 ], [ 141.133206667, 43.106292775 ], [ 141.133333333, 43.106242081 ], [ 141.133805551, 43.106053054 ], [ 141.134029728, 43.105901946 ], [ 141.134037224, 43.105637775 ], [ 141.133865279, 43.10512 ], [ 141.133647497, 43.104735559 ], [ 141.133333333, 43.104303054 ], [ 141.133328885, 43.104296946 ], [ 141.133024721, 43.103803333 ], [ 141.132719442, 43.103348892 ], [ 141.132378612, 43.102568892 ], [ 141.132462503, 43.101715 ], [ 141.132889442, 43.100376667 ], [ 141.132912776000012, 43.100244532 ], [ 141.132943891, 43.100068333 ], [ 141.13297594, 43.1 ], [ 141.133000829999986, 43.099946946 ], [ 141.13305083, 43.099840559 ], [ 141.133333333, 43.099295387 ], [ 141.133347781999987, 43.099267505 ], [ 141.133686394, 43.098428892 ], [ 141.133743606, 43.097981108 ], [ 141.133511672999987, 43.097313613 ], [ 141.133374163000013, 43.096580279 ], [ 141.133350557999989, 43.095938613 ], [ 141.133384721, 43.095741946 ], [ 141.133511946, 43.095355559 ], [ 141.133743891, 43.094991946 ], [ 141.134199442000011, 43.094485559 ], [ 141.134676109, 43.094044171 ], [ 141.134918054, 43.093829721 ], [ 141.135332503, 43.093601667 ], [ 141.135657497000011, 43.093470279 ], [ 141.135998885, 43.093393333 ], [ 141.136665551, 43.093398613 ], [ 141.137623891, 43.093508054 ], [ 141.137663333, 43.093523054 ], [ 141.138613061, 43.093883054 ], [ 141.139498612000011, 43.094185 ], [ 141.140347497, 43.094346387 ], [ 141.14166666700001, 43.094577865 ], [ 141.14212834, 43.094658892 ], [ 141.142735006, 43.094772225 ], [ 141.143378612, 43.094789171 ], [ 141.143833891000014, 43.094668054 ], [ 141.144219442, 43.094496387 ], [ 141.145341673, 43.093732225 ], [ 141.145766109, 43.093439441 ], [ 141.145961672999988, 43.093362505 ], [ 141.147268884999988, 43.093242505 ], [ 141.147905551, 43.093161946 ], [ 141.148956109000011, 43.093028892 ], [ 141.15, 43.092853559 ], [ 141.150628054, 43.092748054 ], [ 141.152067497, 43.092496946 ], [ 141.15258083, 43.092279171 ], [ 141.152731945999989, 43.091961387 ], [ 141.152646471999986, 43.091666667 ], [ 141.152534163000013, 43.091279441 ], [ 141.152466393999987, 43.091101108 ], [ 141.152361946000013, 43.090945 ], [ 141.152257782, 43.090606387 ], [ 141.152237224, 43.090135 ], [ 141.152284449, 43.089852505 ], [ 141.152289442000011, 43.089597225 ], [ 141.152278884999987, 43.089477505 ], [ 141.152924721, 43.089410279 ], [ 141.153219584999988, 43.089405135 ], [ 141.15414834, 43.089389441 ], [ 141.155539442, 43.089238054 ], [ 141.155888612000012, 43.089139171 ], [ 141.156941115, 43.088936108 ], [ 141.157381115, 43.088790279 ], [ 141.157768054, 43.088707225 ], [ 141.158241946, 43.088660279 ], [ 141.158333333, 43.088674613 ], [ 141.158474163, 43.088696667 ], [ 141.158710558, 43.088832225 ], [ 141.158866939, 43.089009171 ], [ 141.158950272, 43.089191387 ], [ 141.15917527900001, 43.089649441 ], [ 141.159352503, 43.089899441 ], [ 141.15964, 43.090136667 ], [ 141.160090558, 43.090326667 ], [ 141.160507224000014, 43.090451667 ], [ 141.160861388, 43.090852775 ], [ 141.161184449, 43.091378892 ], [ 141.161251946, 43.091629721 ], [ 141.161261751000012, 43.091666667 ], [ 141.161262776, 43.091670559 ], [ 141.161331673, 43.091875838 ], [ 141.161463061, 43.092021667 ], [ 141.16233, 43.092362775 ], [ 141.163277782, 43.092591946 ], [ 141.164001673, 43.092795 ], [ 141.164465279000012, 43.093013892 ], [ 141.165152503, 43.093373333 ], [ 141.165605551, 43.093472225 ], [ 141.166282776, 43.093550279 ], [ 141.166666666999987, 43.093700838 ], [ 141.166668054000013, 43.093701387 ], [ 141.167267224, 43.094034721 ], [ 141.167356667, 43.094113054 ], [ 141.167420558, 43.094168892 ], [ 141.167454449, 43.094228892 ], [ 141.167433606, 43.094325279 ], [ 141.166798340000014, 43.095102225 ], [ 141.166666666999987, 43.095383468 ], [ 141.166657496999989, 43.095403054 ], [ 141.166666666999987, 43.095438559 ], [ 141.166699169999987, 43.095564441 ], [ 141.166805939999989, 43.095686721 ], [ 141.166886667, 43.095779171 ], [ 141.166865836999989, 43.095930279 ], [ 141.166666666999987, 43.096260505 ], [ 141.166652218, 43.096284441 ], [ 141.166666666999987, 43.096340505 ], [ 141.166693891, 43.096446108 ], [ 141.166850272, 43.096550279 ], [ 141.167442218, 43.096615559 ], [ 141.167746109, 43.096649171 ], [ 141.168079442, 43.096768892 ], [ 141.168339728, 43.096956387 ], [ 141.168563891, 43.097096946 ], [ 141.168943891, 43.097471946 ], [ 141.169271673, 43.097695838 ], [ 141.169704163, 43.097914441 ], [ 141.16994834, 43.098065559 ], [ 141.170165837000013, 43.098226946 ], [ 141.170343061000011, 43.098378054 ], [ 141.170539170000012, 43.098440279 ], [ 141.170980272, 43.098518613 ], [ 141.171225005999986, 43.098575838 ], [ 141.171475006, 43.098612225 ], [ 141.172198611999988, 43.098961108 ], [ 141.172323606, 43.099081108 ], [ 141.17250083, 43.099226946 ], [ 141.172605006, 43.099372775 ], [ 141.172756109, 43.099523613 ], [ 141.172985006, 43.099753054 ], [ 141.173112529, 43.1 ], [ 141.173229728, 43.100226946 ], [ 141.173552776, 43.100456108 ], [ 141.173625550999986, 43.100658892 ], [ 141.173719442, 43.100888054 ], [ 141.173690558, 43.101038054 ], [ 141.173708885, 43.101242225 ], [ 141.173995279, 43.101674441 ], [ 141.174146394, 43.102002505 ], [ 141.174263061, 43.102350559 ], [ 141.174271388, 43.102575559 ], [ 141.174106667, 43.102791108 ], [ 141.173953606, 43.102991946 ], [ 141.173776667, 43.103137775 ], [ 141.173635837, 43.103361946 ], [ 141.173552218, 43.103527225 ], [ 141.173442776, 43.103779721 ], [ 141.173422218000013, 43.104195279 ], [ 141.173500272000013, 43.104351387 ], [ 141.173562776000011, 43.104507775 ], [ 141.173818054, 43.104643054 ], [ 141.17461500600001, 43.105174171 ], [ 141.17499, 43.105392775 ], [ 141.175, 43.105395613 ], [ 141.17559917, 43.105564721 ], [ 141.176059728000013, 43.105870559 ], [ 141.176182503, 43.106033333 ], [ 141.176343890999988, 43.106142775 ], [ 141.176698054000013, 43.106309441 ], [ 141.177187497, 43.106465559 ], [ 141.177429170000011, 43.106552775 ], [ 141.17763, 43.106673892 ], [ 141.177833333, 43.106908333 ], [ 141.177911388000012, 43.107043892 ], [ 141.178234163000013, 43.107345838 ], [ 141.178781115, 43.107673892 ], [ 141.178968612, 43.107903054 ], [ 141.179093333, 43.108053892 ], [ 141.179333061, 43.108205 ], [ 141.179430700000012, 43.108333333 ], [ 141.179470830000014, 43.108386108 ], [ 141.179812218, 43.108710279 ], [ 141.179947497, 43.108824721 ], [ 141.18013083, 43.108993892 ], [ 141.180280829999987, 43.109131946 ], [ 141.180494449, 43.109262225 ], [ 141.180936939, 43.109569441 ], [ 141.18124917, 43.109814171 ], [ 141.18154610900001, 43.110261946 ], [ 141.181761946, 43.110599441 ], [ 141.181921115, 43.110908054 ], [ 141.182015006, 43.111256946 ], [ 141.182103332999986, 43.111626667 ], [ 141.182192218000012, 43.111881946 ], [ 141.182467782, 43.112371387 ], [ 141.182671115, 43.112819171 ], [ 141.182746394, 43.112979441 ], [ 141.182780272, 43.113162775 ], [ 141.182803606, 43.113396108 ], [ 141.182889728, 43.113652505 ], [ 141.183212503, 43.114110838 ], [ 141.183333333, 43.114271468 ], [ 141.183407224, 43.114369721 ], [ 141.183636394, 43.114593892 ], [ 141.183701946000014, 43.114709721 ], [ 141.183748885, 43.114824441 ], [ 141.183826939, 43.114991108 ], [ 141.183826939, 43.115178333 ], [ 141.183842776, 43.115365838 ], [ 141.183842218, 43.11557 ], [ 141.183764449, 43.115818613 ], [ 141.183389442, 43.116235279 ], [ 141.18336861200001, 43.116438333 ], [ 141.183420558, 43.116610279 ], [ 141.183457834, 43.116666667 ], [ 141.183658885, 43.116970838 ], [ 141.183816394, 43.117209441 ], [ 141.184108054, 43.117396946 ], [ 141.184498612, 43.117563613 ], [ 141.184683060999987, 43.117634721 ], [ 141.18480083, 43.117735279 ], [ 141.184855006, 43.117858892 ], [ 141.184858053999989, 43.118084171 ], [ 141.184823606, 43.118280838 ], [ 141.185035006, 43.118417505 ], [ 141.185227782, 43.118542505 ], [ 141.185566109, 43.118797775 ], [ 141.185761115, 43.118922505 ], [ 141.185899442, 43.119011108 ], [ 141.18616500600001, 43.119099721 ], [ 141.18636277600001, 43.119245559 ], [ 141.186404449, 43.119458892 ], [ 141.186590558, 43.119589171 ], [ 141.186716939, 43.119677775 ], [ 141.186946109, 43.119729721 ], [ 141.187211946, 43.119776667 ], [ 141.187665006, 43.11998 ], [ 141.187826109000014, 43.120125838 ], [ 141.18793555100001, 43.120178054 ], [ 141.188346939000013, 43.120224721 ], [ 141.188607497, 43.120271667 ], [ 141.188857496999987, 43.120292505 ], [ 141.189096939, 43.120323892 ], [ 141.189411673, 43.120385 ], [ 141.189666939, 43.120483892 ], [ 141.189930272, 43.120511108 ], [ 141.190263606, 43.120615279 ], [ 141.190492503, 43.120672505 ], [ 141.1908, 43.120828892 ], [ 141.191003061, 43.120943333 ], [ 141.191134449, 43.121027775 ], [ 141.191192776, 43.121065559 ], [ 141.191383333, 43.121188054 ], [ 141.191666667, 43.121251973 ], [ 141.191685006, 43.121256108 ], [ 141.192148612000011, 43.121318613 ], [ 141.192402503000011, 43.121489171 ], [ 141.192481945999987, 43.121542505 ], [ 141.192778612000012, 43.121823613 ], [ 141.192934721, 43.121891387 ], [ 141.193367224000013, 43.121969441 ], [ 141.193872503, 43.122000559 ], [ 141.194497496999986, 43.12211 ], [ 141.194643332999988, 43.122198613 ], [ 141.19476834, 43.122422505 ], [ 141.194986667, 43.122620559 ], [ 141.195252218, 43.122839171 ], [ 141.195346109000013, 43.122839171 ], [ 141.195577496999988, 43.122874441 ], [ 141.196132776000013, 43.122933054 ], [ 141.197221115, 43.123011108 ], [ 141.197913605999986, 43.123094721 ], [ 141.19851778200001, 43.123219721 ], [ 141.199017782, 43.123266387 ], [ 141.199871946, 43.123183054 ], [ 141.2, 43.123188333 ], [ 141.200377224, 43.123203892 ], [ 141.20047083, 43.123203892 ], [ 141.200720558, 43.123328892 ], [ 141.200996667, 43.123568613 ], [ 141.201073333000011, 43.123653613 ], [ 141.201088340000013, 43.123670559 ], [ 141.201329728, 43.123938333 ], [ 141.201465279, 43.124068333 ], [ 141.201871388, 43.124276667 ], [ 141.202121388, 43.124396667 ], [ 141.202173061, 43.124423054 ], [ 141.202366394, 43.124521667 ], [ 141.202498053999989, 43.124668892 ], [ 141.202538054, 43.124866667 ], [ 141.202385005999986, 43.124991667 ], [ 141.202359079, 43.125 ], [ 141.202178612000012, 43.125058054 ], [ 141.202058612, 43.125172775 ], [ 141.201813891, 43.125283054 ], [ 141.201621388, 43.125307775 ], [ 141.201361115, 43.125229721 ], [ 141.201012217999988, 43.125042225 ], [ 141.20073847, 43.125 ], [ 141.200673606, 43.12499 ], [ 141.200423605999987, 43.124943333 ], [ 141.200262218, 43.12499 ], [ 141.200238106, 43.125 ], [ 141.2, 43.125098721 ], [ 141.199951387999988, 43.125118892 ], [ 141.199726938999987, 43.125277505 ], [ 141.199664163, 43.125321946 ], [ 141.199414721000011, 43.125506667 ], [ 141.199204721, 43.125724441 ], [ 141.198986667000014, 43.126055838 ], [ 141.198803891000011, 43.126333892 ], [ 141.198746667, 43.126443054 ], [ 141.19860083, 43.126604721 ], [ 141.198491115, 43.126957505 ], [ 141.198418054, 43.127501667 ], [ 141.198364449, 43.127668613 ], [ 141.198319728, 43.127807505 ], [ 141.198231115, 43.127921946 ], [ 141.198126939, 43.128046946 ], [ 141.197428885, 43.128698054 ], [ 141.196928885, 43.129124721 ], [ 141.196147782, 43.129739441 ], [ 141.195897782, 43.129817775 ], [ 141.195752776, 43.129885279 ], [ 141.195741387999988, 43.129890559 ], [ 141.195715006, 43.129921667 ], [ 141.195611115, 43.130042775 ], [ 141.195408054000012, 43.130119721 ], [ 141.195254162999987, 43.130068892 ], [ 141.19515, 43.130037775 ], [ 141.195076938999989, 43.130061108 ], [ 141.194751946, 43.130463054 ], [ 141.194876939000011, 43.130593333 ], [ 141.194298885, 43.131036108 ], [ 141.194090272000011, 43.131280838 ], [ 141.193909170000012, 43.131534171 ], [ 141.193699728000013, 43.131827775 ], [ 141.193455006, 43.132062225 ], [ 141.193257224, 43.132197775 ], [ 141.193022776, 43.132275559 ], [ 141.192506667, 43.132286946 ], [ 141.192194721, 43.132395279 ], [ 141.19184083, 43.132463054 ], [ 141.191666667, 43.132485892 ], [ 141.191523061, 43.132504721 ], [ 141.191288612, 43.132650559 ], [ 141.191116666999989, 43.132754721 ], [ 141.190814448999987, 43.132827505 ], [ 141.19054083, 43.132870559 ], [ 141.190064449, 43.133046387 ], [ 141.189845837, 43.133082775 ], [ 141.18972083, 43.133192225 ], [ 141.189757224, 43.133322225 ], [ 141.189761167, 43.133333333 ], [ 141.189866394, 43.133630559 ], [ 141.189871946000011, 43.133707505 ], [ 141.189871114999988, 43.133767225 ], [ 141.18987, 43.133862775 ], [ 141.189867782, 43.134040838 ], [ 141.189859442, 43.134678613 ], [ 141.189859442, 43.134687505 ], [ 141.189856666999987, 43.134880559 ], [ 141.189854449, 43.135045279 ], [ 141.189720271999988, 43.135096946 ], [ 141.189136394, 43.135266108 ], [ 141.189033333, 43.135295838 ], [ 141.18842917, 43.135467775 ], [ 141.18831972800001, 43.135603054 ], [ 141.188267782, 43.136071667 ], [ 141.188241388, 43.136586108 ], [ 141.18821, 43.136763333 ], [ 141.188222776, 43.136945559 ], [ 141.188184162999988, 43.137238333 ], [ 141.188162776000013, 43.137336108 ], [ 141.188095551, 43.137415559 ], [ 141.187691672999989, 43.137638054 ], [ 141.187236394, 43.137951667 ], [ 141.187137497, 43.138144441 ], [ 141.187264449, 43.138828054 ], [ 141.187337496999987, 43.139111946 ], [ 141.187376394000012, 43.139278613 ], [ 141.187412776, 43.1395 ], [ 141.187465006, 43.139882505 ], [ 141.187546938999986, 43.140092775 ], [ 141.187613333, 43.140262775 ], [ 141.188209728, 43.140228892 ], [ 141.188262218, 43.140352505 ], [ 141.188335005999988, 43.140555559 ], [ 141.188350558, 43.140732775 ], [ 141.188501388, 43.140826387 ], [ 141.188728054, 43.140903333 ], [ 141.188748885, 43.140910279 ], [ 141.188834449000012, 43.140939441 ], [ 141.188932776, 43.140972775 ], [ 141.189152775999986, 43.141047505 ], [ 141.189326666999989, 43.141106387 ], [ 141.189764163, 43.141192225 ], [ 141.189761946, 43.141357775 ], [ 141.189871114999988, 43.141566108 ], [ 141.189920272, 43.141592775 ], [ 141.190057470999989, 43.141666667 ], [ 141.190064162999988, 43.141670279 ], [ 141.190272502999989, 43.141711946 ], [ 141.190386939, 43.141967225 ], [ 141.190553606, 43.142071387 ], [ 141.191068885, 43.142154721 ], [ 141.191480558, 43.142154721 ], [ 141.191666667, 43.142273333 ], [ 141.191839728, 43.142383613 ], [ 141.192084720999986, 43.142534721 ], [ 141.192454449, 43.142633613 ], [ 141.192772217999988, 43.142878613 ], [ 141.193199170000014, 43.142977505 ], [ 141.193365551, 43.143055559 ], [ 141.193576109, 43.143236667 ], [ 141.1938, 43.143356387 ], [ 141.193928054, 43.143586946 ], [ 141.194167497, 43.143691108 ], [ 141.194375837, 43.143727505 ], [ 141.194594720999987, 43.143758613 ], [ 141.19484472100001, 43.143841946 ], [ 141.195021673000014, 43.143951387 ], [ 141.195714163, 43.144336946 ], [ 141.196195006000011, 43.144654171 ], [ 141.196495551, 43.144852505 ], [ 141.196974721, 43.145092225 ], [ 141.197693332999989, 43.145461946 ], [ 141.197890558000012, 43.145555 ], [ 141.198266109, 43.145732775 ], [ 141.198346939, 43.145772225 ], [ 141.198521387999989, 43.145857775 ], [ 141.199151388, 43.146175279 ], [ 141.199547224000014, 43.146394171 ], [ 141.19996389100001, 43.146576387 ], [ 141.2, 43.146596414 ], [ 141.200677496999987, 43.146972225 ], [ 141.200865005999987, 43.147123333 ], [ 141.201, 43.147305559 ], [ 141.201140830000014, 43.147461667 ], [ 141.201294163, 43.147606108 ], [ 141.201927224, 43.148029171 ], [ 141.202031388, 43.148133333 ], [ 141.20227083, 43.148268892 ], [ 141.202643061, 43.148465559 ], [ 141.202895837, 43.148628333 ], [ 141.203085837, 43.148809171 ], [ 141.203286394, 43.148888613 ], [ 141.203526109, 43.14892 ], [ 141.20377083, 43.148998054 ], [ 141.204005005999988, 43.149096946 ], [ 141.204249728, 43.149258613 ], [ 141.204556939000014, 43.149388613 ], [ 141.204869441999989, 43.149487775 ], [ 141.205145550999987, 43.149774171 ], [ 141.205333061, 43.149951108 ], [ 141.205377977000012, 43.15 ], [ 141.205452775999987, 43.150081387 ], [ 141.205557223999989, 43.150206387 ], [ 141.205854163, 43.150414721 ], [ 141.206041672999987, 43.150534441 ], [ 141.206192503000011, 43.150685559 ], [ 141.206348885000011, 43.150810559 ], [ 141.206541115, 43.150956108 ], [ 141.206541673, 43.150956387 ], [ 141.20689027200001, 43.151190559 ], [ 141.207192502999987, 43.151409441 ], [ 141.207546667, 43.151518613 ], [ 141.207791388, 43.151716667 ], [ 141.207911115, 43.151877775 ], [ 141.208056667, 43.151971667 ], [ 141.208255006, 43.151995559 ], [ 141.208333333000013, 43.152004919 ], [ 141.208796394, 43.152060279 ], [ 141.209025551, 43.152169441 ], [ 141.209379727999988, 43.152450838 ], [ 141.209754721, 43.152591387 ], [ 141.210088054000011, 43.152643613 ], [ 141.210280558, 43.152659171 ], [ 141.210759728, 43.152799721 ], [ 141.211113891, 43.153008054 ], [ 141.211265006, 43.153133054 ], [ 141.211416109, 43.153237225 ], [ 141.211634721, 43.153336387 ], [ 141.211837782, 43.153461387 ], [ 141.212441946000013, 43.153648892 ], [ 141.212624162999987, 43.153799721 ], [ 141.212728340000012, 43.153971667 ], [ 141.212968053999987, 43.154127775 ], [ 141.213223333, 43.154252775 ], [ 141.214254163, 43.154664441 ], [ 141.214681115, 43.154851946 ], [ 141.21544917, 43.155058892 ], [ 141.215610558, 43.155183892 ], [ 141.21572389100001, 43.155266108 ], [ 141.215874163, 43.155374721 ], [ 141.216259442, 43.155653892 ], [ 141.216666667, 43.155857586 ], [ 141.217113606, 43.156081108 ], [ 141.218071673, 43.156497775 ], [ 141.219081945999989, 43.156929721 ], [ 141.219483061, 43.157164171 ], [ 141.219769442, 43.157408892 ], [ 141.220248612, 43.157674441 ], [ 141.221217497, 43.15806 ], [ 141.221683087, 43.158333333 ], [ 141.222024721, 43.158533892 ], [ 141.22241, 43.158815279 ], [ 141.222566394000012, 43.158961108 ], [ 141.222842218000011, 43.159471387 ], [ 141.223097497, 43.160044171 ], [ 141.223308054, 43.160206667 ], [ 141.223373606, 43.160032505 ], [ 141.223373606, 43.159638054 ], [ 141.223446394, 43.159606946 ], [ 141.223555837, 43.159638054 ], [ 141.223878612, 43.159810838 ], [ 141.224071388, 43.159914171 ], [ 141.224206939, 43.160039171 ], [ 141.224285006, 43.160210838 ], [ 141.224475551000012, 43.160285279 ], [ 141.224618054, 43.160340838 ], [ 141.224738054, 43.160325279 ], [ 141.225, 43.160089694 ], [ 141.225102502999988, 43.159997505 ], [ 141.225763891000014, 43.159544171 ], [ 141.225941115000012, 43.159428892 ], [ 141.226107782000014, 43.159320279 ], [ 141.226321388, 43.159184721 ], [ 141.226441115, 43.158783892 ], [ 141.226357782, 43.158518054 ], [ 141.22639880700001, 43.158333333 ], [ 141.226409728, 43.158284171 ], [ 141.226472218, 43.158106946 ], [ 141.22664917, 43.157303892 ], [ 141.226769170000011, 43.157316387 ], [ 141.226961945999989, 43.157336387 ], [ 141.227128612, 43.157492505 ], [ 141.22738917, 43.157565559 ], [ 141.227618054, 43.157315559 ], [ 141.227816109, 43.156747505 ], [ 141.22824834, 43.15655 ], [ 141.228565837, 43.156320838 ], [ 141.228888885, 43.155971946 ], [ 141.229003333, 43.15592 ], [ 141.229133606, 43.155951108 ], [ 141.229258612, 43.156045 ], [ 141.229383606, 43.156253333 ], [ 141.229503333, 43.156633333 ], [ 141.229530558, 43.156708613 ], [ 141.229597224, 43.156893892 ], [ 141.229630558, 43.156969721 ], [ 141.229637223999987, 43.156985 ], [ 141.229724721, 43.157183892 ], [ 141.229755837, 43.157223892 ], [ 141.229774163, 43.157247775 ], [ 141.229873061, 43.157258054 ], [ 141.230996667, 43.156581946 ], [ 141.230998340000014, 43.156581108 ], [ 141.231784721, 43.156143613 ], [ 141.23218055800001, 43.155899171 ], [ 141.233333333, 43.155101252 ], [ 141.237795279000011, 43.152012775 ], [ 141.238018885, 43.151858054 ], [ 141.238104721000013, 43.151921108 ], [ 141.238181946, 43.151978054 ], [ 141.23819834, 43.151990279 ], [ 141.238557496999988, 43.152254721 ], [ 141.23905, 43.152617775 ], [ 141.239397782, 43.152873613 ], [ 141.240360117, 43.15358264 ], [ 141.241666667, 43.154557468 ], [ 141.245857497, 43.157684333 ], [ 141.246389948, 43.158083973 ], [ 141.246723256, 43.158333333 ], [ 141.247495811, 43.158911333 ], [ 141.248301309999988, 43.158333333 ], [ 141.25, 43.157114414 ], [ 141.2506, 43.156683892 ], [ 141.252526744, 43.155314775 ], [ 141.255880272000013, 43.152931387 ], [ 141.258172776, 43.151301946 ], [ 141.258333333, 43.151187306 ], [ 141.259996057, 43.15 ], [ 141.261960947, 43.148596946 ], [ 141.262209079, 43.14843064 ], [ 141.264157497000014, 43.147014838 ], [ 141.26666666700001, 43.145212441 ], [ 141.268844838, 43.143647802 ], [ 141.271599637, 43.141666667 ], [ 141.27233594, 43.141137135 ], [ 141.273043671000011, 43.140627838 ], [ 141.273267471, 43.140485171 ], [ 141.273489468, 43.140338586 ], [ 141.274248586, 43.139782306 ], [ 141.275, 43.139233225 ], [ 141.277144163, 43.137666387 ], [ 141.27885, 43.136404171 ], [ 141.27897, 43.136319171 ], [ 141.279095837, 43.136230279 ], [ 141.279203061, 43.136154441 ], [ 141.28051917, 43.135224441 ], [ 141.28079917, 43.135026387 ], [ 141.281049169999989, 43.134849721 ], [ 141.281485006, 43.134536108 ], [ 141.282757497, 43.133620838 ], [ 141.282960558000013, 43.133735279 ], [ 141.283007497, 43.133886387 ], [ 141.282898053999986, 43.134058054 ], [ 141.282872218, 43.134162225 ], [ 141.282929442000011, 43.134287505 ], [ 141.283033606, 43.134370838 ], [ 141.283126939, 43.134396667 ], [ 141.283304163, 43.134318613 ], [ 141.283333333, 43.134309468 ], [ 141.283387497, 43.134292505 ], [ 141.283632218, 43.134407225 ], [ 141.283981388, 43.134620838 ], [ 141.284481115, 43.134828892 ], [ 141.284606109, 43.134818613 ], [ 141.284835837, 43.134716946 ], [ 141.284923891, 43.134677775 ], [ 141.285017497000013, 43.134672775 ], [ 141.285225837000013, 43.134766387 ], [ 141.285710271999989, 43.134901946 ], [ 141.285819442, 43.134990559 ], [ 141.285944449, 43.135089441 ], [ 141.285968340000011, 43.135129171 ], [ 141.286027497, 43.135228054 ], [ 141.286178885, 43.13548 ], [ 141.286324721, 43.135636387 ], [ 141.286491388, 43.135693613 ], [ 141.286939170000011, 43.13573 ], [ 141.287293606, 43.135722775 ], [ 141.28782, 43.135712225 ], [ 141.287965279, 43.135709171 ], [ 141.288220272, 43.135776946 ], [ 141.288423333, 43.135901946 ], [ 141.28871, 43.136178054 ], [ 141.289355551, 43.136558054 ], [ 141.290016667, 43.136907225 ], [ 141.290287782, 43.137058054 ], [ 141.291105279, 43.137292505 ], [ 141.291537497, 43.137408333 ], [ 141.291666666999987, 43.137442892 ], [ 141.292115837000011, 43.137563054 ], [ 141.292282503, 43.137615279 ], [ 141.292485279, 43.137729721 ], [ 141.292698885, 43.137781946 ], [ 141.292745551, 43.137874441 ], [ 141.292764162999987, 43.137910838 ], [ 141.292805006, 43.137991946 ], [ 141.292855551, 43.138091946 ], [ 141.29293834, 43.138255838 ], [ 141.29312083, 43.138365279 ], [ 141.293975006000011, 43.138599721 ], [ 141.294557782, 43.138818333 ], [ 141.295021673, 43.138974721 ], [ 141.295235279, 43.139151667 ], [ 141.296073606, 43.139485 ], [ 141.296818054, 43.139855 ], [ 141.297046109, 43.140039441 ], [ 141.297365006, 43.140297505 ], [ 141.297599170000012, 43.140411946 ], [ 141.297844163, 43.140448613 ], [ 141.298463891000011, 43.140568333 ], [ 141.29874, 43.140776667 ], [ 141.299208612, 43.141177505 ], [ 141.299338885, 43.141146387 ], [ 141.299432503, 43.140964171 ], [ 141.299474163000014, 43.140771387 ], [ 141.29950555100001, 43.140615 ], [ 141.299609728, 43.140521387 ], [ 141.299853332999987, 43.140324171 ], [ 141.299876394, 43.140305559 ], [ 141.299937782, 43.140255838 ], [ 141.3, 43.140249198 ], [ 141.30006, 43.140242775 ], [ 141.300312776, 43.140253054 ], [ 141.300526667000014, 43.140271946 ], [ 141.30058083, 43.140276667 ], [ 141.300815279, 43.140333892 ], [ 141.300872503, 43.140361667 ], [ 141.301093891, 43.140469441 ], [ 141.301393333, 43.140659441 ], [ 141.301669442, 43.140846946 ], [ 141.301706939000013, 43.140846387 ], [ 141.301816108999986, 43.140844441 ], [ 141.302106667, 43.140839171 ], [ 141.302369728, 43.140865 ], [ 141.302561115, 43.140969721 ], [ 141.30264834, 43.141017225 ], [ 141.302932218, 43.141172505 ], [ 141.303083332999989, 43.141276667 ], [ 141.303145836999988, 43.141412225 ], [ 141.303197782000012, 43.14161 ], [ 141.30321978, 43.141666667 ], [ 141.303245006, 43.141731667 ], [ 141.303257224, 43.141763613 ], [ 141.303308612, 43.141896387 ], [ 141.30352083, 43.142033054 ], [ 141.303697782, 43.142092775 ], [ 141.303759727999989, 43.142091667 ], [ 141.303874721, 43.14209 ], [ 141.304005279, 43.142106946 ], [ 141.304070272, 43.142135559 ], [ 141.304106667000013, 43.142174721 ], [ 141.304148054, 43.142263333 ], [ 141.30415083, 43.142318892 ], [ 141.304152218000013, 43.142348892 ], [ 141.304156939, 43.142445838 ], [ 141.304158339999987, 43.142471667 ], [ 141.304182776, 43.142558054 ], [ 141.304191388, 43.142587505 ], [ 141.304241946, 43.142765838 ], [ 141.304304163000012, 43.142862225 ], [ 141.304421388, 43.142935279 ], [ 141.304655837000013, 43.143028892 ], [ 141.304955279000012, 43.143177225 ], [ 141.30516, 43.14317 ], [ 141.305195551, 43.143168613 ], [ 141.305241673000012, 43.143166946 ], [ 141.305357496999989, 43.143158333 ], [ 141.305497497, 43.143147505 ], [ 141.305544721, 43.143144171 ], [ 141.305723605999987, 43.143130559 ], [ 141.305892776, 43.143151387 ], [ 141.305955278999988, 43.143211108 ], [ 141.305973606, 43.143255559 ], [ 141.305997782, 43.143409441 ], [ 141.306012775999989, 43.143504721 ], [ 141.306015279, 43.143521108 ], [ 141.30606083, 43.143635279 ], [ 141.306171115000012, 43.143911667 ], [ 141.306337782000014, 43.144047225 ], [ 141.306611388, 43.144169441 ], [ 141.306736109000013, 43.144211387 ], [ 141.30691083, 43.144208892 ], [ 141.307016108999989, 43.144171387 ], [ 141.307038885, 43.144163333 ], [ 141.307116394, 43.144135559 ], [ 141.307157497, 43.144127775 ], [ 141.30722834, 43.144114721 ], [ 141.307274721, 43.144109171 ], [ 141.307304721, 43.144105279 ], [ 141.307738885, 43.144052225 ], [ 141.308126939, 43.144034171 ], [ 141.308333333, 43.144051667 ], [ 141.308343060999988, 43.144052505 ], [ 141.308506939000011, 43.144086387 ], [ 141.30872861200001, 43.144153892 ], [ 141.308858612, 43.144221667 ], [ 141.309006667, 43.144354441 ], [ 141.309090272, 43.144508054 ], [ 141.309116109, 43.144622505 ], [ 141.309178612000011, 43.144708613 ], [ 141.309309442, 43.144914171 ], [ 141.309446939, 43.145130559 ], [ 141.309462503, 43.145177505 ], [ 141.309451946, 43.145251387 ], [ 141.309448339999989, 43.145274721 ], [ 141.309436108999989, 43.145360279 ], [ 141.309433891, 43.145375279 ], [ 141.30947805400001, 43.145474721 ], [ 141.309489442, 43.145501108 ], [ 141.309545837, 43.145628054 ], [ 141.309670558, 43.145594441 ], [ 141.30969527900001, 43.145587505 ], [ 141.309807782, 43.145557225 ], [ 141.309845551, 43.145546946 ], [ 141.309999442, 43.145554171 ], [ 141.310238612, 43.145565279 ], [ 141.310374163, 43.145549721 ], [ 141.310850558, 43.145388333 ], [ 141.311009442, 43.145343892 ], [ 141.31110834, 43.145330838 ], [ 141.311217782, 43.145343892 ], [ 141.311347497000014, 43.145401387 ], [ 141.311498885, 43.145539441 ], [ 141.311618612, 43.145758054 ], [ 141.311717496999989, 43.145898892 ], [ 141.311897224, 43.146070838 ], [ 141.311955551000011, 43.146184441 ], [ 141.311968611999987, 43.14621 ], [ 141.311996109, 43.146263333 ], [ 141.31207, 43.146308054 ], [ 141.312121115, 43.146338892 ], [ 141.31223055800001, 43.146362505 ], [ 141.312623890999987, 43.146411946 ], [ 141.312746667, 43.146453333 ], [ 141.312863333, 43.146492505 ], [ 141.312941673000012, 43.146495279 ], [ 141.313167782, 43.146502775 ], [ 141.313195551, 43.146476108 ], [ 141.313227782000013, 43.146445559 ], [ 141.313389441999988, 43.146125279 ], [ 141.313428612, 43.146088054 ], [ 141.313441388, 43.146075838 ], [ 141.313522218, 43.146049721 ], [ 141.313610558, 43.146039441 ], [ 141.313785005999989, 43.146093892 ], [ 141.313923061, 43.146166946 ], [ 141.314454163, 43.146541946 ], [ 141.314745837, 43.146674721 ], [ 141.314988054, 43.146703613 ], [ 141.315149170000012, 43.146881946 ], [ 141.315206667000012, 43.146945559 ], [ 141.315223605999989, 43.146974441 ], [ 141.315271946, 43.147056387 ], [ 141.315283606, 43.147076667 ], [ 141.315295551, 43.147096667 ], [ 141.315264163, 43.147185279 ], [ 141.315271946, 43.147250279 ], [ 141.315318885000011, 43.147393613 ], [ 141.315371115, 43.147466387 ], [ 141.315490829999987, 43.147476946 ], [ 141.315923061, 43.147539441 ], [ 141.316185837, 43.147557505 ], [ 141.316359728, 43.147524721 ], [ 141.316388612, 43.147519441 ], [ 141.316666667, 43.147467171 ], [ 141.316807224, 43.147440838 ], [ 141.317102218, 43.147385559 ], [ 141.317321115, 43.147364721 ], [ 141.317550272, 43.147411667 ], [ 141.317766393999989, 43.147476946 ], [ 141.318115279000011, 43.147604441 ], [ 141.318216939, 43.147625279 ], [ 141.318492776, 43.147661667 ], [ 141.318581388000013, 43.147653892 ], [ 141.31906834, 43.147760838 ], [ 141.319255836999986, 43.147755559 ], [ 141.319341946, 43.147776387 ], [ 141.319438053999988, 43.147831108 ], [ 141.319511388, 43.147911946 ], [ 141.319532218, 43.147934721 ], [ 141.319591673, 43.148000279 ], [ 141.319656394, 43.147955559 ], [ 141.31967917, 43.147939721 ], [ 141.319761115, 43.147883054 ], [ 141.319922502999987, 43.147841387 ], [ 141.320057782, 43.147830838 ], [ 141.320373061, 43.147877775 ], [ 141.320581388, 43.147924721 ], [ 141.320781673, 43.148008054 ], [ 141.32090138800001, 43.148036667 ], [ 141.321206109, 43.148133054 ], [ 141.321341673, 43.148161667 ], [ 141.321706109, 43.148169441 ], [ 141.321794721, 43.148169441 ], [ 141.322016109, 43.148185 ], [ 141.322344449000013, 43.148219171 ], [ 141.322503332999986, 43.148260838 ], [ 141.322643606000014, 43.148362505 ], [ 141.322731115000011, 43.148445 ], [ 141.322757497, 43.148469721 ], [ 141.322867224, 43.148573054 ], [ 141.322915005999988, 43.148620279 ], [ 141.323070558000012, 43.148773613 ], [ 141.323179728000014, 43.148815279 ], [ 141.323258054, 43.14881 ], [ 141.323508054, 43.14881 ], [ 141.323606939, 43.148778892 ], [ 141.32371297, 43.148718838 ], [ 141.323837782, 43.148648054 ], [ 141.323866394, 43.148631946 ], [ 141.323961115, 43.148578333 ], [ 141.324128339999987, 43.148474721 ], [ 141.324242503, 43.148403892 ], [ 141.32433834, 43.148298892 ], [ 141.324354449, 43.148281387 ], [ 141.324357497, 43.148273054 ], [ 141.324390271999988, 43.148181667 ], [ 141.324424721000014, 43.148086108 ], [ 141.324437497, 43.148024171 ], [ 141.324466394000012, 43.147885559 ], [ 141.324573332999989, 43.147739721 ], [ 141.324706109, 43.147651387 ], [ 141.324781673, 43.147614721 ], [ 141.324882503, 43.147605279 ], [ 141.324890829999987, 43.147604441 ], [ 141.325, 43.147625865 ], [ 141.325036667, 43.147633054 ], [ 141.325198054, 43.147669441 ], [ 141.325367224, 43.147755559 ], [ 141.325450558, 43.147789441 ], [ 141.325653061, 43.147871108 ], [ 141.32568, 43.147882225 ], [ 141.325765837, 43.147916946 ], [ 141.325828612, 43.147976108 ], [ 141.32584917, 43.147995279 ], [ 141.32587, 43.148044721 ], [ 141.325864449, 43.148144441 ], [ 141.325846667, 43.148469171 ], [ 141.32558083, 43.148542225 ], [ 141.325591388, 43.148607225 ], [ 141.32562333300001, 43.148663892 ], [ 141.325671946, 43.148750559 ], [ 141.325778885, 43.148812775 ], [ 141.325877497, 43.148823054 ], [ 141.325994721, 43.148786667 ], [ 141.326244721, 43.148665 ], [ 141.326400830000011, 43.148588892 ], [ 141.326666667000012, 43.148518613 ], [ 141.32678083, 43.148441946 ], [ 141.32694, 43.148335 ], [ 141.327054721, 43.148258054 ], [ 141.327136109, 43.148216387 ], [ 141.327182218, 43.148193054 ], [ 141.327315006, 43.148164441 ], [ 141.327432218000013, 43.148169441 ], [ 141.327554721000013, 43.148211108 ], [ 141.327760558, 43.148234721 ], [ 141.327778612, 43.148253054 ], [ 141.327904163, 43.148379279 ], [ 141.328003061, 43.148478613 ], [ 141.328027497, 43.148503333 ], [ 141.32811722400001, 43.148593613 ], [ 141.328382776000012, 43.148901108 ], [ 141.32847834, 43.148978054 ], [ 141.328510271999988, 43.149003892 ], [ 141.328570272, 43.149052225 ], [ 141.328742218, 43.149067775 ], [ 141.32878917, 43.149036387 ], [ 141.328815551, 43.149018892 ], [ 141.328898611999989, 43.148963613 ], [ 141.32919, 43.148794171 ], [ 141.329315006, 43.148763054 ], [ 141.329453061, 43.148760279 ], [ 141.329726109, 43.148796946 ], [ 141.329996939000011, 43.148908892 ], [ 141.330265279, 43.149033892 ], [ 141.330348612, 43.149151108 ], [ 141.330432503, 43.149224441 ], [ 141.330476393999987, 43.149263054 ], [ 141.330556939, 43.149296946 ], [ 141.330663891, 43.149312505 ], [ 141.330835551, 43.149322775 ], [ 141.330986667, 43.149354171 ], [ 141.33103083, 43.149343613 ], [ 141.331076109, 43.14927 ], [ 141.331147781999988, 43.149153333 ], [ 141.331196109, 43.149074441 ], [ 141.331205278999988, 43.149059721 ], [ 141.331176667, 43.148919171 ], [ 141.331174162999986, 43.148817775 ], [ 141.331213061, 43.148729171 ], [ 141.331314721000012, 43.148656387 ], [ 141.331382502999986, 43.148635559 ], [ 141.331512503, 43.148619721 ], [ 141.332150558, 43.148554721 ], [ 141.332504721, 43.148565279 ], [ 141.332593333, 43.148591387 ], [ 141.332624449, 43.148608613 ], [ 141.33270527900001, 43.148653892 ], [ 141.332726109, 43.148726667 ], [ 141.332702776, 43.149070279 ], [ 141.332728885, 43.149195279 ], [ 141.33276277600001, 43.149375 ], [ 141.332757224, 43.1495 ], [ 141.332759728000013, 43.149687505 ], [ 141.332746667, 43.149740559 ], [ 141.332736394, 43.149781387 ], [ 141.332538612, 43.149979171 ], [ 141.332476135, 43.15 ], [ 141.332327224000011, 43.15005 ], [ 141.332297224, 43.15006 ], [ 141.332163891, 43.150104441 ], [ 141.332009637, 43.15 ], [ 141.331986667, 43.149984441 ], [ 141.331681946, 43.149776108 ], [ 141.331455551, 43.149656387 ], [ 141.33132, 43.149625 ], [ 141.331239442, 43.149638054 ], [ 141.331174162999986, 43.149669171 ], [ 141.331135279, 43.149721387 ], [ 141.331140272, 43.149791667 ], [ 141.331174162999986, 43.149856667 ], [ 141.331399728, 43.15 ], [ 141.331473606, 43.150046946 ], [ 141.331822776, 43.150255279 ], [ 141.332127224, 43.150364721 ], [ 141.332356667, 43.150413054 ], [ 141.332535837, 43.150450559 ], [ 141.33272083, 43.150461108 ], [ 141.332772776000013, 43.150435 ], [ 141.332811115, 43.150393333 ], [ 141.332828885, 43.150374171 ], [ 141.332913333, 43.150282225 ], [ 141.333014721000012, 43.150171946 ], [ 141.333038612, 43.150145838 ], [ 141.333117224, 43.150032775 ], [ 141.333140052, 43.15 ], [ 141.333181673000013, 43.149940279 ], [ 141.333275551000014, 43.149867225 ], [ 141.333333333000013, 43.149850505 ], [ 141.333356109, 43.149843892 ], [ 141.333388054000011, 43.149840838 ], [ 141.333567224, 43.149823054 ], [ 141.33367, 43.149836387 ], [ 141.33389, 43.149864721 ], [ 141.334124449, 43.149875 ], [ 141.334416108999989, 43.149846387 ], [ 141.334629442, 43.149836108 ], [ 141.334718054, 43.149846387 ], [ 141.334757782, 43.149863892 ], [ 141.334811946, 43.149888054 ], [ 141.334840558, 43.149968892 ], [ 141.334844475000011, 43.15 ], [ 141.33485083, 43.150049441 ], [ 141.334816667000013, 43.150122225 ], [ 141.334756667, 43.150249721 ], [ 141.334744163000011, 43.150275838 ], [ 141.334687224, 43.150377505 ], [ 141.334658053999988, 43.150429441 ], [ 141.334541115, 43.150653333 ], [ 141.334528054, 43.150731387 ], [ 141.33453083, 43.150804441 ], [ 141.334535837, 43.150828892 ], [ 141.334546394, 43.15088 ], [ 141.334614163, 43.150960559 ], [ 141.334668885000013, 43.151016387 ], [ 141.334931673, 43.151283613 ], [ 141.334927782, 43.151338054 ], [ 141.334918612, 43.151463333 ], [ 141.334820830000012, 43.151505559 ], [ 141.334685279000013, 43.151563892 ], [ 141.33466, 43.151574441 ], [ 141.334507224, 43.151640279 ], [ 141.33427, 43.151749721 ], [ 141.334145279000012, 43.151836946 ], [ 141.334126394, 43.151850279 ], [ 141.334018054000012, 43.151925838 ], [ 141.333863891, 43.152033613 ], [ 141.333749442, 43.15213 ], [ 141.333726109, 43.152215838 ], [ 141.333765006, 43.152275838 ], [ 141.333934449, 43.152398054 ], [ 141.334376939, 43.152421667 ], [ 141.33460083, 43.152416387 ], [ 141.334924449, 43.152333892 ], [ 141.335152776, 43.152275838 ], [ 141.335376667, 43.152346108 ], [ 141.335465279, 43.152398333 ], [ 141.33560055800001, 43.152531108 ], [ 141.335780272, 43.152705559 ], [ 141.335980830000011, 43.152801667 ], [ 141.336134449000014, 43.152861667 ], [ 141.33635834, 43.152947505 ], [ 141.336535551, 43.153043892 ], [ 141.336660558, 43.153142775 ], [ 141.33674917, 43.153301667 ], [ 141.336923606, 43.153424171 ], [ 141.337171115, 43.153606387 ], [ 141.337431114999987, 43.153736387 ], [ 141.337506667000014, 43.153827775 ], [ 141.337532775999989, 43.153939721 ], [ 141.337505551, 43.153984171 ], [ 141.337497496999987, 43.153996946 ], [ 141.337454449, 43.154067225 ], [ 141.337264721, 43.154111387 ], [ 141.336642218, 43.154181667 ], [ 141.33643917, 43.154249441 ], [ 141.336272503, 43.154332775 ], [ 141.336199728, 43.154457775 ], [ 141.336225551000013, 43.154598333 ], [ 141.33634834, 43.154731108 ], [ 141.336504448999989, 43.154801387 ], [ 141.336725551, 43.154843333 ], [ 141.336891946, 43.154858892 ], [ 141.337131672999988, 43.154843333 ], [ 141.33734, 43.154817225 ], [ 141.338032503, 43.154561946 ], [ 141.338304449, 43.154473892 ], [ 141.338442776, 43.154428892 ], [ 141.338626393999988, 43.154369441 ], [ 141.338824448999986, 43.154458054 ], [ 141.339084721, 43.154556946 ], [ 141.339235837, 43.154661108 ], [ 141.339267224, 43.154713054 ], [ 141.339310558, 43.154803892 ], [ 141.339321673, 43.154826946 ], [ 141.339381673, 43.154952505 ], [ 141.339491114999987, 43.155082505 ], [ 141.339657781999989, 43.155160559 ], [ 141.339891946, 43.155238892 ], [ 141.340071946, 43.155243892 ], [ 141.340276109, 43.155232225 ], [ 141.340321388, 43.155229721 ], [ 141.340574163000014, 43.155215279 ], [ 141.34088917, 43.155237775 ], [ 141.34097778200001, 43.155244171 ], [ 141.341238054, 43.155288333 ], [ 141.341370272, 43.155284721 ], [ 141.341529728000012, 43.155280559 ], [ 141.341666667, 43.155356198 ], [ 141.34185, 43.155457505 ], [ 141.342016667, 43.155608613 ], [ 141.342027224, 43.155644171 ], [ 141.342042776, 43.155696946 ], [ 141.341990558, 43.155857775 ], [ 141.341964721000011, 43.155936667 ], [ 141.341915279, 43.156040838 ], [ 141.341845006, 43.156202225 ], [ 141.341818885, 43.156337775 ], [ 141.341756939, 43.156376387 ], [ 141.341739170000011, 43.156387505 ], [ 141.341668054, 43.156431667 ], [ 141.341666667, 43.156433414 ], [ 141.341532503, 43.156603333 ], [ 141.341391945999987, 43.156765 ], [ 141.341209728, 43.156910838 ], [ 141.341162776, 43.156978333 ], [ 141.341173061, 43.157066387 ], [ 141.34122, 43.157225279 ], [ 141.341269442, 43.157332225 ], [ 141.34130221800001, 43.157363892 ], [ 141.341339728, 43.157399721 ], [ 141.341480558, 43.157462225 ], [ 141.341666667, 43.157499946 ], [ 141.341712218, 43.157509171 ], [ 141.341915279, 43.157506667 ], [ 141.342235550999987, 43.15746 ], [ 141.342425837, 43.157418333 ], [ 141.342623605999989, 43.157347775 ], [ 141.342785006000014, 43.157294441 ], [ 141.342808053999988, 43.157286667 ], [ 141.342906938999988, 43.157254171 ], [ 141.343185551, 43.157204721 ], [ 141.343462776, 43.157175 ], [ 141.343503333, 43.157170559 ], [ 141.343670272, 43.157152505 ], [ 141.343891673, 43.157173333 ], [ 141.343977497, 43.157233333 ], [ 141.34401917, 43.157332225 ], [ 141.344025550999987, 43.157371108 ], [ 141.344037496999988, 43.157441667 ], [ 141.344030272, 43.157587225 ], [ 141.344011388000013, 43.157967775 ], [ 141.343979442, 43.158071946 ], [ 141.343917497, 43.158275 ], [ 141.34389027200001, 43.158333333 ], [ 141.343730271999988, 43.158676108 ], [ 141.34362083, 43.158884441 ], [ 141.343412503, 43.159196667 ], [ 141.343490558000013, 43.159363333 ], [ 141.3436, 43.159524721 ], [ 141.34375083, 43.159675559 ], [ 141.343975006, 43.159894441 ], [ 141.344094721, 43.160055838 ], [ 141.344198885, 43.160295559 ], [ 141.344318612, 43.160602775 ], [ 141.34440693900001, 43.160816387 ], [ 141.344531945999989, 43.160889441 ], [ 141.344672503, 43.160936108 ], [ 141.345242776, 43.160946387 ], [ 141.345500558, 43.160915279 ], [ 141.345661388, 43.160891667 ], [ 141.345714163, 43.160883892 ], [ 141.345841673, 43.160813613 ], [ 141.345935551, 43.160717225 ], [ 141.345974449000011, 43.160618613 ], [ 141.34598749700001, 43.160465 ], [ 141.345976667, 43.160242505 ], [ 141.345974449000011, 43.160196667 ], [ 141.345901672999986, 43.159941387 ], [ 141.34592, 43.159821667 ], [ 141.346008612, 43.159706946 ], [ 141.34612834, 43.159644441 ], [ 141.346333891, 43.159543054 ], [ 141.346456394, 43.159477775 ], [ 141.34663083, 43.159425559 ], [ 141.346755836999989, 43.159415279 ], [ 141.346953332999988, 43.159399721 ], [ 141.347008885, 43.159395279 ], [ 141.347182776000011, 43.159381387 ], [ 141.34738333300001, 43.159401108 ], [ 141.347896666999986, 43.159451946 ], [ 141.348255279, 43.159451946 ], [ 141.348284721, 43.159451946 ], [ 141.348356109, 43.159453613 ], [ 141.348526666999987, 43.159457225 ], [ 141.348760558, 43.159519721 ], [ 141.348851946, 43.159618892 ], [ 141.34891944200001, 43.159795838 ], [ 141.348984721, 43.159915559 ], [ 141.348973891000014, 43.160011667 ], [ 141.348969442, 43.160052225 ], [ 141.34894834, 43.160240838 ], [ 141.348946939, 43.160350279 ], [ 141.348943061, 43.160683333 ], [ 141.348935278999988, 43.160748892 ], [ 141.34893083, 43.160784721 ], [ 141.348917224, 43.160899721 ], [ 141.349000558, 43.161108054 ], [ 141.349099442000011, 43.161311108 ], [ 141.349224449, 43.161456946 ], [ 141.349536938999989, 43.161628892 ], [ 141.349729442000012, 43.161738333 ], [ 141.35, 43.161949838 ], [ 141.350015837, 43.161962225 ], [ 141.350307224, 43.162170559 ], [ 141.350440271999986, 43.162253892 ], [ 141.350597497, 43.162287225 ], [ 141.350661388, 43.162300838 ], [ 141.350771114999986, 43.162324171 ], [ 141.350981946, 43.162443892 ], [ 141.351284163, 43.162730279 ], [ 141.351393333, 43.162803333 ], [ 141.351755279, 43.163024721 ], [ 141.352086667, 43.163237505 ], [ 141.352380272, 43.163425838 ], [ 141.352786394, 43.163587225 ], [ 141.353171673, 43.163660279 ], [ 141.353266394, 43.163684441 ], [ 141.353374721, 43.163712225 ], [ 141.353317497, 43.163826946 ], [ 141.353015551, 43.164217225 ], [ 141.352703061, 43.164581946 ], [ 141.352239442000013, 43.165061108 ], [ 141.351994721000011, 43.165264171 ], [ 141.351510272000013, 43.165748054 ], [ 141.35136472100001, 43.165909441 ], [ 141.351265837, 43.16617 ], [ 141.351215006, 43.166293054 ], [ 141.35113289200001, 43.166537171 ], [ 141.351079948, 43.166666667 ], [ 141.351010272, 43.166837 ], [ 141.350946887, 43.167000838 ], [ 141.350955331, 43.16705336 ], [ 141.350995499, 43.16709664 ], [ 141.351121283999987, 43.167193252 ], [ 141.351484864000014, 43.167445171 ], [ 141.351742244, 43.167605532 ], [ 141.351854306, 43.167670441 ], [ 141.351985357, 43.167781721 ], [ 141.352141829, 43.167962559 ], [ 141.352351479, 43.168215505 ], [ 141.352495188, 43.168357667 ], [ 141.35297219200001, 43.168737694 ], [ 141.353244890000013, 43.168935054 ], [ 141.353451388, 43.169099838 ], [ 141.353516939, 43.169203387 ], [ 141.353700078, 43.169571919 ], [ 141.353848003, 43.169992135 ], [ 141.353901893999989, 43.170280279 ], [ 141.353956835, 43.170564559 ], [ 141.354016005, 43.170725225 ], [ 141.354212555, 43.171329306 ], [ 141.354309754000013, 43.171619748 ], [ 141.354483061, 43.172101775 ], [ 141.354625694, 43.172430108 ], [ 141.354722892000012, 43.172598505 ], [ 141.354801089, 43.172712838 ], [ 141.355222555000012, 43.173391279 ], [ 141.355313411, 43.173525694 ], [ 141.355426472, 43.173668613 ], [ 141.355863917, 43.174244865 ], [ 141.355942113999987, 43.174336027 ], [ 141.356374721, 43.174722505 ], [ 141.356687834000013, 43.175 ], [ 141.356718715999989, 43.175027387 ], [ 141.35707061, 43.175295441 ], [ 141.357326304, 43.175459198 ], [ 141.357628495, 43.175621441 ], [ 141.358045863, 43.175838505 ], [ 141.358333333, 43.17594164 ], [ 141.358390311, 43.175962081 ], [ 141.35868406, 43.176048613 ], [ 141.358996641, 43.176102586 ], [ 141.359246004999989, 43.176128838 ], [ 141.359347445, 43.176141198 ], [ 141.360272049, 43.176235946 ], [ 141.360832088, 43.176299279 ], [ 141.361391024999989, 43.176340225 ], [ 141.36176297, 43.176371135 ], [ 141.362018664, 43.176385027 ], [ 141.362270142999989, 43.176386586 ], [ 141.36251214, 43.17636264 ], [ 141.36291153, 43.176294667 ], [ 141.363175694, 43.176246775 ], [ 141.363742049, 43.176123171 ], [ 141.364107665, 43.176011919 ], [ 141.364344358000011, 43.175923865 ], [ 141.364766939, 43.175764721 ], [ 141.365323891, 43.175530279 ], [ 141.365844721, 43.175316667 ], [ 141.366217224, 43.17515 ], [ 141.366573606, 43.175 ], [ 141.366666667, 43.174960838 ], [ 141.367095006, 43.174780559 ], [ 141.367662218, 43.174546108 ], [ 141.368289728, 43.174275279 ], [ 141.369382607, 43.173859667 ], [ 141.369868664, 43.173655748 ], [ 141.371263411, 43.173071748 ], [ 141.371729144, 43.172881198 ], [ 141.372147588, 43.172726694 ], [ 141.372599831, 43.172596919 ], [ 141.372988664, 43.172485667 ], [ 141.373470506, 43.172349721 ], [ 141.374205966, 43.172192135 ], [ 141.374730052, 43.172090171 ], [ 141.375, 43.172035865 ], [ 141.375359831, 43.171963468 ], [ 141.375689494, 43.171898586 ], [ 141.376078418, 43.171855306 ], [ 141.376386939000014, 43.171815135 ], [ 141.376657445, 43.171799694 ], [ 141.377223865, 43.171774973 ], [ 141.378022698, 43.171722441 ], [ 141.37850031100001, 43.171688441 ], [ 141.379210467, 43.171666802 ], [ 141.379819053, 43.171673 ], [ 141.38029666700001, 43.171706973 ], [ 141.38076163400001, 43.171759505 ], [ 141.381091336, 43.171808946 ], [ 141.381412555, 43.171852198 ], [ 141.38206345, 43.171966532 ], [ 141.382929948, 43.172124135 ], [ 141.383276497999987, 43.172176667 ], [ 141.383333333, 43.172176171 ], [ 141.383618885, 43.172173586 ], [ 141.384823501999989, 43.172362054 ], [ 141.385005253, 43.172405333 ], [ 141.385305383, 43.172501135 ], [ 141.385733606, 43.172671667 ], [ 141.385673113, 43.172655613 ], [ 141.385943606000012, 43.172779225 ], [ 141.386146472, 43.172856468 ], [ 141.38641275, 43.172924441 ], [ 141.386974968, 43.173085171 ], [ 141.387406083, 43.173252027 ], [ 141.387731556, 43.173378721 ], [ 141.388002049, 43.173508505 ], [ 141.388403579999988, 43.173718613 ], [ 141.388716355000014, 43.173904027 ], [ 141.388991089, 43.174098694 ], [ 141.389329221999986, 43.174327333 ], [ 141.389633528, 43.17459 ], [ 141.389870272, 43.174837225 ], [ 141.390028638, 43.175 ], [ 141.390272944, 43.175251108 ], [ 141.390701946, 43.175756333 ], [ 141.390943891, 43.176002505 ], [ 141.391148885, 43.176321667 ], [ 141.391369728, 43.176711135 ], [ 141.391441582, 43.176847108 ], [ 141.391505005999988, 43.177023225 ], [ 141.39151131, 43.177222532 ], [ 141.39166666700001, 43.177541225 ], [ 141.391794501, 43.177803441 ], [ 141.392234086, 43.178656279 ], [ 141.392498223, 43.179173838 ], [ 141.392756057000014, 43.179572441 ], [ 141.392954694999986, 43.179896892 ], [ 141.393195642, 43.18033264 ], [ 141.393377393, 43.18067564 ], [ 141.393893021999986, 43.181377054 ], [ 141.394186394, 43.181796559 ], [ 141.394448612, 43.182124441 ], [ 141.394613281, 43.182315667 ], [ 141.394828859, 43.182538171 ], [ 141.395183502, 43.182825108 ], [ 141.395750246, 43.183332306 ], [ 141.395751245000014, 43.183333333 ], [ 141.396046135, 43.183635135 ], [ 141.396172918, 43.183743279 ], [ 141.396582918, 43.184002838 ], [ 141.39720847000001, 43.184469441 ], [ 141.398024228, 43.18512764 ], [ 141.398493645, 43.185459775 ], [ 141.398654306, 43.185586505 ], [ 141.399039079, 43.185806 ], [ 141.399533190999989, 43.186255532 ], [ 141.399909364, 43.186586171 ], [ 141.4, 43.186660108 ], [ 141.400161479, 43.186791865 ], [ 141.400465811, 43.187063775 ], [ 141.400835772, 43.187417441 ], [ 141.401228911, 43.187769721 ], [ 141.401617781999988, 43.188106532 ], [ 141.401951699, 43.188387748 ], [ 141.402298339999987, 43.188678225 ], [ 141.402577224, 43.188894505 ], [ 141.402788586000014, 43.189011946 ], [ 141.403021051, 43.189120108 ], [ 141.403350752, 43.189283892 ], [ 141.403570558000013, 43.189358054 ], [ 141.403851803, 43.189418333 ], [ 141.404046226, 43.189458505 ], [ 141.404337911999988, 43.189486333 ], [ 141.405065058, 43.189514108 ], [ 141.405149079000012, 43.189510441 ], [ 141.405311829, 43.189445532 ], [ 141.405406938999988, 43.18942236 ], [ 141.405611388000011, 43.189194721 ], [ 141.405806394, 43.188991667 ], [ 141.406017497, 43.188788333 ], [ 141.406413332999989, 43.188400279 ], [ 141.406515006, 43.188238892 ], [ 141.406991388, 43.187746946 ], [ 141.407283060999987, 43.187452775 ], [ 141.407363606, 43.187364171 ], [ 141.407871388, 43.186965838 ], [ 141.408158054000012, 43.186749721 ], [ 141.408333333, 43.186588613 ], [ 141.408738885, 43.186215838 ], [ 141.408895006, 43.186093613 ], [ 141.408996394000013, 43.185968613 ], [ 141.409098054, 43.185804721 ], [ 141.409254163000014, 43.185588333 ], [ 141.409342775999988, 43.185400838 ], [ 141.409376394, 43.185241946 ], [ 141.409368612, 43.185140559 ], [ 141.409353333000013, 43.185041387 ], [ 141.409280272, 43.184890559 ], [ 141.409178884999989, 43.184726387 ], [ 141.409053891000013, 43.184557225 ], [ 141.40884834, 43.184294171 ], [ 141.40874138800001, 43.184187225 ], [ 141.408647782, 43.184119441 ], [ 141.408509728000013, 43.184033613 ], [ 141.408387224, 43.183947505 ], [ 141.408333333, 43.183933 ], [ 141.408262218, 43.183913892 ], [ 141.408100558, 43.183908613 ], [ 141.407808885, 43.183942505 ], [ 141.407613891000011, 43.183926946 ], [ 141.407379442, 43.183916667 ], [ 141.407184163000011, 43.183885279 ], [ 141.406936667, 43.183853892 ], [ 141.406770271999989, 43.183817505 ], [ 141.406593332999989, 43.183757505 ], [ 141.406387497, 43.183684721 ], [ 141.406262503, 43.183632505 ], [ 141.40615834, 43.183572775 ], [ 141.406001388, 43.183543613 ], [ 141.405976109, 43.183538892 ], [ 141.405749442, 43.183398333 ], [ 141.40563917, 43.183333333 ], [ 141.405597224, 43.183308613 ], [ 141.405241673, 43.183098892 ], [ 141.404965837, 43.182947775 ], [ 141.404585551, 43.182775838 ], [ 141.404265278999986, 43.182521108 ], [ 141.404231673, 43.182492505 ], [ 141.404225551, 43.182487225 ], [ 141.403999728, 43.182294441 ], [ 141.403869727999989, 43.182187505 ], [ 141.403624721, 43.181916667 ], [ 141.403450271999986, 43.181708613 ], [ 141.403425836999986, 43.181652775 ], [ 141.403338053999988, 43.181453333 ], [ 141.403200272, 43.181231946 ], [ 141.403122218, 43.181021108 ], [ 141.402968612, 43.180794441 ], [ 141.402825279000012, 43.180580838 ], [ 141.402734163, 43.180476667 ], [ 141.402601388, 43.180354171 ], [ 141.402390558, 43.180130279 ], [ 141.401861946, 43.179604441 ], [ 141.401421946, 43.179153892 ], [ 141.401135278999988, 43.178859721 ], [ 141.40079972800001, 43.178505559 ], [ 141.400401388, 43.178068054 ], [ 141.400021114999987, 43.177700838 ], [ 141.4, 43.177675559 ], [ 141.399677497, 43.177289441 ], [ 141.399312775999988, 43.176914441 ], [ 141.399041946000011, 43.176565559 ], [ 141.398922218, 43.176419721 ], [ 141.398748054, 43.176172225 ], [ 141.39861250300001, 43.175966946 ], [ 141.398487497, 43.175706387 ], [ 141.398391388, 43.17555 ], [ 141.398315837000013, 43.175445838 ], [ 141.398255837, 43.175266108 ], [ 141.398206394, 43.175115279 ], [ 141.398192218, 43.175021108 ], [ 141.398189079, 43.175 ], [ 141.398172503000012, 43.174888613 ], [ 141.398120272, 43.174636108 ], [ 141.398099441999989, 43.174466667 ], [ 141.398099441999989, 43.174279171 ], [ 141.398112503, 43.174125559 ], [ 141.39816221800001, 43.173852225 ], [ 141.39816221800001, 43.173591946 ], [ 141.39817, 43.173472225 ], [ 141.398221946, 43.173323892 ], [ 141.398292218, 43.173162505 ], [ 141.398479728000012, 43.172803054 ], [ 141.398581388, 43.172597225 ], [ 141.398623061, 43.172511387 ], [ 141.398776667, 43.172292505 ], [ 141.398930272, 43.172107775 ], [ 141.399183061, 43.171782225 ], [ 141.399302776000013, 43.171646667 ], [ 141.399464163, 43.171488054 ], [ 141.399675006, 43.171321667 ], [ 141.399953891, 43.171108054 ], [ 141.4, 43.171083027 ], [ 141.400107497, 43.171024721 ], [ 141.400242776, 43.170905 ], [ 141.400482503, 43.17078 ], [ 141.400696109, 43.170681108 ], [ 141.401018885000013, 43.170561108 ], [ 141.401214163, 43.170490838 ], [ 141.401425006000011, 43.170407505 ], [ 141.401839169999988, 43.170298054 ], [ 141.402495006, 43.170123613 ], [ 141.402711114999988, 43.170074171 ], [ 141.402953333, 43.170006667 ], [ 141.403255551, 43.169951946 ], [ 141.403633061, 43.169892225 ], [ 141.403851946, 43.169873892 ], [ 141.404055006, 43.169876667 ], [ 141.40445083, 43.169892225 ], [ 141.40474, 43.169926108 ], [ 141.405013333, 43.169962505 ], [ 141.40525555100001, 43.169972775 ], [ 141.405315279, 43.169981108 ], [ 141.405669442, 43.17003 ], [ 141.406786394, 43.170175838 ], [ 141.407625005999989, 43.170313892 ], [ 141.408333333, 43.170453306 ], [ 141.408882503, 43.170561387 ], [ 141.409726393999989, 43.170715 ], [ 141.410801673, 43.170912775 ], [ 141.412025551, 43.171139441 ], [ 141.412965006, 43.171263892 ], [ 141.413241672999987, 43.171313892 ], [ 141.413546394, 43.171363333 ], [ 141.413843891, 43.171404171 ], [ 141.413962776, 43.171420559 ], [ 141.414285837, 43.171449171 ], [ 141.414556667, 43.171446667 ], [ 141.414748612000011, 43.171451667 ], [ 141.414839728, 43.171453892 ], [ 141.415165836999989, 43.171462225 ], [ 141.415650272, 43.171485838 ], [ 141.41589221800001, 43.171501387 ], [ 141.416225551, 43.17153 ], [ 141.416666666999987, 43.17156164 ], [ 141.416733061, 43.171566387 ], [ 141.417106109, 43.171607775 ], [ 141.417150558, 43.171612505 ], [ 141.41735055800001, 43.171634721 ], [ 141.41780083, 43.171684171 ], [ 141.417922218, 43.171698054 ], [ 141.418321673, 43.171743892 ], [ 141.418511946, 43.171785559 ], [ 141.41879834, 43.171814441 ], [ 141.419058885, 43.171840279 ], [ 141.419183890999989, 43.171840279 ], [ 141.419368612, 43.171811667 ], [ 141.419563606, 43.17177 ], [ 141.420032502999987, 43.171582505 ], [ 141.420298054, 43.171395 ], [ 141.420709442, 43.171103333 ], [ 141.421037782000013, 43.170863892 ], [ 141.421610558, 43.170447225 ], [ 141.422532503000014, 43.169780838 ], [ 141.423528054, 43.169101667 ], [ 141.423654449, 43.169032775 ], [ 141.423815837, 43.168970279 ], [ 141.424524163, 43.168564441 ], [ 141.424623606000011, 43.168509721 ], [ 141.424971946, 43.168319441 ], [ 141.425, 43.168307973 ], [ 141.425315551000011, 43.168178892 ], [ 141.425419728, 43.168205 ], [ 141.425638612, 43.168408054 ], [ 141.425737497, 43.168543613 ], [ 141.426366109000014, 43.169101946 ], [ 141.426542776, 43.169265559 ], [ 141.42676917, 43.169424171 ], [ 141.426904449, 43.169505838 ], [ 141.426985279, 43.169554441 ], [ 141.427326109, 43.169746946 ], [ 141.427617782, 43.169911387 ], [ 141.42775834, 43.169973613 ], [ 141.427943333, 43.170054171 ], [ 141.428177782, 43.170093613 ], [ 141.428425006, 43.170124721 ], [ 141.428656939, 43.170145559 ], [ 141.42886, 43.170158613 ], [ 141.429211673, 43.170189721 ], [ 141.429529441999989, 43.170213333 ], [ 141.430112218, 43.170257505 ], [ 141.430456109, 43.170288613 ], [ 141.430685278999988, 43.170345838 ], [ 141.431068054, 43.170348613 ], [ 141.431147224, 43.170344721 ], [ 141.431450829999989, 43.170330279 ], [ 141.431729442, 43.170296387 ], [ 141.431938054, 43.170257505 ], [ 141.43213834, 43.170208054 ], [ 141.432398885, 43.170103892 ], [ 141.43265917, 43.169989441 ], [ 141.432971673, 43.169825279 ], [ 141.433208611999987, 43.169676946 ], [ 141.433331114999987, 43.169598613 ], [ 141.433333333, 43.169597027 ], [ 141.433536939, 43.169452775 ], [ 141.433599442, 43.169385279 ], [ 141.433659442, 43.169320279 ], [ 141.433747782000012, 43.169184721 ], [ 141.433799442, 43.169102225 ], [ 141.434018418, 43.166666667 ], [ 141.434138053999988, 43.165335838 ], [ 141.434166667, 43.164995279 ], [ 141.434168340000014, 43.164975 ], [ 141.434325836999989, 43.163101667 ], [ 141.434327497, 43.163083613 ], [ 141.434341388, 43.162929441 ], [ 141.434398612, 43.162778613 ], [ 141.434528885, 43.162627775 ], [ 141.43478944200001, 43.162393613 ], [ 141.435263333, 43.162091387 ], [ 141.435664163000013, 43.161883054 ], [ 141.436315279000013, 43.161628054 ], [ 141.43653917, 43.161549721 ], [ 141.436799728000011, 43.161492505 ], [ 141.437127782, 43.161450838 ], [ 141.437565279000012, 43.161414441 ], [ 141.437997497, 43.161435279 ], [ 141.438205837, 43.161487225 ], [ 141.438800272, 43.161782225 ], [ 141.438940272, 43.161851946 ], [ 141.439743891, 43.162405 ], [ 141.440075837, 43.162633333 ], [ 141.440408612, 43.162862225 ], [ 141.440917224, 43.163211108 ], [ 141.441666667, 43.163671306 ], [ 141.441672218, 43.163674721 ], [ 141.442578612, 43.164190279 ], [ 141.445284163, 43.165781108 ], [ 141.445483891, 43.165902505 ], [ 141.445805551, 43.166098333 ], [ 141.445905837, 43.166159171 ], [ 141.446205006000014, 43.166341108 ], [ 141.446912244, 43.166666667 ], [ 141.446985837, 43.166700559 ], [ 141.447634163, 43.166940279 ], [ 141.447868612, 43.166994721 ], [ 141.448134163, 43.166997505 ], [ 141.448347782000013, 43.166955838 ], [ 141.448450830000013, 43.166922505 ], [ 141.448751673, 43.166825559 ], [ 141.448845837, 43.166780838 ], [ 141.448965279, 43.166723892 ], [ 141.449031193, 43.166666667 ], [ 141.449051673000014, 43.166648892 ], [ 141.449314163, 43.166421946 ], [ 141.449541946000011, 43.166011108 ], [ 141.449563891, 43.165971387 ], [ 141.449581388000013, 43.165630559 ], [ 141.449595837, 43.165343613 ], [ 141.449605551, 43.165153892 ], [ 141.449611388, 43.164798054 ], [ 141.449613891000013, 43.164636108 ], [ 141.449614720999989, 43.164581946 ], [ 141.449615551, 43.164521108 ], [ 141.449616109, 43.164495 ], [ 141.449597224, 43.164285 ], [ 141.449540829999989, 43.163656667 ], [ 141.449410558000011, 43.162757225 ], [ 141.449392503000013, 43.162633333 ], [ 141.449345551, 43.162513613 ], [ 141.449137224, 43.161711667 ], [ 141.448772776, 43.160430559 ], [ 141.448621673, 43.159758613 ], [ 141.448543891000014, 43.159081667 ], [ 141.448476109000012, 43.158738054 ], [ 141.448312996, 43.158333333 ], [ 141.448215837, 43.158092225 ], [ 141.447741673, 43.157388892 ], [ 141.447453061, 43.156958333 ], [ 141.447351115, 43.156806108 ], [ 141.447200272, 43.156519441 ], [ 141.447070272, 43.156160279 ], [ 141.44694, 43.155868333 ], [ 141.446913891, 43.155483054 ], [ 141.446944449, 43.155310279 ], [ 141.446976393999989, 43.155128892 ], [ 141.447101115, 43.154868613 ], [ 141.447507497, 43.154420838 ], [ 141.447825279, 43.154145 ], [ 141.448226393999988, 43.153733613 ], [ 141.448596109, 43.153254441 ], [ 141.44875221800001, 43.152821946 ], [ 141.448866939, 43.152343054 ], [ 141.449038885, 43.151973054 ], [ 141.449278885000012, 43.151259721 ], [ 141.449805188, 43.15 ], [ 141.449940272, 43.149676667 ], [ 141.45, 43.149531694 ], [ 141.45035083, 43.14868 ], [ 141.450668054, 43.147911108 ], [ 141.450867497, 43.147426946 ], [ 141.451151388, 43.146543613 ], [ 141.451571115, 43.145239721 ], [ 141.45232083, 43.143198333 ], [ 141.452889053, 43.141666667 ], [ 141.45312834, 43.141021667 ], [ 141.45345083, 43.140026387 ], [ 141.454212218, 43.137678333 ], [ 141.45443083, 43.137022225 ], [ 141.45469055800001, 43.136065559 ], [ 141.454826938999986, 43.135564171 ], [ 141.455003891, 43.134730838 ], [ 141.455206161, 43.133333333 ], [ 141.45524360600001, 43.133074721 ], [ 141.455348054000012, 43.131929171 ], [ 141.455358612, 43.131397505 ], [ 141.455363061000014, 43.131177225 ], [ 141.455389728, 43.129856667 ], [ 141.455368885000013, 43.128950279 ], [ 141.455344720999989, 43.128682505 ], [ 141.455171115000013, 43.126763054 ], [ 141.454948755, 43.125 ], [ 141.45489, 43.124534171 ], [ 141.454681946, 43.123367775 ], [ 141.454411115, 43.122253333 ], [ 141.454400558, 43.122214441 ], [ 141.454119442, 43.121191108 ], [ 141.453718611999989, 43.119956667 ], [ 141.453347224, 43.119059721 ], [ 141.452355694, 43.116666667 ], [ 141.452171673, 43.116222505 ], [ 141.451954721, 43.115629721 ], [ 141.45178639400001, 43.115170559 ], [ 141.451145006, 43.113602775 ], [ 141.450942776, 43.113108333 ], [ 141.450286667, 43.111608333 ], [ 141.45, 43.110867135 ], [ 141.449485006, 43.109535559 ], [ 141.449332218, 43.109197775 ], [ 141.44894061, 43.108333333 ], [ 141.448536939, 43.107442225 ], [ 141.447985837, 43.106309441 ], [ 141.447974448999986, 43.106285838 ], [ 141.447370272, 43.105181667 ], [ 141.447342217999989, 43.105140838 ], [ 141.447310558, 43.105094171 ], [ 141.447023605999988, 43.104673613 ], [ 141.44646083, 43.103848613 ], [ 141.446297496999989, 43.103608892 ], [ 141.444391673000013, 43.101046387 ], [ 141.444757224, 43.100836946 ], [ 141.445711388, 43.100291387 ], [ 141.446085278999988, 43.100077225 ], [ 141.446220246, 43.1 ], [ 141.447631115, 43.099192775 ], [ 141.45, 43.097819532 ], [ 141.452266109, 43.096505838 ], [ 141.453768884999988, 43.095589171 ], [ 141.454128340000011, 43.09537 ], [ 141.456591946, 43.093867505 ], [ 141.456859442, 43.093704171 ], [ 141.45721083, 43.093449441 ], [ 141.457257497, 43.093415838 ], [ 141.457642217999989, 43.093823892 ], [ 141.457973061, 43.094157225 ], [ 141.45818, 43.094389721 ], [ 141.458219727999989, 43.094434441 ], [ 141.458333333000013, 43.094562 ], [ 141.458387224, 43.094622505 ], [ 141.45847834, 43.094725 ], [ 141.458571946, 43.094915559 ], [ 141.458631946, 43.095037505 ], [ 141.458686667, 43.095227505 ], [ 141.458783061, 43.095542775 ], [ 141.45888444900001, 43.09604 ], [ 141.458902776, 43.096263892 ], [ 141.458871388, 43.096461946 ], [ 141.458785837, 43.096774441 ], [ 141.458776394000012, 43.096841387 ], [ 141.458738885, 43.097102505 ], [ 141.458803891, 43.097381108 ], [ 141.458873606, 43.097529171 ], [ 141.458884721, 43.097553054 ], [ 141.459004449, 43.097719721 ], [ 141.459148054, 43.097902505 ], [ 141.459165837, 43.097925279 ], [ 141.459177782000012, 43.097964171 ], [ 141.459197782, 43.098030559 ], [ 141.459220558, 43.098104721 ], [ 141.459216938999987, 43.098214721 ], [ 141.459212775999987, 43.098333892 ], [ 141.459186394, 43.098524171 ], [ 141.459069441999986, 43.099011387 ], [ 141.459035551, 43.099149441 ], [ 141.459051115, 43.099323892 ], [ 141.459077224, 43.099399441 ], [ 141.459196939, 43.09954 ], [ 141.459399728, 43.099680838 ], [ 141.459436667, 43.099706387 ], [ 141.459717782000013, 43.099828892 ], [ 141.460131673, 43.099946108 ], [ 141.460333606, 43.099979441 ], [ 141.460459195999988, 43.1 ], [ 141.460621115, 43.100026667 ], [ 141.461248885, 43.100099721 ], [ 141.462201946, 43.100115279 ], [ 141.462441388, 43.100097505 ], [ 141.462652502999987, 43.100081667 ], [ 141.462905279000012, 43.100086667 ], [ 141.463600272, 43.100097225 ], [ 141.463813891, 43.100098333 ], [ 141.46405083, 43.100099721 ], [ 141.464996109, 43.100110559 ], [ 141.46544917, 43.100048054 ], [ 141.465674358, 43.1 ], [ 141.465693891, 43.099995838 ], [ 141.465891946, 43.099881387 ], [ 141.466016939000014, 43.099756387 ], [ 141.466052502999986, 43.099703613 ], [ 141.466136667, 43.099579171 ], [ 141.466173061, 43.099402225 ], [ 141.466152218, 43.099245838 ], [ 141.466136393999989, 43.098917775 ], [ 141.466193890999989, 43.098756387 ], [ 141.466271946, 43.098594721 ], [ 141.46630221800001, 43.098562225 ], [ 141.466407224, 43.098448892 ], [ 141.466666667, 43.0982 ], [ 141.466933332999986, 43.097944171 ], [ 141.467345005999988, 43.097590559 ], [ 141.467376109000014, 43.097563892 ], [ 141.46741972800001, 43.097533613 ], [ 141.46791, 43.097191387 ], [ 141.46812083, 43.097035 ], [ 141.468305837, 43.096951667 ], [ 141.468722503, 43.096787775 ], [ 141.469157497, 43.096631387 ], [ 141.46929917, 43.096555279 ], [ 141.469495837000011, 43.096449441 ], [ 141.469831387999989, 43.096346946 ], [ 141.469964449, 43.096306108 ], [ 141.470144162999986, 43.096267225 ], [ 141.470375837, 43.096228054 ], [ 141.470769170000011, 43.096212505 ], [ 141.471756109000012, 43.096176108 ], [ 141.471912503, 43.096204721 ], [ 141.472383606, 43.096243613 ], [ 141.472478612, 43.09623 ], [ 141.472819728, 43.096181108 ], [ 141.472996667, 43.096155559 ], [ 141.473161946, 43.096131946 ], [ 141.473311673000012, 43.096125559 ], [ 141.473413061, 43.096121108 ], [ 141.473462218, 43.096118892 ], [ 141.473564721, 43.096114441 ], [ 141.473896394, 43.096100559 ], [ 141.474015006, 43.096022505 ], [ 141.474177782, 43.095915559 ], [ 141.474250558, 43.095746387 ], [ 141.474242776000011, 43.095617225 ], [ 141.474188054, 43.095488892 ], [ 141.473925006, 43.095178892 ], [ 141.473518885, 43.094816946 ], [ 141.473401673000012, 43.094598892 ], [ 141.473448612, 43.094369171 ], [ 141.473565551, 43.094249721 ], [ 141.473702218, 43.094176667 ], [ 141.473870272, 43.094126946 ], [ 141.474028885, 43.094152775 ], [ 141.474070558, 43.094251946 ], [ 141.474111946, 43.094431387 ], [ 141.474125837, 43.094600838 ], [ 141.474145837, 43.094822225 ], [ 141.474174449, 43.094936667 ], [ 141.474257782, 43.095009721 ], [ 141.474347782, 43.095015 ], [ 141.474414163, 43.095001946 ], [ 141.474461115, 43.094948613 ], [ 141.474496394, 43.094792225 ], [ 141.474547497, 43.094715279 ], [ 141.474656939, 43.094626667 ], [ 141.474771673, 43.094559171 ], [ 141.474805279, 43.094163333 ], [ 141.474834163, 43.093985838 ], [ 141.474875551, 43.093730838 ], [ 141.47495111500001, 43.093466387 ], [ 141.474958885, 43.093439441 ], [ 141.475, 43.093328225 ], [ 141.475047497, 43.093199721 ], [ 141.475086393999987, 43.093077505 ], [ 141.475102217999989, 43.092973333 ], [ 141.475156938999987, 43.092741946 ], [ 141.47517, 43.092457225 ], [ 141.475187782, 43.092072225 ], [ 141.475113891, 43.092002775 ], [ 141.475101673000012, 43.091995279 ], [ 141.475056394, 43.091967225 ], [ 141.475, 43.091932387 ], [ 141.474927782, 43.091887775 ], [ 141.474872633, 43.091666667 ], [ 141.474773891000012, 43.091270559 ], [ 141.474487497000013, 43.090090838 ], [ 141.474544721, 43.090018054 ], [ 141.474624449, 43.089995 ], [ 141.475, 43.089886748 ], [ 141.475228612, 43.089820838 ], [ 141.475438054, 43.089760279 ], [ 141.475462502999989, 43.089480559 ], [ 141.475500558, 43.089044171 ], [ 141.47563083, 43.088059721 ], [ 141.47561527900001, 43.087965838 ], [ 141.475521388, 43.087856387 ], [ 141.475266393999988, 43.087648054 ], [ 141.475, 43.087366505 ], [ 141.474675551, 43.087023613 ], [ 141.474292776, 43.086638333 ], [ 141.473771672999987, 43.086143333 ], [ 141.473417497000014, 43.08578 ], [ 141.472903333, 43.085185 ], [ 141.472736938999986, 43.085039171 ], [ 141.472528612, 43.084830838 ], [ 141.472205551, 43.084164171 ], [ 141.471747224000012, 43.083341387 ], [ 141.471742529000011, 43.083333333 ], [ 141.471455551, 43.082841387 ], [ 141.471268054, 43.082872775 ], [ 141.470773606, 43.081951108 ], [ 141.470737224, 43.081883054 ], [ 141.471611946, 43.081633054 ], [ 141.471653606, 43.081497775 ], [ 141.470872776, 43.080133333 ], [ 141.470872776, 43.079789721 ], [ 141.471445550999988, 43.078591667 ], [ 141.471518612000011, 43.078487505 ], [ 141.47157, 43.078396667 ], [ 141.471654721, 43.078247505 ], [ 141.471737224, 43.078102505 ], [ 141.472185279, 43.077591946 ], [ 141.472237224, 43.077435838 ], [ 141.471987224, 43.077248333 ], [ 141.471846667, 43.077097225 ], [ 141.471794448999987, 43.076977505 ], [ 141.471784163, 43.076873333 ], [ 141.471825837000011, 43.076769171 ], [ 141.472278885, 43.076144171 ], [ 141.472497782, 43.07579 ], [ 141.472995694, 43.075 ], [ 141.473065551, 43.074889171 ], [ 141.473404163, 43.074373613 ], [ 141.473726938999988, 43.073847775 ], [ 141.473756109, 43.073798333 ], [ 141.473794721, 43.073733054 ], [ 141.473618885, 43.073381108 ], [ 141.473367497, 43.072879171 ], [ 141.473025006, 43.072257505 ], [ 141.472602503, 43.07149 ], [ 141.472466667, 43.071243613 ], [ 141.471680271999986, 43.069816667 ], [ 141.471544720999987, 43.069535838 ], [ 141.471554163, 43.069522505 ], [ 141.471608612000011, 43.069444441 ], [ 141.471701115, 43.069311667 ], [ 141.47199834, 43.069095838 ], [ 141.472138612, 43.068994171 ], [ 141.472909442, 43.068431387 ], [ 141.473752217999987, 43.067804171 ], [ 141.473888612, 43.067702505 ], [ 141.475, 43.066845468 ], [ 141.475231855, 43.066666667 ], [ 141.475982218000013, 43.066088054 ], [ 141.477398612, 43.065012225 ], [ 141.478018612, 43.064541387 ], [ 141.478846667, 43.063937225 ], [ 141.479063333, 43.063767775 ], [ 141.479685006000011, 43.063281108 ], [ 141.480190558, 43.062885559 ], [ 141.480372503000012, 43.062781387 ], [ 141.48182055800001, 43.061666946 ], [ 141.482122776000011, 43.061442775 ], [ 141.482206394, 43.061375838 ], [ 141.482254721, 43.061337225 ], [ 141.482386109, 43.061232505 ], [ 141.483242217999987, 43.060548613 ], [ 141.483255551000013, 43.060538054 ], [ 141.483333333, 43.060475973 ], [ 141.483466109, 43.06037 ], [ 141.483440272, 43.060213892 ], [ 141.483333333, 43.059985865 ], [ 141.483122775999988, 43.059536946 ], [ 141.483263333, 43.059521387 ], [ 141.483333333, 43.059512468 ], [ 141.483838612, 43.059448054 ], [ 141.483869442000014, 43.059444171 ], [ 141.48526834, 43.059266108 ], [ 141.486044163, 43.059042225 ], [ 141.486664163, 43.058828613 ], [ 141.487294163, 43.058557775 ], [ 141.487580558, 43.058453613 ], [ 141.487663891000011, 43.058415279 ], [ 141.487840584, 43.058333333 ], [ 141.48794, 43.058287225 ], [ 141.488596109000014, 43.057875838 ], [ 141.488861673, 43.057735279 ], [ 141.489111673, 43.057615559 ], [ 141.48971083, 43.057287225 ], [ 141.490059728, 43.057141387 ], [ 141.49032, 43.057058054 ], [ 141.490741946000014, 43.056953892 ], [ 141.49105972800001, 43.056928054 ], [ 141.491666667, 43.056918694 ], [ 141.491726109000012, 43.056917775 ], [ 141.491996938999989, 43.056928054 ], [ 141.492114163, 43.056938333 ], [ 141.492528054, 43.056975 ], [ 141.49292917, 43.057079441 ], [ 141.4932, 43.05722 ], [ 141.493439728, 43.057303333 ], [ 141.493616667, 43.057386667 ], [ 141.493819728, 43.057532505 ], [ 141.493923891, 43.057646946 ], [ 141.494195006000012, 43.057787775 ], [ 141.494403061000014, 43.057860559 ], [ 141.494616394, 43.057907505 ], [ 141.494798885, 43.057933613 ], [ 141.495095551, 43.057959441 ], [ 141.495173671, 43.057970441 ], [ 141.495428885, 43.058006387 ], [ 141.495678885, 43.057996108 ], [ 141.495876939, 43.057980279 ], [ 141.4963, 43.057912775 ], [ 141.497399728, 43.057803333 ], [ 141.497410272, 43.055845279 ], [ 141.497416161, 43.055377081 ], [ 141.497454449, 43.052285559 ], [ 141.497462776, 43.051616387 ], [ 141.497493891, 43.050012505 ], [ 141.497498301, 43.05 ], [ 141.497556393999986, 43.049835279 ], [ 141.497650271999987, 43.049783333 ], [ 141.498281997, 43.05 ], [ 141.5, 43.050589225 ], [ 141.501233332999988, 43.051012225 ], [ 141.501347055999986, 43.05 ], [ 141.501535279, 43.048325 ], [ 141.501626109, 43.047725 ], [ 141.5019, 43.045919171 ], [ 141.502066109, 43.044819441 ], [ 141.502254163, 43.043575559 ], [ 141.502407224, 43.04222 ], [ 141.502504501, 43.041666667 ], [ 141.50260834, 43.041076108 ], [ 141.502893605999986, 43.038769721 ], [ 141.502931673, 43.038461667 ], [ 141.503244163, 43.035878613 ], [ 141.503505279, 43.033966667 ], [ 141.503510557999988, 43.033736387 ], [ 141.503513333, 43.033605 ], [ 141.503515005999986, 43.033535279 ], [ 141.503545837, 43.033333333 ], [ 141.503911115, 43.030941667 ], [ 141.504046394, 43.029995279 ], [ 141.504078054, 43.029807775 ], [ 141.504327782, 43.028327505 ], [ 141.504533606, 43.027073333 ], [ 141.504681946, 43.025838054 ], [ 141.504810271999986, 43.025 ], [ 141.505051946, 43.023421667 ], [ 141.505213606000012, 43.022306946 ], [ 141.505396939, 43.021032505 ], [ 141.505421673, 43.020859441 ], [ 141.504765551, 43.021098892 ], [ 141.504473891, 43.021161387 ], [ 141.50385917, 43.021151108 ], [ 141.503245005999986, 43.021182225 ], [ 141.502921945999987, 43.021098892 ], [ 141.50264083, 43.021067505 ], [ 141.501786667, 43.021171667 ], [ 141.501484721, 43.021161108 ], [ 141.501213891, 43.021161108 ], [ 141.50084917, 43.021255 ], [ 141.500224449, 43.021452775 ], [ 141.5, 43.021594279 ], [ 141.499943333, 43.02163 ], [ 141.499453606, 43.022088333 ], [ 141.499328612, 43.022223333 ], [ 141.499263606, 43.022448613 ], [ 141.499130830000013, 43.022588054 ], [ 141.49856834, 43.022848333 ], [ 141.498099442000012, 43.022952505 ], [ 141.49747083, 43.023020279 ], [ 141.497312218, 43.022994441 ], [ 141.497120271999989, 43.022963054 ], [ 141.496870272, 43.022910838 ], [ 141.496682776, 43.022879721 ], [ 141.496449727999988, 43.022882505 ], [ 141.496301673, 43.022936946 ], [ 141.495795279, 43.023124441 ], [ 141.495602776, 43.023171387 ], [ 141.495472503, 43.023181667 ], [ 141.49516, 43.023165838 ], [ 141.494001115, 43.023095279 ], [ 141.493711946, 43.023077505 ], [ 141.493210557999987, 43.023024171 ], [ 141.493024721000012, 43.023004441 ], [ 141.491915551, 43.022921108 ], [ 141.491666667, 43.022913225 ], [ 141.490603061, 43.022879441 ], [ 141.490196938999986, 43.022868892 ], [ 141.489967782, 43.022895 ], [ 141.489535550999989, 43.022936667 ], [ 141.488613606, 43.023061667 ], [ 141.48760333300001, 43.023233333 ], [ 141.487259728, 43.023295838 ], [ 141.487103333, 43.023316667 ], [ 141.486894721, 43.023223054 ], [ 141.486753528, 43.023141946 ], [ 141.486666667, 43.023092225 ], [ 141.486655837, 43.023086108 ], [ 141.486540558, 43.02302 ], [ 141.486427497, 43.022955279 ], [ 141.486358612, 43.022915838 ], [ 141.486082503, 43.022733333 ], [ 141.485915551, 43.022597225 ], [ 141.485884721, 43.022571946 ], [ 141.485718053999989, 43.022446946 ], [ 141.48559834, 43.022270279 ], [ 141.485578885, 43.022141667 ], [ 141.485568339999986, 43.022072775 ], [ 141.485561946, 43.022030559 ], [ 141.485556667, 43.021796108 ], [ 141.485447497, 43.021681667 ], [ 141.485285837, 43.02164 ], [ 141.484952502999988, 43.021494171 ], [ 141.48485917, 43.021426387 ], [ 141.484827782, 43.021358613 ], [ 141.484869442, 43.021311946 ], [ 141.485035837, 43.021244171 ], [ 141.485270272, 43.021202505 ], [ 141.485395278999988, 43.021160838 ], [ 141.485686939, 43.021160559 ], [ 141.485749442000014, 43.021145 ], [ 141.485770272, 43.020889721 ], [ 141.485791115000012, 43.020655279 ], [ 141.485806667, 43.02052 ], [ 141.485983606, 43.020290838 ], [ 141.48611917, 43.020092775 ], [ 141.486087782, 43.019993892 ], [ 141.48602, 43.019863613 ], [ 141.485973333, 43.019738892 ], [ 141.485941673000013, 43.019681946 ], [ 141.485895279, 43.019598333 ], [ 141.485650558, 43.019343054 ], [ 141.485619442, 43.019270279 ], [ 141.485629728, 43.019218054 ], [ 141.485692218, 43.019171387 ], [ 141.485796394, 43.019134721 ], [ 141.485926667, 43.019145279 ], [ 141.48606722400001, 43.019218054 ], [ 141.48629083, 43.019384721 ], [ 141.48634834, 43.019410838 ], [ 141.486431673, 43.019384721 ], [ 141.486561673000011, 43.019218054 ], [ 141.486671115, 43.019051387 ], [ 141.48679083, 43.018931667 ], [ 141.486895006, 43.018780559 ], [ 141.486926394, 43.018692225 ], [ 141.48691083, 43.018619171 ], [ 141.486822217999986, 43.018608892 ], [ 141.486614163000013, 43.018561946 ], [ 141.486348612, 43.018046387 ], [ 141.486296667, 43.017931946 ], [ 141.486353891, 43.017806946 ], [ 141.486447782, 43.017635 ], [ 141.486562217999989, 43.017520559 ], [ 141.486723606, 43.017358892 ], [ 141.487083061, 43.017483892 ], [ 141.48726, 43.017546387 ], [ 141.487462776, 43.017561946 ], [ 141.487676394, 43.017556946 ], [ 141.487796108999987, 43.017478892 ], [ 141.487885006, 43.017250279 ], [ 141.487941946, 43.017103892 ], [ 141.487999441999989, 43.017015279 ], [ 141.488006109, 43.017012775 ], [ 141.488072218000013, 43.016989171 ], [ 141.48808083, 43.016989721 ], [ 141.488181673000014, 43.016994441 ], [ 141.48864, 43.017005 ], [ 141.488806667, 43.016937225 ], [ 141.488785837, 43.016749721 ], [ 141.488773528, 43.016666667 ], [ 141.488744163, 43.016468333 ], [ 141.488707782, 43.016306946 ], [ 141.488624449000014, 43.016187225 ], [ 141.48848917, 43.016093333 ], [ 141.488395279, 43.015984171 ], [ 141.488363061, 43.015935559 ], [ 141.488324721, 43.015876946 ], [ 141.488286667000011, 43.015819441 ], [ 141.488047497, 43.015456946 ], [ 141.48785917, 43.015171667 ], [ 141.487796667, 43.015041387 ], [ 141.487895551, 43.014973613 ], [ 141.488145551, 43.015051946 ], [ 141.488192503, 43.015031108 ], [ 141.488270558000011, 43.014921946 ], [ 141.488291388, 43.014796946 ], [ 141.488234162999987, 43.014645838 ], [ 141.488176667, 43.014479171 ], [ 141.488387497, 43.014466387 ], [ 141.488431946, 43.014463613 ], [ 141.488874721, 43.014484441 ], [ 141.48898917, 43.014447775 ], [ 141.489020558, 43.014343613 ], [ 141.489062217999987, 43.014208333 ], [ 141.48907778200001, 43.014 ], [ 141.489098612, 43.013885279 ], [ 141.489145551, 43.01375 ], [ 141.489166394, 43.013625 ], [ 141.489103891000013, 43.013479171 ], [ 141.488968340000014, 43.013385279 ], [ 141.48873917, 43.013333333 ], [ 141.488640272, 43.013348892 ], [ 141.488564720999989, 43.013379721 ], [ 141.488525837, 43.013395838 ], [ 141.488426667, 43.013484441 ], [ 141.488202776, 43.013677225 ], [ 141.487918611999987, 43.013619721 ], [ 141.487686939000014, 43.013573054 ], [ 141.487082776, 43.013338613 ], [ 141.486826667, 43.013282775 ], [ 141.486822217999986, 43.013281946 ], [ 141.486676939, 43.013250279 ], [ 141.48664861200001, 43.013255279 ], [ 141.486557224, 43.013271108 ], [ 141.48640083, 43.01337 ], [ 141.486328054000012, 43.013385559 ], [ 141.486067782, 43.013271108 ], [ 141.485864721000013, 43.013276108 ], [ 141.485713606, 43.013380279 ], [ 141.485182218, 43.013104441 ], [ 141.484588339999988, 43.012682225 ], [ 141.483333333, 43.011828333 ], [ 141.48272917, 43.011421946 ], [ 141.482687497, 43.011333333 ], [ 141.482708339999988, 43.011166667 ], [ 141.482698054, 43.011046946 ], [ 141.482593891, 43.010979171 ], [ 141.482416667, 43.010942775 ], [ 141.482344163, 43.010880279 ], [ 141.482437782, 43.010531108 ], [ 141.482453606, 43.010385279 ], [ 141.482416938999989, 43.010244721 ], [ 141.482312775999986, 43.009984721 ], [ 141.482208885, 43.009718892 ], [ 141.482182776, 43.009343892 ], [ 141.482182776, 43.009203333 ], [ 141.48221917, 43.00912 ], [ 141.482344163, 43.008984721 ], [ 141.482604721, 43.008823054 ], [ 141.482522218000014, 43.008559441 ], [ 141.482473061, 43.008402775 ], [ 141.482451362, 43.008333333 ], [ 141.482339169999989, 43.007974441 ], [ 141.482224449, 43.007672225 ], [ 141.482219442, 43.007541946 ], [ 141.482245279000011, 43.007495279 ], [ 141.482401673, 43.007391108 ], [ 141.482490272, 43.007344171 ], [ 141.482422218000011, 43.007057775 ], [ 141.482401388, 43.006943333 ], [ 141.482338885, 43.006714171 ], [ 141.482245551, 43.006453892 ], [ 141.482120558, 43.006120279 ], [ 141.482052775999989, 43.005927505 ], [ 141.481974721, 43.005828613 ], [ 141.481802776, 43.005693333 ], [ 141.481703891, 43.005510838 ], [ 141.481625837, 43.005370279 ], [ 141.48151639400001, 43.005297505 ], [ 141.481256108999986, 43.005183054 ], [ 141.481157223999986, 43.005084171 ], [ 141.481125837, 43.004959171 ], [ 141.481115550999988, 43.00473 ], [ 141.481089442000012, 43.004636108 ], [ 141.481032218, 43.004464171 ], [ 141.48093834, 43.004328892 ], [ 141.480922776, 43.004240279 ], [ 141.480928054, 43.004146667 ], [ 141.480922776, 43.004037225 ], [ 141.480881388, 43.003891387 ], [ 141.480824163, 43.003787225 ], [ 141.480709442, 43.003646667 ], [ 141.480683333, 43.003459441 ], [ 141.480683333, 43.003376108 ], [ 141.480766667000012, 43.003198892 ], [ 141.480803333000011, 43.003126108 ], [ 141.480803333000011, 43.003026946 ], [ 141.480725006, 43.002876108 ], [ 141.480605279, 43.002683333 ], [ 141.4805, 43.002455279 ], [ 141.480330830000014, 43.002070559 ], [ 141.480307224, 43.001948333 ], [ 141.480269442, 43.001800559 ], [ 141.480204163, 43.001646946 ], [ 141.480154721, 43.001519441 ], [ 141.480084162999987, 43.001389171 ], [ 141.479988053999989, 43.001287775 ], [ 141.479831673, 43.001170559 ], [ 141.479636667, 43.001092505 ], [ 141.479451673, 43.000988333 ], [ 141.479293061, 43.000891946 ], [ 141.479155006000013, 43.000803333 ], [ 141.479053333, 43.000696667 ], [ 141.478902218, 43.000472775 ], [ 141.47880583700001, 43.000329171 ], [ 141.478722503, 43.000136387 ], [ 141.478626394, 43.000009171 ], [ 141.478612049, 43.0 ], [ 141.478431115, 42.999884171 ], [ 141.478350272, 42.999813892 ], [ 141.478279442, 42.999657505 ], [ 141.478233061, 42.999582225 ], [ 141.478144163, 42.99947 ], [ 141.47797834, 42.999269721 ], [ 141.477878885, 42.99915 ], [ 141.477743890999989, 42.998944171 ], [ 141.477681388, 42.998808892 ], [ 141.477590271999986, 42.998561387 ], [ 141.477566667, 42.998407775 ], [ 141.477553605999987, 42.998261946 ], [ 141.477600558, 42.997780279 ], [ 141.477566394, 42.997579171 ], [ 141.477701673000013, 42.997428333 ], [ 141.477897224, 42.997335 ], [ 141.478092776000011, 42.997259441 ], [ 141.478265837, 42.997166387 ], [ 141.478267224, 42.997165838 ], [ 141.478478054, 42.996999171 ], [ 141.478892218, 42.996634441 ], [ 141.479074449, 42.99646 ], [ 141.479168054000013, 42.996368892 ], [ 141.479308885, 42.99615 ], [ 141.479399728, 42.995975279 ], [ 141.479501672999987, 42.995694441 ], [ 141.479535279, 42.995621108 ], [ 141.479826939, 42.995271108 ], [ 141.479951946, 42.995150559 ], [ 141.480056109, 42.995015 ], [ 141.480126667, 42.994892505 ], [ 141.480241115000013, 42.994804171 ], [ 141.480337497, 42.994707775 ], [ 141.480439170000011, 42.994554171 ], [ 141.480506666999986, 42.994395279 ], [ 141.480584721000014, 42.994220838 ], [ 141.480688885, 42.994046387 ], [ 141.480696939000012, 42.993918613 ], [ 141.480723061, 42.993762505 ], [ 141.48073861200001, 42.993629721 ], [ 141.480717782, 42.993327505 ], [ 141.480644721, 42.992869441 ], [ 141.480603061000011, 42.992721108 ], [ 141.480564163, 42.992606387 ], [ 141.480483333, 42.992481387 ], [ 141.480386939, 42.992358892 ], [ 141.480253891, 42.992205279 ], [ 141.480173606, 42.992028333 ], [ 141.480090272000012, 42.991856667 ], [ 141.480006939, 42.991669171 ], [ 141.480006615, 42.991666667 ], [ 141.479988053999989, 42.991528054 ], [ 141.480001673, 42.991393054 ], [ 141.480040558000013, 42.991244721 ], [ 141.480074449, 42.991098892 ], [ 141.480108339999987, 42.990947775 ], [ 141.480258885000012, 42.990715838 ], [ 141.480399728, 42.990429441 ], [ 141.480415551, 42.990346108 ], [ 141.480399728, 42.990246946 ], [ 141.480301115, 42.990208333 ], [ 141.480212218, 42.990195 ], [ 141.479973333, 42.990208333 ], [ 141.479756939, 42.990200279 ], [ 141.47964527900001, 42.990174441 ], [ 141.479564449, 42.990125 ], [ 141.47942389100001, 42.99006 ], [ 141.479278054, 42.990018333 ], [ 141.479045837, 42.990012775 ], [ 141.478888612, 42.990001667 ], [ 141.478821673, 42.989996946 ], [ 141.478678885, 42.989950559 ], [ 141.47853, 42.989913613 ], [ 141.478371673, 42.989796946 ], [ 141.478270272, 42.989721387 ], [ 141.478113891, 42.989617225 ], [ 141.477934162999986, 42.989539171 ], [ 141.477736394, 42.989450559 ], [ 141.47755917, 42.989364441 ], [ 141.477533333, 42.989299441 ], [ 141.477541115, 42.989200559 ], [ 141.477509728, 42.989065 ], [ 141.47742917, 42.988950279 ], [ 141.477332503000014, 42.988877505 ], [ 141.477108612, 42.988710838 ], [ 141.477051388, 42.988538892 ], [ 141.47709834, 42.988395838 ], [ 141.477080272, 42.987898613 ], [ 141.477033333, 42.987711108 ], [ 141.476931673, 42.987536667 ], [ 141.476840558, 42.987406667 ], [ 141.476746939, 42.987294441 ], [ 141.476697224, 42.987200559 ], [ 141.476705278999987, 42.987099171 ], [ 141.47674917, 42.986976387 ], [ 141.476773060999989, 42.98687 ], [ 141.47677, 42.986716108 ], [ 141.476624449000013, 42.986549721 ], [ 141.476507223999988, 42.986442775 ], [ 141.476319728, 42.986294441 ], [ 141.476106394, 42.986109441 ], [ 141.476025837, 42.986008054 ], [ 141.475962775999989, 42.985856667 ], [ 141.475905551000011, 42.985518333 ], [ 141.475825279, 42.985411667 ], [ 141.475695279, 42.985294441 ], [ 141.475575551, 42.985198054 ], [ 141.4755, 42.985125279 ], [ 141.475426938999988, 42.984963892 ], [ 141.47539834, 42.9848 ], [ 141.475395837, 42.984646387 ], [ 141.475335551, 42.984510838 ], [ 141.475278339999988, 42.984425 ], [ 141.475161115, 42.984326108 ], [ 141.475, 42.984210865 ], [ 141.474942503, 42.984169721 ], [ 141.474762776, 42.984026667 ], [ 141.47465083, 42.983909441 ], [ 141.47452610900001, 42.983771387 ], [ 141.47444027200001, 42.98361 ], [ 141.474411673, 42.983471946 ], [ 141.474409728000012, 42.983333333 ], [ 141.47440917, 42.983294721 ], [ 141.474348612, 42.983117505 ], [ 141.474151115000012, 42.982787225 ], [ 141.47407834, 42.982645559 ], [ 141.474038885, 42.982568892 ], [ 141.47390083, 42.982299721 ], [ 141.47366083, 42.981959441 ], [ 141.473489441999988, 42.981716667 ], [ 141.473380558, 42.981580838 ], [ 141.47333083, 42.981518892 ], [ 141.473197782, 42.981404171 ], [ 141.473046939, 42.981273892 ], [ 141.472747782, 42.980990279 ], [ 141.47263306100001, 42.980818613 ], [ 141.472516109, 42.980487775 ], [ 141.472391115, 42.980308054 ], [ 141.47224, 42.980159721 ], [ 141.472065550999986, 42.980006108 ], [ 141.471888611999987, 42.979881108 ], [ 141.471747782, 42.979737775 ], [ 141.471661946000012, 42.979638892 ], [ 141.471521115, 42.979490559 ], [ 141.471453333, 42.979365838 ], [ 141.47133917, 42.979222505 ], [ 141.471151115, 42.978883613 ], [ 141.470800272, 42.978308333 ], [ 141.470515837, 42.977894171 ], [ 141.470333606, 42.977566108 ], [ 141.469943333, 42.977123333 ], [ 141.469774163000011, 42.977008892 ], [ 141.469626108999989, 42.97691 ], [ 141.469521945999986, 42.976777225 ], [ 141.46938917, 42.976652505 ], [ 141.469255837, 42.976555838 ], [ 141.468888885000013, 42.976321667 ], [ 141.468758611999988, 42.976141946 ], [ 141.468641388, 42.976003892 ], [ 141.468503606000013, 42.975873892 ], [ 141.468381115, 42.975735838 ], [ 141.46831083, 42.975634171 ], [ 141.468256109, 42.975454441 ], [ 141.468219442, 42.975258892 ], [ 141.468156394, 42.975092225 ], [ 141.468146394, 42.975066108 ], [ 141.468088586, 42.975 ], [ 141.468016939, 42.974918054 ], [ 141.467847497, 42.974798333 ], [ 141.467717497, 42.974670559 ], [ 141.467655006, 42.974569171 ], [ 141.467547782, 42.974409721 ], [ 141.467467497, 42.974246108 ], [ 141.467345005999988, 42.974095279 ], [ 141.467230558000011, 42.974006667 ], [ 141.467095006, 42.973939171 ], [ 141.466936108999988, 42.973879171 ], [ 141.466865837, 42.973819171 ], [ 141.466839728, 42.973756667 ], [ 141.466848885, 42.973599171 ], [ 141.466847782, 42.973451946 ], [ 141.466755279000012, 42.973323054 ], [ 141.466676109, 42.973176108 ], [ 141.466666667, 42.973160333 ], [ 141.466563606, 42.972988333 ], [ 141.466532776, 42.972827225 ], [ 141.466542776000011, 42.972644721 ], [ 141.466566667, 42.972319441 ], [ 141.466576939, 42.972217775 ], [ 141.466663061, 42.972064171 ], [ 141.466666667, 42.972059973 ], [ 141.466826938999986, 42.971874171 ], [ 141.466959442, 42.971723054 ], [ 141.467014721, 42.971569721 ], [ 141.467032503000013, 42.971395 ], [ 141.467053333, 42.970712505 ], [ 141.467043333, 42.970366387 ], [ 141.466991115000013, 42.970035559 ], [ 141.466952502999987, 42.969866387 ], [ 141.466843061, 42.969652775 ], [ 141.466754449, 42.969382505 ], [ 141.466666667, 42.969208306 ], [ 141.466574449, 42.969025279 ], [ 141.46641083, 42.968877225 ], [ 141.466244163, 42.968705279 ], [ 141.466236667, 42.968543892 ], [ 141.4662, 42.968382505 ], [ 141.466053606, 42.968108613 ], [ 141.46597083, 42.967926667 ], [ 141.465829727999989, 42.967738892 ], [ 141.465650558, 42.967648054 ], [ 141.465501945999989, 42.967535838 ], [ 141.465397782, 42.967431667 ], [ 141.465358885, 42.967327505 ], [ 141.465278054, 42.967095838 ], [ 141.465274720999986, 42.967066667 ], [ 141.465227562, 42.966666667 ], [ 141.465218612, 42.966590838 ], [ 141.465135279, 42.966132775 ], [ 141.464949728, 42.965077775 ], [ 141.464887497, 42.964770559 ], [ 141.464791673, 42.964599171 ], [ 141.464687497, 42.964440279 ], [ 141.464572776000011, 42.964315279 ], [ 141.464437497, 42.964190279 ], [ 141.464265551000011, 42.964062775 ], [ 141.464125005999989, 42.963919441 ], [ 141.464008054, 42.963778892 ], [ 141.463908885, 42.963666946 ], [ 141.46385693900001, 42.963568054 ], [ 141.463823061, 42.963463892 ], [ 141.463799728, 42.963310279 ], [ 141.463771114999986, 42.96312 ], [ 141.463760558, 42.962945559 ], [ 141.463731946, 42.962776108 ], [ 141.463729441999988, 42.962596667 ], [ 141.463666939, 42.962305 ], [ 141.463570557999986, 42.962057775 ], [ 141.463508053999988, 42.961906667 ], [ 141.463437782, 42.961747775 ], [ 141.463302218, 42.961497775 ], [ 141.463135551, 42.961279171 ], [ 141.463036939, 42.961109721 ], [ 141.462995279000012, 42.960979721 ], [ 141.462961673, 42.960828613 ], [ 141.462849728, 42.960305279 ], [ 141.462771388, 42.960099441 ], [ 141.462700558, 42.959948054 ], [ 141.46260722400001, 42.959805279 ], [ 141.462414720999988, 42.959521387 ], [ 141.462308054, 42.959365279 ], [ 141.462235005999986, 42.959198613 ], [ 141.462219728, 42.959037225 ], [ 141.462159727999989, 42.95886 ], [ 141.462136109, 42.958719441 ], [ 141.462155005999989, 42.958608613 ], [ 141.46215693900001, 42.958596946 ], [ 141.462271673, 42.958464171 ], [ 141.462349728, 42.958352225 ], [ 141.46233917, 42.958333333 ], [ 141.462274162999989, 42.958216946 ], [ 141.46218527900001, 42.958099441 ], [ 141.46211, 42.957925279 ], [ 141.462081114999989, 42.957865 ], [ 141.46207917000001, 42.957615279 ], [ 141.462118054, 42.957373613 ], [ 141.462102503000011, 42.957180838 ], [ 141.462117782, 42.957021667 ], [ 141.462105006, 42.95685 ], [ 141.462125837, 42.956678054 ], [ 141.462128054, 42.956500838 ], [ 141.462110272, 42.956399441 ], [ 141.462066109, 42.956295279 ], [ 141.461985551, 42.956115559 ], [ 141.461961673, 42.955813333 ], [ 141.462037497000011, 42.955631108 ], [ 141.462196667, 42.955297775 ], [ 141.462336666999988, 42.955053054 ], [ 141.462376109, 42.954824441 ], [ 141.462415279, 42.954613333 ], [ 141.462409728000011, 42.954396667 ], [ 141.46242306100001, 42.954300838 ], [ 141.462449170000014, 42.954157505 ], [ 141.46249083, 42.953998613 ], [ 141.462514163, 42.953842505 ], [ 141.462626109000013, 42.953623892 ], [ 141.462722503, 42.953386387 ], [ 141.462712218, 42.953287775 ], [ 141.462670558000013, 42.953186387 ], [ 141.46261834, 42.953032775 ], [ 141.462563891, 42.952876667 ], [ 141.462558612, 42.952379171 ], [ 141.462513890999986, 42.952209441 ], [ 141.462423333, 42.951881667 ], [ 141.462388885, 42.951824171 ], [ 141.46235834, 42.951715 ], [ 141.462347224000013, 42.951574171 ], [ 141.46235834, 42.951415559 ], [ 141.46231917, 42.951189171 ], [ 141.462220272, 42.951043333 ], [ 141.462076939000013, 42.9509 ], [ 141.461910272000011, 42.950767225 ], [ 141.461761946, 42.950676108 ], [ 141.461543060999986, 42.950553613 ], [ 141.461339728000013, 42.950485838 ], [ 141.461152218, 42.950353054 ], [ 141.461106109000013, 42.950328333 ], [ 141.460943891, 42.950241108 ], [ 141.460678612, 42.950121108 ], [ 141.460485837, 42.950061387 ], [ 141.46037917000001, 42.950004171 ], [ 141.460374695000013, 42.95 ], [ 141.460225551, 42.949861108 ], [ 141.460134449, 42.949715279 ], [ 141.460014163000011, 42.949564171 ], [ 141.459811388, 42.949408054 ], [ 141.459579728, 42.949202505 ], [ 141.459157782, 42.948764721 ], [ 141.45879861200001, 42.948353333 ], [ 141.458642218, 42.948197225 ], [ 141.458543333, 42.948043613 ], [ 141.458483605999987, 42.947913333 ], [ 141.458366667, 42.947733613 ], [ 141.458333333000013, 42.947671306 ], [ 141.458285837, 42.947582505 ], [ 141.458236394000011, 42.947403054 ], [ 141.458202503, 42.947230838 ], [ 141.458333333000013, 42.947090441 ], [ 141.458624449000013, 42.946778054 ], [ 141.458563333, 42.946685838 ], [ 141.458333333000013, 42.946339414 ], [ 141.457364163, 42.944879721 ], [ 141.457582218, 42.944744171 ], [ 141.458333333000013, 42.944277865 ], [ 141.459585006, 42.943500838 ], [ 141.459746394, 42.943400559 ], [ 141.459788054, 42.943317225 ], [ 141.45935083, 42.943018054 ], [ 141.458702503000012, 42.942580559 ], [ 141.458517497, 42.942476387 ], [ 141.458333333000013, 42.942383054 ], [ 141.458311946, 42.942372225 ], [ 141.45803834, 42.942202775 ], [ 141.457707782, 42.942025838 ], [ 141.457533606, 42.941946387 ], [ 141.457365551, 42.941861667 ], [ 141.457141673, 42.941786108 ], [ 141.456831115, 42.941666667 ], [ 141.456491672999988, 42.941536108 ], [ 141.455863891, 42.941278333 ], [ 141.45551, 42.941098613 ], [ 141.455257224, 42.940942225 ], [ 141.455048885, 42.940921387 ], [ 141.454811946, 42.940931946 ], [ 141.454596394, 42.940874721 ], [ 141.453845836999989, 42.940283613 ], [ 141.453034163000012, 42.939630279 ], [ 141.452268054, 42.939038613 ], [ 141.451580557999989, 42.938499721 ], [ 141.451363332999989, 42.938150838 ], [ 141.451304721000014, 42.938056946 ], [ 141.451112218, 42.93775 ], [ 141.450867497, 42.937281387 ], [ 141.450755279, 42.937145559 ], [ 141.450476939, 42.936833333 ], [ 141.450229442, 42.936601667 ], [ 141.450018612, 42.936422225 ], [ 141.45, 42.936406108 ], [ 141.449711673, 42.936156667 ], [ 141.44955027200001, 42.936000279 ], [ 141.449396394, 42.935838892 ], [ 141.4493, 42.935726946 ], [ 141.449162218, 42.935607225 ], [ 141.44899306100001, 42.935495279 ], [ 141.448847224, 42.935383333 ], [ 141.448672776, 42.935255559 ], [ 141.44842, 42.935141108 ], [ 141.448123333000012, 42.935021387 ], [ 141.447852776, 42.934948333 ], [ 141.447467224, 42.934766108 ], [ 141.447279728000012, 42.934609721 ], [ 141.447005837, 42.934442505 ], [ 141.446816109, 42.934338892 ], [ 141.446649442, 42.934229441 ], [ 141.44649834, 42.934083892 ], [ 141.44577321700001, 42.933333333 ], [ 141.445667496999988, 42.933223892 ], [ 141.445321673, 42.932833892 ], [ 141.444472217999987, 42.931945559 ], [ 141.444316109, 42.931799721 ], [ 141.444086938999988, 42.931556108 ], [ 141.44378, 42.931229721 ], [ 141.443688885, 42.931084171 ], [ 141.44356083, 42.930948333 ], [ 141.443423333, 42.930802775 ], [ 141.442956939, 42.930466387 ], [ 141.442834449, 42.930331108 ], [ 141.442616109, 42.930003054 ], [ 141.44243083, 42.929716667 ], [ 141.442303891, 42.929573613 ], [ 141.442118885000014, 42.929482225 ], [ 141.441941673, 42.929383333 ], [ 141.441727781999987, 42.929109721 ], [ 141.441666667, 42.929012135 ], [ 141.441431388000012, 42.928636387 ], [ 141.441212503, 42.92835 ], [ 141.441077224, 42.928110279 ], [ 141.440874162999989, 42.927912505 ], [ 141.440697224, 42.927771667 ], [ 141.440535837, 42.927667505 ], [ 141.440374448999989, 42.92754 ], [ 141.440048612, 42.927412225 ], [ 141.43984, 42.927258333 ], [ 141.439243891, 42.926904721 ], [ 141.439069442, 42.926829171 ], [ 141.438652776, 42.926672775 ], [ 141.438421388, 42.926612775 ], [ 141.438215551000013, 42.926576387 ], [ 141.438009728, 42.926529721 ], [ 141.437887497, 42.926508892 ], [ 141.437775550999987, 42.926472225 ], [ 141.437663606, 42.926412505 ], [ 141.437543333, 42.926320838 ], [ 141.437496939, 42.926243054 ], [ 141.43743917, 42.926081387 ], [ 141.437361388, 42.925943613 ], [ 141.437226109, 42.92579 ], [ 141.436923891, 42.925331387 ], [ 141.436806394, 42.925199171 ], [ 141.436697224, 42.925076387 ], [ 141.436611828999986, 42.925 ], [ 141.436499442000013, 42.924899441 ], [ 141.43633834, 42.924792775 ], [ 141.436148339999988, 42.924691387 ], [ 141.435913891000013, 42.924592505 ], [ 141.435536109, 42.92447 ], [ 141.435335837, 42.924412505 ], [ 141.434518054, 42.924136667 ], [ 141.434312503, 42.924092505 ], [ 141.434067497, 42.923977775 ], [ 141.433871946000011, 42.923886387 ], [ 141.433687782, 42.923800559 ], [ 141.433552217999988, 42.923686108 ], [ 141.433506939000011, 42.923623333 ], [ 141.433353891, 42.923412225 ], [ 141.433333333, 42.923371802 ], [ 141.433286667, 42.92328 ], [ 141.43302834, 42.922680559 ], [ 141.432885279, 42.922537505 ], [ 141.432716109000012, 42.922428333 ], [ 141.432640558, 42.922324171 ], [ 141.43258083, 42.922186108 ], [ 141.432494721000012, 42.921977775 ], [ 141.432418885, 42.921815838 ], [ 141.43229917, 42.921654441 ], [ 141.432142776, 42.921571108 ], [ 141.432062503, 42.921540279 ], [ 141.431864721000011, 42.921516667 ], [ 141.431801673, 42.921518613 ], [ 141.43162, 42.921524721 ], [ 141.43151083, 42.921535 ], [ 141.431466394000012, 42.921531108 ], [ 141.431433891000012, 42.921505279 ], [ 141.431398885, 42.921157505 ], [ 141.431382776, 42.920998333 ], [ 141.431341673, 42.920875 ], [ 141.431257781999989, 42.920763892 ], [ 141.431220558, 42.920696667 ], [ 141.431214449, 42.920635279 ], [ 141.431211388, 42.920602775 ], [ 141.431215837, 42.920593054 ], [ 141.431247782000014, 42.920525 ], [ 141.431351673, 42.920425559 ], [ 141.431544449, 42.920258892 ], [ 141.431544449, 42.920071387 ], [ 141.431466667, 42.919975279 ], [ 141.431333891, 42.919905 ], [ 141.431153606, 42.919833892 ], [ 141.431109728, 42.919816387 ], [ 141.430940558, 42.919751387 ], [ 141.430792218, 42.919610838 ], [ 141.430744721, 42.919521387 ], [ 141.430627781999988, 42.919300559 ], [ 141.43066944200001, 42.91913 ], [ 141.430602218, 42.918868613 ], [ 141.43056834, 42.918709721 ], [ 141.430526667, 42.918525 ], [ 141.43049, 42.918438892 ], [ 141.430440557999987, 42.918373892 ], [ 141.429891387999987, 42.918126387 ], [ 141.429295279, 42.917834721 ], [ 141.429133606, 42.917733054 ], [ 141.428862775999988, 42.917519721 ], [ 141.42854, 42.917217505 ], [ 141.428375837, 42.917014441 ], [ 141.428156083, 42.916666667 ], [ 141.427995837, 42.916413054 ], [ 141.427798054, 42.916142505 ], [ 141.427691388, 42.916056387 ], [ 141.427475279, 42.915928892 ], [ 141.42723306100001, 42.915811667 ], [ 141.426506394, 42.915543333 ], [ 141.425568885, 42.915202225 ], [ 141.425, 42.915039865 ], [ 141.424574162999988, 42.914918333 ], [ 141.424123891, 42.914788333 ], [ 141.423631672999988, 42.914598054 ], [ 141.423298612, 42.914467775 ], [ 141.423105837, 42.914405279 ], [ 141.422879169999987, 42.914353054 ], [ 141.422579727999988, 42.914319441 ], [ 141.422091388000013, 42.914283892 ], [ 141.421968054, 42.914275 ], [ 141.421723061, 42.914277775 ], [ 141.42155917, 42.914266946 ], [ 141.421275279000014, 42.914212505 ], [ 141.42116333300001, 42.914155279 ], [ 141.421074721, 42.914085 ], [ 141.421025279, 42.914015 ], [ 141.420988885000014, 42.913934171 ], [ 141.420858611999989, 42.913558892 ], [ 141.420827497, 42.913431387 ], [ 141.420832503000014, 42.913319441 ], [ 141.420832503000014, 42.913220559 ], [ 141.42080639400001, 42.913129171 ], [ 141.420736108999989, 42.913006946 ], [ 141.420402776, 42.912616387 ], [ 141.420105837, 42.912290838 ], [ 141.419933891, 42.912118892 ], [ 141.419895006, 42.912064171 ], [ 141.41989869, 42.911979694 ], [ 141.419946693000014, 42.911812694 ], [ 141.420169585, 42.911374973 ], [ 141.420179883, 42.911243414 ], [ 141.420131894, 42.911139667 ], [ 141.420018715999987, 42.911051108 ], [ 141.419379442, 42.910683892 ], [ 141.418890272, 42.910348333 ], [ 141.418707782000013, 42.910184441 ], [ 141.418650558, 42.910111387 ], [ 141.418608885, 42.910022775 ], [ 141.418588054, 42.909960279 ], [ 141.418556667, 42.909835559 ], [ 141.418548885, 42.909692225 ], [ 141.418567223999986, 42.909546387 ], [ 141.418595837, 42.909418892 ], [ 141.418676393999988, 42.909155559 ], [ 141.418686939, 42.909069721 ], [ 141.418661115, 42.908963054 ], [ 141.418426939, 42.908499441 ], [ 141.418312724, 42.908333333 ], [ 141.41827834, 42.908283333 ], [ 141.418226393999987, 42.908233892 ], [ 141.41813250300001, 42.908173892 ], [ 141.41805444900001, 42.90814 ], [ 141.41796861200001, 42.908119171 ], [ 141.417159442000013, 42.9081 ], [ 141.417076109, 42.908088054 ], [ 141.417012503, 42.908069721 ], [ 141.416960558, 42.908025279 ], [ 141.416864163000014, 42.907923892 ], [ 141.416806939, 42.907840559 ], [ 141.416790271999986, 42.907807225 ], [ 141.41676, 42.907746667 ], [ 141.416741673, 42.907681667 ], [ 141.416744720999986, 42.907588054 ], [ 141.416762776000013, 42.907468333 ], [ 141.416809728, 42.907207775 ], [ 141.416841115000011, 42.906707775 ], [ 141.416822776, 42.906301667 ], [ 141.416807224, 42.906223613 ], [ 141.416781115, 42.906148054 ], [ 141.416742218, 42.906080559 ], [ 141.416666666999987, 42.906008 ], [ 141.416484449, 42.905833054 ], [ 141.415890558, 42.905429171 ], [ 141.415747497000012, 42.905309721 ], [ 141.415661672999988, 42.905174171 ], [ 141.415653606, 42.905109171 ], [ 141.415700558, 42.904890559 ], [ 141.415770830000014, 42.904645279 ], [ 141.415775837000012, 42.904577775 ], [ 141.415773333, 42.904483892 ], [ 141.41573167300001, 42.904361667 ], [ 141.415692775999986, 42.904210559 ], [ 141.415679727999986, 42.904054441 ], [ 141.415690272, 42.903851108 ], [ 141.415726667, 42.903658613 ], [ 141.415805006, 42.903275838 ], [ 141.41583083, 42.902976387 ], [ 141.415807497, 42.902866946 ], [ 141.415760557999988, 42.902755 ], [ 141.415625279000011, 42.902549441 ], [ 141.415323943, 42.902232505 ], [ 141.415036939, 42.901932225 ], [ 141.414724449, 42.901580559 ], [ 141.41444083, 42.901244721 ], [ 141.41432083, 42.901148333 ], [ 141.414245279, 42.901101387 ], [ 141.414148885, 42.901023333 ], [ 141.414073333, 42.90094 ], [ 141.414018885, 42.900848892 ], [ 141.413987497, 42.900721387 ], [ 141.414005837, 42.900471387 ], [ 141.414081388, 42.900333333 ], [ 141.414175006, 42.900247225 ], [ 141.414333891000012, 42.900151108 ], [ 141.414433061000011, 42.900070279 ], [ 141.414494448999989, 42.9 ], [ 141.414505837, 42.899986946 ], [ 141.414542218, 42.899921946 ], [ 141.414555837, 42.899864171 ], [ 141.41458917, 42.899721387 ], [ 141.414633333000012, 42.899403613 ], [ 141.414599442, 42.899067775 ], [ 141.414542218, 42.898903892 ], [ 141.414349728, 42.898630279 ], [ 141.414250558, 42.898484441 ], [ 141.414203891, 42.898406387 ], [ 141.414164721, 42.898281387 ], [ 141.41412834, 42.898115 ], [ 141.414125837, 42.897995 ], [ 141.414175279, 42.897862225 ], [ 141.41430834, 42.897422225 ], [ 141.414318611999988, 42.897362225 ], [ 141.414295278999987, 42.897268333 ], [ 141.414216939, 42.897115 ], [ 141.414063333, 42.896880559 ], [ 141.413776939, 42.896495 ], [ 141.413706394, 42.896375279 ], [ 141.413659442000011, 42.896231946 ], [ 141.413607496999987, 42.896000279 ], [ 141.413555551, 42.895656387 ], [ 141.413568612, 42.895536667 ], [ 141.413605006000012, 42.895445559 ], [ 141.413818612, 42.89511 ], [ 141.41406583700001, 42.894854721 ], [ 141.414508885, 42.894646387 ], [ 141.415292502999989, 42.894310559 ], [ 141.415547224, 42.894192775 ], [ 141.41567, 42.894136108 ], [ 141.415972218, 42.893919721 ], [ 141.416014163, 42.893878892 ], [ 141.416201388, 42.893695838 ], [ 141.416492776000013, 42.893401667 ], [ 141.416666666999987, 42.893240865 ], [ 141.41667, 42.893237775 ], [ 141.417180272, 42.892789721 ], [ 141.417466939, 42.892578892 ], [ 141.41747917, 42.892568613 ], [ 141.417667497, 42.892409721 ], [ 141.41779, 42.892279441 ], [ 141.417881115, 42.892201387 ], [ 141.41801917, 42.892097225 ], [ 141.418165006, 42.891993054 ], [ 141.41835, 42.891907225 ], [ 141.41850083, 42.891862775 ], [ 141.418696109, 42.891821108 ], [ 141.418883606, 42.891805559 ], [ 141.419303061, 42.891849721 ], [ 141.419506109, 42.891852225 ], [ 141.419779442, 42.891839441 ], [ 141.420084163000013, 42.891813333 ], [ 141.420286939, 42.891771946 ], [ 141.420620272, 42.891670279 ], [ 141.420627691, 42.891666667 ], [ 141.420914721, 42.891526946 ], [ 141.421042218, 42.891482775 ], [ 141.421095837, 42.891476387 ], [ 141.421256109000012, 42.891457775 ], [ 141.421151673, 42.891310279 ], [ 141.421073060999987, 42.891199441 ], [ 141.420948054, 42.891058613 ], [ 141.420874163, 42.890919441 ], [ 141.420696666999987, 42.890548333 ], [ 141.420604720999989, 42.890355559 ], [ 141.420500557999986, 42.890188892 ], [ 141.420388339999988, 42.890069171 ], [ 141.420271673, 42.889993892 ], [ 141.420077782, 42.889950838 ], [ 141.419668885, 42.889896946 ], [ 141.419329728, 42.889767775 ], [ 141.419055006, 42.889681667 ], [ 141.418775278999988, 42.889676387 ], [ 141.418547782, 42.889626387 ], [ 141.418517224, 42.889520279 ], [ 141.418377224000011, 42.889331946 ], [ 141.418161946, 42.889127505 ], [ 141.417675279, 42.888876387 ], [ 141.417392503, 42.888680559 ], [ 141.417074721, 42.888524721 ], [ 141.416867782, 42.888465559 ], [ 141.416735837, 42.888427775 ], [ 141.416666666999987, 42.88841036 ], [ 141.416606667, 42.888395279 ], [ 141.41638083, 42.888373892 ], [ 141.416171115, 42.888379171 ], [ 141.415928885, 42.888406108 ], [ 141.415643606, 42.888449171 ], [ 141.41462639400001, 42.888734441 ], [ 141.414228054, 42.888847505 ], [ 141.413991388, 42.888879721 ], [ 141.41380306100001, 42.888793613 ], [ 141.413307782, 42.888605279 ], [ 141.413087224, 42.888546108 ], [ 141.412839442, 42.888540838 ], [ 141.412588612, 42.888540838 ], [ 141.41243083, 42.888540838 ], [ 141.412000272, 42.888513892 ], [ 141.411817496999987, 42.888478613 ], [ 141.411435278999988, 42.888325559 ], [ 141.411306109, 42.888279721 ], [ 141.411144721, 42.888220559 ], [ 141.410991115, 42.888220559 ], [ 141.410786667, 42.888241946 ], [ 141.410426109000014, 42.888282505 ], [ 141.410290272, 42.888296946 ], [ 141.410173332999989, 42.888309171 ], [ 141.409920272, 42.888336108 ], [ 141.409723891, 42.888373892 ], [ 141.409648612000012, 42.888408892 ], [ 141.409556939, 42.888484171 ], [ 141.409366109, 42.888758333 ], [ 141.40919083, 42.889013892 ], [ 141.409112776, 42.889108054 ], [ 141.409010558, 42.889202505 ], [ 141.408892218, 42.889275 ], [ 141.408609727999988, 42.889355838 ], [ 141.408333333, 42.889388838 ], [ 141.408316667, 42.889390838 ], [ 141.408047497000013, 42.889412225 ], [ 141.407759442000014, 42.889417775 ], [ 141.407406939, 42.889404171 ], [ 141.406955006, 42.889355838 ], [ 141.406712776, 42.889320838 ], [ 141.406398054, 42.889237505 ], [ 141.406061673000011, 42.889102775 ], [ 141.405658054000014, 42.888925279 ], [ 141.405313891, 42.888833892 ], [ 141.40510389100001, 42.888817775 ], [ 141.404875006, 42.888844441 ], [ 141.404509170000011, 42.888963054 ], [ 141.404337223999988, 42.889030279 ], [ 141.403664449, 42.889449721 ], [ 141.403524449, 42.889538613 ], [ 141.403363061, 42.889576387 ], [ 141.403241946, 42.889581667 ], [ 141.403101946, 42.889578892 ], [ 141.402875551, 42.889535838 ], [ 141.402746394, 42.889500838 ], [ 141.402612218, 42.889494721 ], [ 141.402568885, 42.889492775 ], [ 141.402458612, 42.889506387 ], [ 141.402367223999988, 42.889535838 ], [ 141.402291673, 42.889589721 ], [ 141.40214917, 42.889726946 ], [ 141.402046939, 42.889861387 ], [ 141.401885551, 42.889990559 ], [ 141.401713333, 42.890117225 ], [ 141.401535837000011, 42.890221946 ], [ 141.401344449, 42.890259441 ], [ 141.401137224, 42.890251387 ], [ 141.400932776, 42.890205559 ], [ 141.400698885, 42.890103333 ], [ 141.400421946, 42.889888333 ], [ 141.400233606, 42.889662225 ], [ 141.400125837, 42.889541387 ], [ 141.4, 42.889454441 ], [ 141.399786939, 42.889307225 ], [ 141.399611946, 42.889218333 ], [ 141.399463891000011, 42.889135 ], [ 141.399132775999988, 42.888930279 ], [ 141.398753606000014, 42.888704171 ], [ 141.398589442, 42.888647775 ], [ 141.398438885, 42.888612775 ], [ 141.398331115, 42.888596667 ], [ 141.398242503, 42.888599171 ], [ 141.398075551, 42.88861 ], [ 141.39783055800001, 42.888626108 ], [ 141.397548054, 42.888631667 ], [ 141.39721972800001, 42.888634441 ], [ 141.397036939, 42.888602225 ], [ 141.39678917, 42.888483613 ], [ 141.396635837, 42.888405559 ], [ 141.396447782, 42.888276387 ], [ 141.396369728, 42.888236108 ], [ 141.396286393999986, 42.888214441 ], [ 141.396151673, 42.888195559 ], [ 141.395963333, 42.888198333 ], [ 141.395786109, 42.888233333 ], [ 141.395638053999988, 42.88829 ], [ 141.395530272, 42.888373333 ], [ 141.395414721, 42.888497225 ], [ 141.395312217999987, 42.888653054 ], [ 141.395244721000012, 42.888814721 ], [ 141.395166667000012, 42.889051387 ], [ 141.395131946, 42.889196667 ], [ 141.395064448999989, 42.889737505 ], [ 141.395034721, 42.889958333 ], [ 141.395021388, 42.890033333 ], [ 141.394986394, 42.890119171 ], [ 141.39493, 42.890178613 ], [ 141.394787224, 42.890296946 ], [ 141.394681946, 42.890364171 ], [ 141.394596394, 42.89041 ], [ 141.394383891, 42.890498892 ], [ 141.394090557999988, 42.890611946 ], [ 141.393947782, 42.890638892 ], [ 141.393851115, 42.890641667 ], [ 141.393781115, 42.890622775 ], [ 141.3937, 42.890593054 ], [ 141.393441673000012, 42.890466667 ], [ 141.393208054000013, 42.890337505 ], [ 141.392981946, 42.890219171 ], [ 141.39274, 42.890135838 ], [ 141.392527224, 42.890081946 ], [ 141.392427782, 42.890066108 ], [ 141.392338884999987, 42.890057775 ], [ 141.392252776, 42.890055279 ], [ 141.392169442000011, 42.890068613 ], [ 141.392083332999988, 42.890100838 ], [ 141.391881388, 42.890219441 ], [ 141.391706394000011, 42.890310838 ], [ 141.39166666700001, 42.890322225 ], [ 141.391500830000012, 42.890369721 ], [ 141.391499442, 42.89037 ], [ 141.391351388, 42.890391387 ], [ 141.390611115000013, 42.890380838 ], [ 141.390484721, 42.890378054 ], [ 141.390325837, 42.890361946 ], [ 141.39022917, 42.890335 ], [ 141.390140272, 42.890297505 ], [ 141.389943891, 42.890176387 ], [ 141.389793333, 42.890071387 ], [ 141.38968834, 42.890006946 ], [ 141.389459728, 42.889955559 ], [ 141.389228339999988, 42.889953054 ], [ 141.388972503, 42.889974441 ], [ 141.388326939, 42.890095559 ], [ 141.388181673, 42.890133054 ], [ 141.388057782, 42.890192225 ], [ 141.387907224, 42.8903 ], [ 141.387778054, 42.890413054 ], [ 141.387675551, 42.890542225 ], [ 141.387530272, 42.890751946 ], [ 141.387385005999988, 42.890908054 ], [ 141.387228885000013, 42.891015559 ], [ 141.387061945999989, 42.891053333 ], [ 141.386782218, 42.891064171 ], [ 141.386523891, 42.891053333 ], [ 141.386233333, 42.891005 ], [ 141.386007224, 42.890951387 ], [ 141.385781114999986, 42.890865 ], [ 141.385512218, 42.890736108 ], [ 141.385391387999988, 42.890676946 ], [ 141.385224449, 42.890633613 ], [ 141.385084449, 42.890617505 ], [ 141.384815279, 42.890625559 ], [ 141.384212502999986, 42.890703613 ], [ 141.383876109, 42.89076 ], [ 141.383612503, 42.890816667 ], [ 141.383480558, 42.890862225 ], [ 141.383338054, 42.890935279 ], [ 141.383333333, 42.890937613 ], [ 141.382964163, 42.891120838 ], [ 141.382633061, 42.891266108 ], [ 141.382495837, 42.891314441 ], [ 141.382385551, 42.891338613 ], [ 141.38225917, 42.891351946 ], [ 141.381675006, 42.891389441 ], [ 141.381417497, 42.891411108 ], [ 141.381265551000013, 42.891423892 ], [ 141.38109917, 42.891437775 ], [ 141.380784449, 42.891440838 ], [ 141.38050194600001, 42.891486667 ], [ 141.380222218, 42.891532225 ], [ 141.379824163, 42.891535279 ], [ 141.379191673, 42.891454441 ], [ 141.379075836999988, 42.891459721 ], [ 141.379024721, 42.891473333 ], [ 141.378906394000012, 42.891532505 ], [ 141.378691115, 42.891658613 ], [ 141.378672438, 42.891666667 ], [ 141.378516109, 42.891734171 ], [ 141.378378884999989, 42.891771667 ], [ 141.378271388, 42.891763613 ], [ 141.378160830000013, 42.891719721 ], [ 141.378026719, 42.891666667 ], [ 141.378021115, 42.891664441 ], [ 141.377636109, 42.891462505 ], [ 141.377439728000013, 42.891416667 ], [ 141.377191946000011, 42.891341387 ], [ 141.376670272000013, 42.891107225 ], [ 141.376436394, 42.890996946 ], [ 141.376328612, 42.890937775 ], [ 141.375989728, 42.890636387 ], [ 141.375960636, 42.89061264 ], [ 141.375844449, 42.890517775 ], [ 141.375594162999988, 42.890394171 ], [ 141.375403060999986, 42.890332225 ], [ 141.375195551, 42.890291946 ], [ 141.375, 42.890285838 ], [ 141.374848612, 42.890281108 ], [ 141.374708612, 42.890294441 ], [ 141.374560558000013, 42.890332225 ], [ 141.374237782, 42.890469721 ], [ 141.374111387999989, 42.890536946 ], [ 141.373974163000014, 42.890633613 ], [ 141.373890558, 42.890687505 ], [ 141.373775005999988, 42.890752225 ], [ 141.373673061, 42.890784441 ], [ 141.373592218, 42.890784441 ], [ 141.373228885, 42.890730559 ], [ 141.372865551, 42.890711667 ], [ 141.372801114999987, 42.890722505 ], [ 141.37259666700001, 42.890843613 ], [ 141.372171388, 42.891042775 ], [ 141.371888885, 42.891118054 ], [ 141.371732775999988, 42.891145 ], [ 141.37160083, 42.891155559 ], [ 141.37145834, 42.891161108 ], [ 141.371320558, 42.89117 ], [ 141.370816667000014, 42.891250559 ], [ 141.370585006, 42.891302775 ], [ 141.370333606, 42.891324721 ], [ 141.370155278999988, 42.891324721 ], [ 141.370101673, 42.891306667 ], [ 141.370027497, 42.891254441 ], [ 141.369825837, 42.891059171 ], [ 141.369566939, 42.890617775 ], [ 141.369520271999988, 42.890453613 ], [ 141.36954083, 42.890232225 ], [ 141.369655551, 42.889734721 ], [ 141.36963972800001, 42.889560279 ], [ 141.369603332999986, 42.888456387 ], [ 141.369561673, 42.888237775 ], [ 141.369481115000013, 42.887732505 ], [ 141.369374449, 42.887407225 ], [ 141.369306939000012, 42.887336946 ], [ 141.368835279, 42.886998333 ], [ 141.36867917, 42.886844721 ], [ 141.368546394, 42.886625838 ], [ 141.368434449, 42.886383613 ], [ 141.368135005999989, 42.885761667 ], [ 141.36795834, 42.885428333 ], [ 141.367809442, 42.885230279 ], [ 141.367679442, 42.885084441 ], [ 141.367533606, 42.885003892 ], [ 141.367348612, 42.884917775 ], [ 141.367161114999988, 42.884821387 ], [ 141.367080558, 42.884809721 ], [ 141.367024721, 42.884829171 ], [ 141.366826667, 42.884885 ], [ 141.366765550999986, 42.884894171 ], [ 141.366716109, 42.884861667 ], [ 141.366666667, 42.884830505 ], [ 141.366419442, 42.884674721 ], [ 141.366267782, 42.884579171 ], [ 141.365937224, 42.884389171 ], [ 141.365364449, 42.88397 ], [ 141.364992218, 42.883563613 ], [ 141.364854163, 42.883446387 ], [ 141.364658418, 42.883333333 ], [ 141.36460167300001, 42.883300559 ], [ 141.36439083, 42.883238054 ], [ 141.363864449, 42.883162505 ], [ 141.363492218, 42.883123333 ], [ 141.363247497, 42.883045559 ], [ 141.36290917, 42.882834441 ], [ 141.362526394000014, 42.882673054 ], [ 141.362372776, 42.882626108 ], [ 141.362081115, 42.882532225 ], [ 141.361997782, 42.882493054 ], [ 141.361716667, 42.882219721 ], [ 141.36149, 42.882008892 ], [ 141.361359728, 42.881944171 ], [ 141.361003061, 42.881795559 ], [ 141.360547223999987, 42.881610838 ], [ 141.360321115, 42.881493613 ], [ 141.360203891, 42.881353054 ], [ 141.360096938999988, 42.881097775 ], [ 141.359951115, 42.880803333 ], [ 141.359831115, 42.880587225 ], [ 141.359617781999987, 42.880381387 ], [ 141.35950834, 42.880269721 ], [ 141.359474449, 42.880168054 ], [ 141.359492776, 42.880089721 ], [ 141.359623061, 42.879699171 ], [ 141.359620272, 42.879631387 ], [ 141.359591673000011, 42.879522225 ], [ 141.35949, 42.879365838 ], [ 141.359463891, 42.879191387 ], [ 141.35950083, 42.878991108 ], [ 141.359526939, 42.878850559 ], [ 141.359513606, 42.878760838 ], [ 141.359511387999987, 42.878746387 ], [ 141.359475006, 42.878621387 ], [ 141.359316109, 42.878353054 ], [ 141.359209170000014, 42.878108333 ], [ 141.358995837, 42.877902505 ], [ 141.358547781999988, 42.877501387 ], [ 141.358333333, 42.877281946 ], [ 141.358214449, 42.877160279 ], [ 141.358058612, 42.876920838 ], [ 141.357993333, 42.876730559 ], [ 141.357866939, 42.876556387 ], [ 141.357712217999989, 42.876342775 ], [ 141.357618339999988, 42.876293333 ], [ 141.357365837, 42.876230838 ], [ 141.357209442, 42.876241108 ], [ 141.357000272, 42.876234441 ], [ 141.356961946000013, 42.876233333 ], [ 141.356605279, 42.876202225 ], [ 141.356425551, 42.876183892 ], [ 141.356243333, 42.876095279 ], [ 141.356151946000011, 42.875980838 ], [ 141.356021946, 42.875762225 ], [ 141.35591, 42.875618892 ], [ 141.355761672999989, 42.875522505 ], [ 141.35564444900001, 42.87546 ], [ 141.355407781999986, 42.875389721 ], [ 141.355152503, 42.875335 ], [ 141.354873891000011, 42.875358333 ], [ 141.354391946, 42.875493892 ], [ 141.354188885000013, 42.875551108 ], [ 141.354066394, 42.875548333 ], [ 141.353915279, 42.875522505 ], [ 141.353076939, 42.875207505 ], [ 141.352748885000011, 42.875097775 ], [ 141.352506057, 42.875 ], [ 141.352348054, 42.874936387 ], [ 141.352233332999987, 42.874886946 ], [ 141.352157782, 42.874824441 ], [ 141.352045837, 42.874686387 ], [ 141.351920830000012, 42.874566667 ], [ 141.351829728000013, 42.874496387 ], [ 141.351532776, 42.874353613 ], [ 141.35119, 42.874194171 ], [ 141.350764721, 42.873996667 ], [ 141.350473061, 42.873908054 ], [ 141.35, 42.873754586 ], [ 141.349983333000011, 42.873749171 ], [ 141.349814449, 42.873725838 ], [ 141.349595551, 42.873728613 ], [ 141.349283061, 42.873751946 ], [ 141.348559169999987, 42.873908054 ], [ 141.347822218, 42.874129171 ], [ 141.346827497, 42.874511946 ], [ 141.346489170000012, 42.874611108 ], [ 141.346413332999987, 42.874618892 ], [ 141.346357224, 42.874611108 ], [ 141.346290829999987, 42.874570838 ], [ 141.34583, 42.874226946 ], [ 141.345403333, 42.873978054 ], [ 141.34453083, 42.873376667 ], [ 141.343593333, 42.872782775 ], [ 141.343442503, 42.872730838 ], [ 141.343283606, 42.872704721 ], [ 141.342955550999989, 42.872665838 ], [ 141.342455551, 42.872561667 ], [ 141.342249728000013, 42.872512225 ], [ 141.341755006, 42.872368892 ], [ 141.341666667, 42.872337468 ], [ 141.341347224, 42.872223892 ], [ 141.341015551, 42.872105838 ], [ 141.34090083000001, 42.872087505 ], [ 141.34072389100001, 42.872100559 ], [ 141.340052218000011, 42.872087505 ], [ 141.339864721, 42.872087505 ], [ 141.339455837, 42.872032775 ], [ 141.339224163000011, 42.871975559 ], [ 141.338221388, 42.871730559 ], [ 141.337333605999987, 42.871587505 ], [ 141.337106939, 42.871517225 ], [ 141.336851946, 42.871415838 ], [ 141.33663834, 42.871280279 ], [ 141.336177497, 42.870923613 ], [ 141.335956109, 42.870759441 ], [ 141.335726939000011, 42.870600559 ], [ 141.335521115, 42.870493892 ], [ 141.335295006, 42.870402775 ], [ 141.334706109, 42.870217775 ], [ 141.334367781999987, 42.870176108 ], [ 141.333388885, 42.870001667 ], [ 141.333333333000013, 42.869996721 ], [ 141.33298, 42.869965279 ], [ 141.332721946, 42.869975559 ], [ 141.332558054, 42.870043333 ], [ 141.332404449, 42.870186667 ], [ 141.331938054, 42.870618892 ], [ 141.331690506, 42.870823892 ], [ 141.33158917, 42.870907775 ], [ 141.331469442000014, 42.870993892 ], [ 141.331468339999986, 42.870994171 ], [ 141.331240272, 42.871051108 ], [ 141.330631114999989, 42.871079721 ], [ 141.330211673, 42.871136946 ], [ 141.329402218000013, 42.871165559 ], [ 141.329071387999988, 42.871188892 ], [ 141.328907224, 42.871246108 ], [ 141.328835006, 42.871286946 ], [ 141.328691115, 42.871368613 ], [ 141.32851138800001, 42.871535279 ], [ 141.328026939000011, 42.871912775 ], [ 141.327779728, 42.872019721 ], [ 141.327584163000012, 42.87203 ], [ 141.327071388, 42.871920559 ], [ 141.326785006, 42.871855559 ], [ 141.3266, 42.871847775 ], [ 141.326488054, 42.871886667 ], [ 141.326404720999989, 42.871906387 ], [ 141.326315005999987, 42.871895838 ], [ 141.325743333, 42.871761667 ], [ 141.32505083, 42.871622505 ], [ 141.325, 42.871615865 ], [ 141.324859442, 42.871597505 ], [ 141.32468500600001, 42.871581946 ], [ 141.324385279000012, 42.871574171 ], [ 141.324098885000012, 42.871623892 ], [ 141.323889442, 42.871678613 ], [ 141.323222776, 42.871824171 ], [ 141.32253500600001, 42.871975559 ], [ 141.32110834, 42.872402225 ], [ 141.321036666999987, 42.872432225 ], [ 141.320704721, 42.872571387 ], [ 141.320587497, 42.872636387 ], [ 141.320381946, 42.872883892 ], [ 141.320254162999987, 42.873154721 ], [ 141.320053605999988, 42.873456667 ], [ 141.319975551, 42.873719721 ], [ 141.319918054, 42.873873613 ], [ 141.319720272000012, 42.874105 ], [ 141.319595279, 42.874240279 ], [ 141.319209728, 42.874571108 ], [ 141.31899639400001, 42.874651667 ], [ 141.318658054, 42.874709171 ], [ 141.318389728, 42.874727505 ], [ 141.318025279000011, 42.874672775 ], [ 141.317829728, 42.874610279 ], [ 141.317715279, 42.874602225 ], [ 141.317624163, 42.874625838 ], [ 141.317449442, 42.874755838 ], [ 141.317335006, 42.874893892 ], [ 141.31722988300001, 42.875 ], [ 141.317043332999987, 42.875188333 ], [ 141.316878755, 42.875391414 ], [ 141.316788054, 42.875503333 ], [ 141.316688885, 42.875649171 ], [ 141.316666667, 42.875708027 ], [ 141.316631946, 42.8758 ], [ 141.316634449, 42.875977225 ], [ 141.316666667, 42.876311441 ], [ 141.316686667, 42.876518892 ], [ 141.316666667, 42.876753027 ], [ 141.316624163, 42.877250559 ], [ 141.316527782, 42.877792225 ], [ 141.316444448999988, 42.877950838 ], [ 141.316212503, 42.878497505 ], [ 141.316074449000013, 42.878950559 ], [ 141.316052503, 42.879283613 ], [ 141.316024721, 42.879700559 ], [ 141.315881388, 42.880156387 ], [ 141.315813891, 42.880333333 ], [ 141.315592503, 42.880627775 ], [ 141.315425837, 42.880796946 ], [ 141.315334721, 42.880903613 ], [ 141.31522, 42.881062505 ], [ 141.315136667, 42.881236946 ], [ 141.314975279, 42.881872505 ], [ 141.314818885, 42.882276108 ], [ 141.31474083, 42.882437505 ], [ 141.314443891, 42.882796667 ], [ 141.314100272, 42.883090838 ], [ 141.313811115, 42.883333054 ], [ 141.313810661, 42.883333333 ], [ 141.313144449, 42.883746946 ], [ 141.312818885000013, 42.883947505 ], [ 141.312657497, 42.884083054 ], [ 141.312570271999988, 42.884110559 ], [ 141.312446666999989, 42.884114441 ], [ 141.311970558000013, 42.88416 ], [ 141.311889728000011, 42.884195 ], [ 141.311812776000011, 42.884240559 ], [ 141.311678885, 42.884342225 ], [ 141.311531673, 42.884519171 ], [ 141.311509441999988, 42.884621667 ], [ 141.311569170000013, 42.885051667 ], [ 141.311597782, 42.885351108 ], [ 141.311584721, 42.88545 ], [ 141.311556109, 42.885554171 ], [ 141.311457224, 42.885650559 ], [ 141.31129834, 42.885738892 ], [ 141.310634163, 42.885926387 ], [ 141.310325837, 42.88604 ], [ 141.310074721, 42.886132225 ], [ 141.30937917, 42.886280559 ], [ 141.309168340000014, 42.886322225 ], [ 141.308931115, 42.886327505 ], [ 141.308333333, 42.886275108 ], [ 141.308275006, 42.88627 ], [ 141.307699727999989, 42.886215279 ], [ 141.306712776000012, 42.886103333 ], [ 141.306501946, 42.886085279 ], [ 141.306199728, 42.886085279 ], [ 141.305814449, 42.886100838 ], [ 141.30558, 42.886171108 ], [ 141.305403061, 42.886272505 ], [ 141.304921388, 42.886720559 ], [ 141.304715550999987, 42.886775279 ], [ 141.304426393999989, 42.886790838 ], [ 141.304113890999986, 42.886801387 ], [ 141.303881946, 42.886845559 ], [ 141.303626939, 42.886876946 ], [ 141.303533061, 42.886858613 ], [ 141.303335279, 42.886785559 ], [ 141.303114163, 42.886637225 ], [ 141.302329856999989, 42.886143198 ], [ 141.302121946, 42.886012225 ], [ 141.301528053999988, 42.885603333 ], [ 141.301361388, 42.885538333 ], [ 141.301213061, 42.885499171 ], [ 141.301056939, 42.885486108 ], [ 141.300851388000012, 42.88546 ], [ 141.300656108999988, 42.885355838 ], [ 141.300369728, 42.885145 ], [ 141.300346109, 42.885133892 ], [ 141.300231673000013, 42.885079721 ], [ 141.300067496999986, 42.885048613 ], [ 141.3, 42.885048613 ], [ 141.299773333, 42.885048613 ], [ 141.29963277600001, 42.885098054 ], [ 141.298734163, 42.885439441 ], [ 141.298473890999986, 42.885493892 ], [ 141.298247224, 42.885533054 ], [ 141.298041673, 42.885540838 ], [ 141.297778885000014, 42.885478333 ], [ 141.29743250300001, 42.885402775 ], [ 141.296958612, 42.885241387 ], [ 141.296635551, 42.885030279 ], [ 141.296515836999987, 42.884889721 ], [ 141.296359442000011, 42.884496667 ], [ 141.296320558, 42.884441946 ], [ 141.296239727999989, 42.884434171 ], [ 141.29555250300001, 42.884431387 ], [ 141.295294721, 42.884392505 ], [ 141.295099169999986, 42.88433 ], [ 141.294865006, 42.884303892 ], [ 141.294625551, 42.884275 ], [ 141.294451114999987, 42.884183892 ], [ 141.293992503, 42.883900279 ], [ 141.293669169999987, 42.883716198 ], [ 141.293635837000011, 42.883697225 ], [ 141.293196109, 42.883444441 ], [ 141.292984942, 42.883333333 ], [ 141.292898885, 42.883288054 ], [ 141.292823606000013, 42.883207225 ], [ 141.292755836999987, 42.883098054 ], [ 141.292706394, 42.882941667 ], [ 141.292518885, 42.882350559 ], [ 141.292427782, 42.882186667 ], [ 141.292297497, 42.882015 ], [ 141.292078612000012, 42.881733892 ], [ 141.291849727999988, 42.881520559 ], [ 141.291701115, 42.881382225 ], [ 141.291666666999987, 42.881358387 ], [ 141.291448885, 42.881207775 ], [ 141.291292503, 42.881116667 ], [ 141.291146667, 42.881061946 ], [ 141.290891673, 42.88101 ], [ 141.290646939, 42.880973613 ], [ 141.290417782, 42.88095 ], [ 141.29031083000001, 42.880921387 ], [ 141.290243061000012, 42.880869171 ], [ 141.29014693900001, 42.880707775 ], [ 141.290034721000012, 42.880520279 ], [ 141.289828885, 42.879968054 ], [ 141.289711673, 42.879837775 ], [ 141.289521946, 42.879676387 ], [ 141.289035278999989, 42.879061946 ], [ 141.288896939000011, 42.878835279 ], [ 141.288842218000013, 42.878710559 ], [ 141.288834449, 42.878635 ], [ 141.288902218, 42.878465838 ], [ 141.28923358, 42.878111387 ], [ 141.289277223999989, 42.878064721 ], [ 141.289355551, 42.877955559 ], [ 141.289378885, 42.877869441 ], [ 141.289363060999989, 42.877679441 ], [ 141.289300558, 42.877520559 ], [ 141.289097782, 42.877268054 ], [ 141.288662776, 42.876762775 ], [ 141.287941673, 42.876049441 ], [ 141.287493606, 42.875611946 ], [ 141.287345279, 42.875468892 ], [ 141.287248885, 42.875359441 ], [ 141.287152502999987, 42.875187505 ], [ 141.28711610900001, 42.875054441 ], [ 141.287116938999986, 42.875 ], [ 141.287118885000012, 42.874869721 ], [ 141.287142503000013, 42.874703054 ], [ 141.287150272, 42.874554721 ], [ 141.287129442, 42.874424441 ], [ 141.287122503, 42.874407775 ], [ 141.287022503, 42.874169171 ], [ 141.286915837, 42.874028613 ], [ 141.286733606000013, 42.873825559 ], [ 141.286494162999986, 42.873640559 ], [ 141.286061673, 42.873473892 ], [ 141.284874449, 42.873252505 ], [ 141.284707782, 42.873226667 ], [ 141.284525551, 42.873166667 ], [ 141.284330272, 42.873078054 ], [ 141.283874449, 42.872887775 ], [ 141.28340834, 42.872742225 ], [ 141.283333333, 42.872733532 ], [ 141.283228611999988, 42.872721387 ], [ 141.283061946, 42.872762775 ], [ 141.282895279, 42.872835838 ], [ 141.282262503, 42.873197775 ], [ 141.281989442, 42.873387775 ], [ 141.281614448999989, 42.873640559 ], [ 141.281500532, 42.873680468 ], [ 141.281450272, 42.873698054 ], [ 141.280775837, 42.873778613 ], [ 141.280364163, 42.873858892 ], [ 141.280180558000012, 42.873891667 ], [ 141.280097224, 42.873891667 ], [ 141.280025551, 42.873873333 ], [ 141.279796393999987, 42.873754721 ], [ 141.279348612, 42.873482775 ], [ 141.279316109, 42.873424441 ], [ 141.279315006, 42.873367225 ], [ 141.279262776, 42.872953054 ], [ 141.279243606, 42.872864441 ], [ 141.279191387999987, 42.872791667 ], [ 141.279100272, 42.872718613 ], [ 141.278995006, 42.872652225 ], [ 141.278718612, 42.872575559 ], [ 141.278266939, 42.872522225 ], [ 141.278146394, 42.872502775 ], [ 141.27739083, 42.872380279 ], [ 141.276962218, 42.872300838 ], [ 141.276644721, 42.872200559 ], [ 141.276450829999987, 42.872138054 ], [ 141.276083605999986, 42.871985559 ], [ 141.275778885, 42.871856667 ], [ 141.275211115, 42.871658613 ], [ 141.275, 42.87153536 ], [ 141.274997496999987, 42.871533892 ], [ 141.274867497, 42.871421946 ], [ 141.274633061, 42.871197775 ], [ 141.274500558, 42.871059721 ], [ 141.274359728, 42.870997225 ], [ 141.27421917, 42.870980559 ], [ 141.274053891, 42.870981946 ], [ 141.273867782, 42.870981946 ], [ 141.273686667, 42.870938892 ], [ 141.273616393999987, 42.870885279 ], [ 141.273509728, 42.870696667 ], [ 141.27328055800001, 42.870446387 ], [ 141.27308, 42.870286387 ], [ 141.272728339999986, 42.870082225 ], [ 141.272336667, 42.869773613 ], [ 141.272127224, 42.869651108 ], [ 141.271825006, 42.869541667 ], [ 141.270948885, 42.869292775 ], [ 141.27074944200001, 42.869239441 ], [ 141.270615551, 42.869176946 ], [ 141.270414721, 42.869032505 ], [ 141.270223606, 42.868925838 ], [ 141.269990830000012, 42.868852775 ], [ 141.269696394, 42.868757775 ], [ 141.26945834, 42.868649721 ], [ 141.269273333, 42.868503892 ], [ 141.268949170000013, 42.868151108 ], [ 141.26890083, 42.868113892 ], [ 141.268816109, 42.868048333 ], [ 141.268696667, 42.868005 ], [ 141.268562503, 42.867984171 ], [ 141.268225279, 42.867994721 ], [ 141.267610272000013, 42.868048054 ], [ 141.267300830000011, 42.868055838 ], [ 141.266828339999989, 42.868032505 ], [ 141.26666666700001, 42.868005892 ], [ 141.266543061, 42.867985559 ], [ 141.265993606, 42.867880279 ], [ 141.265673333, 42.867796946 ], [ 141.264832218, 42.867527225 ], [ 141.264311673, 42.867382775 ], [ 141.263845551, 42.867180838 ], [ 141.263691946, 42.867127505 ], [ 141.263128054, 42.866997225 ], [ 141.262437782, 42.866795559 ], [ 141.262110830000012, 42.866709721 ], [ 141.262001336, 42.866666667 ], [ 141.261922218, 42.866635559 ], [ 141.261186667, 42.866354171 ], [ 141.260527782, 42.866184721 ], [ 141.260279637, 42.866110198 ], [ 141.260163333, 42.866075279 ], [ 141.259981114999988, 42.866018054 ], [ 141.259663333, 42.865866946 ], [ 141.25912167300001, 42.865520838 ], [ 141.258830272000012, 42.865263054 ], [ 141.258709442, 42.865164171 ], [ 141.258361673, 42.864880279 ], [ 141.258333333, 42.864853414 ], [ 141.258210558, 42.864736946 ], [ 141.258061946, 42.864650838 ], [ 141.257895279, 42.864572775 ], [ 141.257413891, 42.864450559 ], [ 141.257083061, 42.864408892 ], [ 141.256783332999987, 42.864411387 ], [ 141.25651, 42.864466108 ], [ 141.255885006, 42.864609171 ], [ 141.25533333300001, 42.864757775 ], [ 141.254643333, 42.864893054 ], [ 141.253895836999988, 42.865038613 ], [ 141.253799442, 42.865005 ], [ 141.253760272, 42.864924171 ], [ 141.253786394, 42.864840838 ], [ 141.253828054, 42.864768054 ], [ 141.254119728, 42.864551946 ], [ 141.254695006, 42.864174441 ], [ 141.255255006, 42.863609441 ], [ 141.255486667000014, 42.863343613 ], [ 141.255856666999989, 42.862783613 ], [ 141.255992217999989, 42.862518333 ], [ 141.256065006, 42.862312775 ], [ 141.256140558, 42.861971667 ], [ 141.256179728, 42.861500279 ], [ 141.256166667, 42.861289171 ], [ 141.256095837, 42.861012225 ], [ 141.255921946, 42.860333333 ], [ 141.25577610900001, 42.860015838 ], [ 141.25545083, 42.859328613 ], [ 141.255325836999987, 42.859005838 ], [ 141.255094086000014, 42.858333333 ], [ 141.255026109, 42.858136108 ], [ 141.254976667, 42.857586387 ], [ 141.25494805400001, 42.857234721 ], [ 141.254940272, 42.85692 ], [ 141.254981945999987, 42.856638613 ], [ 141.25511, 42.856253333 ], [ 141.255268885, 42.855975 ], [ 141.255693060999988, 42.855386108 ], [ 141.255878054, 42.855102225 ], [ 141.255911946, 42.854987775 ], [ 141.255943061000011, 42.854743054 ], [ 141.256044721, 42.854120838 ], [ 141.25605, 42.853896946 ], [ 141.256206109, 42.852943892 ], [ 141.256273891, 42.852542775 ], [ 141.256319170000012, 42.852333892 ], [ 141.256375279, 42.852074171 ], [ 141.256471946, 42.85178 ], [ 141.256565551, 42.851568892 ], [ 141.256667497, 42.851285279 ], [ 141.256701115, 42.851069171 ], [ 141.256696108999989, 42.850891946 ], [ 141.25662834, 42.850691387 ], [ 141.256482503, 42.850378892 ], [ 141.256412218, 42.850173333 ], [ 141.256383333, 42.850006667 ], [ 141.256382503, 42.85 ], [ 141.256362776, 42.849845 ], [ 141.256380830000012, 42.849696667 ], [ 141.256474720999989, 42.84947 ], [ 141.256594449, 42.849201946 ], [ 141.256617782, 42.849076946 ], [ 141.256636109, 42.848850559 ], [ 141.256571115000014, 42.848561667 ], [ 141.256448612000014, 42.848298613 ], [ 141.256133891, 42.847949441 ], [ 141.255779728, 42.847613613 ], [ 141.255170271999987, 42.847025 ], [ 141.254732776, 42.846642225 ], [ 141.254271945999989, 42.846178613 ], [ 141.253893411, 42.845853441 ], [ 141.253347782, 42.845384721 ], [ 141.253082218, 42.845178892 ], [ 141.252993606, 42.845090279 ], [ 141.252866109, 42.844939441 ], [ 141.252793061, 42.844824721 ], [ 141.252714721, 42.844645 ], [ 141.252702503, 42.844574171 ], [ 141.252662776, 42.844343054 ], [ 141.252641946000011, 42.843585279 ], [ 141.252574163, 42.843348333 ], [ 141.252506394, 42.843202505 ], [ 141.252316667, 42.842981387 ], [ 141.25214749700001, 42.842892775 ], [ 141.251769728, 42.842775838 ], [ 141.251410271999987, 42.842596108 ], [ 141.250639442, 42.842189721 ], [ 141.250251673, 42.841994441 ], [ 141.25, 42.841867586 ], [ 141.249642218, 42.841687225 ], [ 141.249607911999988, 42.841666667 ], [ 141.248903061, 42.841244441 ], [ 141.24848083, 42.840970838 ], [ 141.248376667, 42.840879721 ], [ 141.248348054, 42.840806946 ], [ 141.248355837, 42.840708054 ], [ 141.248444449, 42.840608892 ], [ 141.248590272, 42.840437225 ], [ 141.248613891, 42.840262505 ], [ 141.248574721000011, 42.840150559 ], [ 141.248408054, 42.840046667 ], [ 141.248218054, 42.839978892 ], [ 141.247897497, 42.83995 ], [ 141.247595550999989, 42.839965559 ], [ 141.247236109, 42.839989171 ], [ 141.247230194999986, 42.839989414 ], [ 141.246334163, 42.840026108 ], [ 141.245981115, 42.839986946 ], [ 141.245736394, 42.839955559 ], [ 141.245546394, 42.839913892 ], [ 141.245285837000011, 42.839893054 ], [ 141.244767782, 42.839856667 ], [ 141.24430917, 42.839835838 ], [ 141.244158340000013, 42.839825279 ], [ 141.243858885, 42.839828054 ], [ 141.243650558000013, 42.839835838 ], [ 141.243153060999987, 42.839815 ], [ 141.24301778200001, 42.839796667 ], [ 141.242916109, 42.839765279 ], [ 141.242838054, 42.839710838 ], [ 141.242757224, 42.839617225 ], [ 141.242663606, 42.839458333 ], [ 141.242502218, 42.839236946 ], [ 141.242377224, 42.839083333 ], [ 141.242307224, 42.838989441 ], [ 141.242192503000012, 42.838869441 ], [ 141.242093606, 42.838747225 ], [ 141.242038885, 42.838653613 ], [ 141.241942503, 42.838416387 ], [ 141.241898053999989, 42.838234171 ], [ 141.241846109, 42.838145559 ], [ 141.241739442000011, 42.838054721 ], [ 141.241666667, 42.838000333 ], [ 141.241491946, 42.837869721 ], [ 141.24135917000001, 42.837736946 ], [ 141.24128083, 42.837617225 ], [ 141.241247224, 42.8375 ], [ 141.24125, 42.837382775 ], [ 141.241325550999989, 42.837174721 ], [ 141.241421673, 42.836911667 ], [ 141.241447497, 42.836784171 ], [ 141.241447782, 42.836682505 ], [ 141.241408611999987, 42.836575838 ], [ 141.241330557999987, 42.836471667 ], [ 141.241192776, 42.836323054 ], [ 141.241015837, 42.836146108 ], [ 141.240929728, 42.836018333 ], [ 141.240776109, 42.835800279 ], [ 141.240463606, 42.835028892 ], [ 141.24041917, 42.83487 ], [ 141.240398340000013, 42.834716387 ], [ 141.240354163, 42.833963892 ], [ 141.240367497, 42.833487225 ], [ 141.240350310999986, 42.833333333 ], [ 141.240305006, 42.832927505 ], [ 141.240313061, 42.832557775 ], [ 141.240294721, 42.832463892 ], [ 141.240221673, 42.832286946 ], [ 141.239935279, 42.831961667 ], [ 141.239693061, 42.831758613 ], [ 141.239581115, 42.831617775 ], [ 141.239474449, 42.831427775 ], [ 141.239156939, 42.830870559 ], [ 141.23913083, 42.830750838 ], [ 141.239141388, 42.830558054 ], [ 141.23917, 42.830287225 ], [ 141.239219442, 42.830094441 ], [ 141.239456394, 42.829792225 ], [ 141.239656667, 42.829516667 ], [ 141.239680271999987, 42.829441108 ], [ 141.239685551, 42.829394171 ], [ 141.239659442, 42.829347505 ], [ 141.239531672999988, 42.829225 ], [ 141.239177782000013, 42.828985559 ], [ 141.238821115, 42.828805838 ], [ 141.238331388, 42.828576387 ], [ 141.237873060999988, 42.828409721 ], [ 141.237447497, 42.828239171 ], [ 141.237034720999986, 42.828073892 ], [ 141.236331946, 42.827785 ], [ 141.235748612, 42.827526946 ], [ 141.235555837, 42.827417505 ], [ 141.235535006, 42.827193892 ], [ 141.235574163, 42.827035 ], [ 141.235633891, 42.826678054 ], [ 141.235623606, 42.826469721 ], [ 141.235584448999987, 42.826178054 ], [ 141.235540272, 42.825772225 ], [ 141.235548054, 42.825649721 ], [ 141.235576667, 42.825556108 ], [ 141.235626109, 42.825490838 ], [ 141.235756394, 42.825373613 ], [ 141.235868612, 42.825238054 ], [ 141.235918054, 42.825105279 ], [ 141.235866135, 42.825 ], [ 141.235829442000011, 42.824925559 ], [ 141.235405006, 42.824321667 ], [ 141.235334720999987, 42.824141946 ], [ 141.235311388000014, 42.823941387 ], [ 141.235293061, 42.823754171 ], [ 141.235316394, 42.823618613 ], [ 141.235378884999989, 42.823413054 ], [ 141.235415550999988, 42.823225559 ], [ 141.235391946, 42.822873892 ], [ 141.235418054, 42.822725279 ], [ 141.235418054, 42.822629171 ], [ 141.235387224, 42.822525 ], [ 141.235329728000011, 42.822407775 ] ] ] } }
]
}
