z,x,y,size,md5
16,58447,24053,2073,61beb54b888a9cd050a8e3125726cc13
16,58447,24054,2476,264dbeef4b99685be4fa035c31f32158
16,58447,24055,2537,771adab604219021b4d68989611fe2cf
16,58447,24056,3359,f6f0affdb4c656ecbbd2802fb6b8261e
16,58447,24058,6013,bf78d970fba372097d175dae23996277
16,58447,24059,1747,a5490ae1feeb8a3b75331745d96f8ea6
16,58447,24060,2740,6a6764032ecde2edf5cfe2c265002493
16,58447,24061,1538,089f41e41d1871410b272c222896617f
16,58447,24062,2293,c93337d19529e22cb25830af4e2f6c3d
16,58446,24063,2015,9f756c4b726afbfab980a3ad4ff030e1
16,58447,24063,3411,ebf76735495e3f3ad0a87b15d44c1d19
16,58449,24051,4303,c8e8d300d8f7ebadf77382a388f25bd3
16,58450,24051,4312,ee4ab3b0e8d9d53f1158f292141e072e
16,58451,24051,3979,37a26ee2964dbdecb2a92dfc52736dbb
16,58452,24051,2865,d05486785f7fe7e365d77a7b69be1c77
16,58453,24051,1842,24a68e50e3ba4f96c4a898383ce6bb29
16,58454,24051,2529,d25c4d606e0a1dbaf878744458a36b66
16,58455,24051,1990,1973e999a7a3161d19c4f43259ddb78a
16,58449,24052,2860,6e18ae46b0f1b3220c9e5acc24c45367
16,58448,24053,2756,bc9445b6d1b4a39660d580ffeae5a243
16,58449,24053,2891,f473bd020d26f0b7b9b8ca7e8942e5f8
16,58450,24052,1915,93b65e3e7a15b27f3a9cbc005999c19a
16,58451,24052,2065,6848f9b55969d31dfd3c6c0778ba8f43
16,58450,24053,2300,d224a591815d5fafb17593139a0b90d0
16,58451,24053,2351,98714cb17edf327082a96f05243dcad6
16,58448,24054,1622,8656c3b7e72afb4cc41a0d100288db58
16,58449,24054,1268,d0b4cd85e75ccdd84623bc859d153ef9
16,58448,24055,1194,faeab392cff98a136eab1cf7553ee0aa
16,58449,24055,856,9215beba0f1cbe6eeb2cc7a139f50c02
16,58450,24054,2347,6cd92baca8f37385180875bf84a0693e
16,58451,24054,2815,1f7725d55a72d8e48b6a972a991727b1
16,58450,24055,1693,acb688aa5889b46585c759aa4251e235
16,58451,24055,2250,4ad9d87cd7a05c0778591b555cf1b7c1
16,58452,24052,1838,ec2f9c7ac1e047321390c34729831ee4
16,58453,24052,1749,a347cae7f43e78c906cc14a6be0da170
16,58452,24053,2367,36bf15286504df69d73edbd0843f7c10
16,58453,24053,2322,fb6f6e374fafa2d1615898c041ae8b6d
16,58454,24052,2529,6d83ddc77cc34373150fa010b3186a72
16,58455,24052,3729,a509af96c614c46c8d94ef32e45b70a9
16,58454,24053,2482,d5430338f173ac4c0ee2a38d2eab4d76
16,58455,24053,2772,c48f401fcf3057ab3cf411aa52ab50b4
16,58452,24054,2916,36f36b101e5f4ecc448133a5b99d589b
16,58453,24054,2235,e52fd6292ecc57db4125bff9f8619262
16,58452,24055,2626,b4e2f4c61570fce362c1556705ebf2de
16,58453,24055,2019,af5e811d5f653d5b3afbcee15201b14d
16,58454,24054,3044,c7c0227b2ef8793fe3fe7bb05094cf31
16,58455,24054,2336,726c9045486f8c2a24510cd306724a1d
16,58454,24055,2541,3e36154b647122427fc5f0480533f6c9
16,58455,24055,2466,25e785036e549e36a7bafbc4c09140aa
16,58456,24051,3255,bbe8c321cc9631d0d8d6348bfad0282e
16,58456,24052,3235,0ae96d21f93bff73a3f47bcc7ec37e31
16,58457,24052,4538,9a51aaf7d2e4fde164a71a78b95db5d4
16,58456,24053,2323,8c9bfbcda89f1c9f6a39b2cb5447de18
16,58457,24053,3208,9927a9e4afcad547a18fdc010cb2126e
16,58458,24053,5042,9670db2aad35f22ed4ccdb10c571fd23
16,58456,24054,2141,3f540b2dc9156dd42199c39ae4cf0207
16,58457,24054,2512,b5c0084c415519d25944e16638c57e18
16,58456,24055,2011,000c7318fe4970670b477d5a404caefb
16,58457,24055,2489,66fc87460366e7f1e457b2acb5722fee
16,58458,24054,1989,5555d2f3329b352b0608da9f296bfe23
16,58459,24054,6145,3f39e0fcea6dd4ed4bd87398094154d3
16,58458,24055,1658,572cae926fcdd6e4748c78575962afdb
16,58459,24055,1779,e3beabbe2540155be54e739448a6c944
16,58460,24054,8179,ca91f9376d2f74fe805706e36ed2c74c
16,58460,24055,3843,2a9ac197e435b22c50affa52a6c4a42c
16,58448,24056,2755,c30dabc33e86c34d787a3be33cdf4259
16,58449,24056,1856,9adf8eb1810b30a7fb3cf36e2d5e0af4
16,58448,24057,3896,4e7652629ba0fa7b9e95817d30d03f6b
16,58449,24057,3022,2a2c4e07a383033170289764ad3904df
16,58450,24056,1809,95d6e17facc43544dc43a7634bed380e
16,58451,24056,2246,bb3d721f8e70934e0bfd7a10447a6cae
16,58450,24057,2776,a547f6f173be225ab90012d71f6c6b59
16,58451,24057,2295,6529c467d359b932186e8bfba425f476
16,58448,24058,5734,9a12260ba1efce61e10468d21c328ac8
16,58449,24058,5782,1d819685aed6e995250ad1468248f90a
16,58448,24059,1840,bf308d7071615c8cf81a7f10becb1aba
16,58449,24059,2786,cd449180019ee3c5a4f73871f6f0b98e
16,58450,24058,3122,ae9ec3e2422c56ca1ac840c51a51c584
16,58451,24058,2889,88a948867861d697f10bdd454bcd40f6
16,58450,24059,3329,5c236ca040c3a12e5dcd96792581cc5a
16,58451,24059,3677,a435b4158b022149586919da58acb3e9
16,58452,24056,3485,3dd64ea8bf78d6b3d98b23ad43cf58f0
16,58453,24056,2685,a5b7a1cefae988cdb24dc38bc4644194
16,58452,24057,3832,58a9ed92e5eaa1097004fe9be4c845fd
16,58453,24057,2750,db59fbea249f5cd178f4923f0dcf1f88
16,58454,24056,2662,a116906f28d741515fd2c00004531db5
16,58455,24056,2562,1ca8afb368f7e99830940af1d01b77c0
16,58454,24057,4173,4202889841407140e83e771a87ffe713
16,58455,24057,3856,cbc1f57c580edfa18b8b8d3b5a853982
16,58452,24058,3301,154d71c786ec587943ba2bff633afbbe
16,58453,24058,2309,2549aa1cb1a3165a9ed4d17c3c4c85d3
16,58452,24059,2234,3cafd34f9ee0fec2863aced989c4e954
16,58453,24059,2100,5db2c9a8f37a771a81c4242b6fc66efe
16,58454,24058,3158,4cd5ab90b1ba32581b68dbdcc3c17d76
16,58455,24058,3755,988f7c6958156a939dd34db8e04d6b98
16,58454,24059,3075,95339075b5e9d2d2ea6b20e1aa8d6162
16,58455,24059,3920,7a4d5bc2a4ead9d69a06988ec50c2a67
16,58448,24060,1597,214d9429e991f357cc45069f6bf92302
16,58449,24060,1302,ea9b2bd2812a4cdea9efe59a1d5b371b
16,58448,24061,3257,9f3b6fad3f668a5947d06a2e68847021
16,58449,24061,2060,98fd394e22148f695f43817975ba3955
16,58450,24060,1708,09be9b50d8490fecc6ccbdcdc23288e5
16,58451,24060,4017,20cac4d6b10c8676e64376f49fda90d6
16,58450,24061,1732,c068f2576d64c6b2fac31a5ff9c780a4
16,58451,24061,3357,4ba8ab10b37fe67d4d0ff31913292c35
16,58448,24062,2436,11bf664d180b2b5f9add3c54883ab2c2
16,58449,24062,3086,2f51774bf8427309ebb0c54cd4e252aa
16,58448,24063,3003,a304354bd000048286d38ec2f13edf16
16,58449,24063,3634,7475c4fc111d007402a789a2c2007522
16,58450,24062,2920,17a188acb87a325b62b6801b2d665dcb
16,58451,24062,8061,d5fa5e34c0b0669b67c9ca5621aec534
16,58450,24063,3136,12f46b917cbb6bb6e1edbebb545e07ef
16,58451,24063,4759,19dc899abca3c57d09860b71de39094a
16,58452,24060,3468,ff061dcd026718edd4408c5c0f6fead8
16,58453,24060,2170,6761e702a7bab3c60d1cda769b2b967a
16,58452,24061,5462,a305c2c26f04359832bf69667fd4b000
16,58453,24061,2644,454909af9a9b0440825880c330a93154
16,58454,24060,3488,88d2a1cd33e61e0bd7b3a58c2f02999e
16,58455,24060,6382,83f7849bcb9e52e4f34b9898d4201b85
16,58454,24061,2325,8d53d7440b74e74a3a463db1a99c7931
16,58455,24061,2868,da81cc021cc41a4ff8ef7ca0f7fbf8d0
16,58452,24062,6169,2de85d1795af10b3d76427a2c57cc07a
16,58453,24062,3982,d4216fe103bc281e54afdd1a8184411c
16,58452,24063,2090,72fc2263bc87b675ee2c0f42ae9a1c7f
16,58453,24063,1764,4e1c22d25a290f5af210968bc4acfca3
16,58454,24062,3415,d1ffb7532e19432b8dce45cd3b3b6c94
16,58455,24062,3797,598595a66a4a5ce6c3ca70b01cf2dd2c
16,58454,24063,1989,3fbb26d84e4345cd89c38c8ee12abbb4
16,58455,24063,2429,8cdbce9867349b5e176b38c550128e8c
16,58456,24056,3023,2cd75b5fd8dcdb33ca64a3dc13852583
16,58457,24056,2540,7695b16b22370174d24aa754e334ce4e
16,58456,24057,3176,243b954cc04349f77f1ffe5d2e790d10
16,58457,24057,4303,835d3570aa5028600952875fb137381c
16,58458,24056,2464,9c6424e364c010c2938f560a858633f3
16,58459,24056,1991,dfe076dfc7ec638ba20d302840cc602a
16,58458,24057,2455,3627c72feabf098e53a7dab2ececb3d4
16,58459,24057,2413,f84f80d342eb2b0599c511608e02b40e
16,58456,24058,2148,1bacb8621d3ce758953b769b121af8c5
16,58457,24058,3264,c19e5a8a252831a2d29f65f4ad6ec6bc
16,58456,24059,2189,c0b19824a7a992bf80cbda1f71ac720c
16,58457,24059,2508,c65560928e731cf25b06c850ab520798
16,58458,24058,2634,be161fe1b634643ce9b9c24a9c66dc69
16,58459,24058,2977,fd61b7e2da8fd48c0657a66c29f33234
16,58458,24059,1651,7cd5ae8c96e4780aa817c5ed35a396cb
16,58459,24059,2306,14e7113a028317198a5f060273f5b4a5
16,58460,24056,3218,26f0b7e90c71a5bd89c9d652161cc066
16,58460,24057,2192,12769891b810cbba49de1957e7748f60
16,58461,24057,2698,72b30f185042412fcd0801f0430214ec
16,58462,24057,3442,40cf37b696653e1fff3a6500f44a7316
16,58463,24057,4262,7e6678e21313a1d6303d5a09586ad913
16,58460,24058,2140,14834e773e342e0c9eb046f614ec340f
16,58461,24058,2102,df57a5585512dec386f33565cad97bc6
16,58460,24059,2336,ef8090be52778e2148c549682d3a6ce6
16,58461,24059,1949,4aeed59cfeebb0314e790dc735fc0486
16,58462,24058,2379,00b2bcb731d7cb7520dcb188bb55b6d0
16,58463,24058,2111,44b184e47e33e27bb9d6d10549ec6aa5
16,58462,24059,2335,a134b49620075f2687f7aeddef7bd531
16,58463,24059,1996,0e797ce835191d197f75e95d733cc415
16,58456,24060,2712,e0483106c7be8cadf741cd91b1da1770
16,58457,24060,2915,34ac70ffc974a61cb26209b124a72dfa
16,58456,24061,3348,818604734f1f0a48c2ce8c000c57cd5a
16,58457,24061,3412,0e9cc799f047f49b30c2b7c872844ee8
16,58458,24060,2274,8809d59abded2afe3ef755210c32700a
16,58459,24060,2390,18ad69c82af9e492c7e739e926efd54b
16,58458,24061,3631,ead5b3bc99d49f6699cb92d10a567831
16,58459,24061,3818,64f702614a26eb5f7548a4cf1e21f770
16,58456,24062,4302,135dddb18b3dc3803ededfac91e9d362
16,58457,24062,4013,39b6f7abbad6f8a52510e1d328f8e020
16,58456,24063,7453,e9917016ca084113970c4887b3f07e4c
16,58457,24063,4512,0678eeeefabe9080d45a80366c1436af
16,58458,24062,2806,2b96ef3d4725821b004d24a318d00922
16,58459,24062,3616,46936771a2cb54a8ab471895d9ce9377
16,58458,24063,3496,c39fc39da3a8577f9fd5b83108062cd0
16,58459,24063,3516,188e594c65a8c30a79420f900d5f59c0
16,58460,24060,3249,9efbaaaf186fe391d78d94bec523b657
16,58461,24060,3256,be7193c42eb0c3484c63c2c65274d123
16,58460,24061,3517,ff7e7d6c7abbccffe55001c7a3aa414b
16,58461,24061,2967,990252d444a6ce18cfba282dbadbb7c7
16,58462,24060,4058,ff2bb147b5cfbf856fe865479f71676a
16,58463,24060,2136,b4aef301fe654f04942fa98770a4251d
16,58462,24061,3102,d20976c967b20a67e7cae579ff62664c
16,58463,24061,2585,1f9c0c0f5e51b962cd58b5cf23c0ee06
16,58460,24062,3303,12c849dbb99dd6c0ebd9633b37e7a0ed
16,58461,24062,3183,101b777662a42fb6b076926d3f1f6281
16,58460,24063,2921,11f93e47dd5692612babf8458db96110
16,58461,24063,2524,0801c345fbe674ea90b4311384ea162a
16,58462,24062,2581,d4e2649d00f9a8cf0d8e9b278a9110d4
16,58463,24062,2245,d9d72a80db492f6f5202b36bce738261
16,58462,24063,2647,18a92c3c245491ae75527203ecd3fab6
16,58463,24063,2000,0f5c5deadc4e56e8a2cb840e0c084307
16,58470,24045,7302,a73924b3280234fac3a821bf4675d478
16,58471,24045,12645,e27b3489dcdb8089caad695694d51cee
16,58470,24046,9952,87e607ff67281e787616c91725102706
16,58471,24046,32070,a906125748c787c0a66affdffdeb71db
16,58470,24047,11585,ef405a4cb89fff6247f9fd1b06ccfbd7
16,58471,24047,39471,8af63f3ab303954ddfff91f9020aa87c
16,58473,24043,3932,5972361c2bc08014c0e8f2a8af68ceee
16,58474,24042,2532,691838e4ec0459d01cedc8a3a9034ede
16,58475,24042,6000,93d8393ec936aa5a05173ff5d010199c
16,58474,24043,5130,0ddcab68795ff4008159858a79c96bcb
16,58475,24043,6070,e7b3bf54b540355808250911b33ed958
16,58476,24041,6186,6ff3f4e1326c03b06c07c9c84fe34ed5
16,58477,24041,6100,9a32212ddcd7b485f4b665c37da57735
16,58478,24041,2241,a283b0075de95e34c0f977fd9c675461
16,58476,24042,9764,5c7c84dedae9c8751fed95eb30128aef
16,58477,24042,11253,e821580d1df19fe0ba3695ca6240e814
16,58476,24043,13963,74680b9bada2de7a949b01c1bf8ba22e
16,58477,24043,5932,35f45772fe2dfb2bf560fae120323d62
16,58478,24042,6718,3a0bfca17a47d8169699e0dfbe2c0290
16,58479,24042,1874,16d0a786b2188dcf9039b49391687eca
16,58478,24043,5179,e008d2d8e1aa3907b82ddf38df36b198
16,58479,24043,24326,d7ffd06295715a558e96c9662e0f705c
16,58472,24044,5313,a1bf1d8a4a1938977cae7aef82346e77
16,58473,24044,5464,65219b7ec354e38c6eb13b5483b65143
16,58472,24045,9277,ad94d0390455b50f76a6e968ea352411
16,58473,24045,6527,240e00577657dac3e6aad9f6a100dccd
16,58474,24044,7708,52a8aaebe842e455366fc95fa0e4d347
16,58475,24044,10144,3942bb14036d9325a8844a02a766d3d5
16,58474,24045,8242,cecad612bf94e808f754e2577e61996f
16,58475,24045,8561,39485e46c13d9a88d61d022b78c5658a
16,58472,24046,58926,e8e4ceea9b452f4d228661e8a7408637
16,58473,24046,53955,21676ef9e41c2c89bb5c8b415fa313ba
16,58472,24047,59709,56c6a520cb0a2ab7b9bb3254bc09e429
16,58473,24047,72386,ff3e144f4fdff342569820c377ff9571
16,58474,24046,37550,7aee1774e17885bd3e4bedf74b380641
16,58475,24046,47931,b5b1a4d12d2f0bde1f2098b80375b130
16,58474,24047,50283,684143313e64ade0d02648aa41f52be5
16,58475,24047,62974,acd5d125655e87d0b339750c2eb382c7
16,58476,24044,10905,397e4268a2f04fedde017bf85e95cbdb
16,58477,24044,9423,ce914da19772c7d80e59afd9dfba191b
16,58476,24045,12296,09bca12b5350f99ad3aa17d47e5b539a
16,58477,24045,38590,9ed79dc51b070a5ea3ae3aeba089f476
16,58478,24044,31648,d1cd8b793cce6b9d4f54e075af8dfce6
16,58479,24044,45696,7427df7b72694569967697e44c1c8d03
16,58478,24045,35751,305a1ca3a43fa2082de4b741f1c4dba0
16,58479,24045,64697,98931aa130131a08e3d7017abdd9d924
16,58476,24046,44708,866866c78d24fc6ef994eee34897d8a4
16,58477,24046,45058,cc7c0322460e1c11c85a2599796b3e94
16,58476,24047,28818,3baa446bd2a60571dfca5528b3674350
16,58477,24047,14963,83268e18861f266ed73b846a848f0c56
16,58478,24046,54980,b5ea92af5bc7571fd87b548bed74da93
16,58479,24046,61469,83177321e8870c1a4d9a199abf316c43
16,58478,24047,45613,40136b968c9be2dd9ee63e7d936ce358
16,58479,24047,53217,94df015a5757304e019a0dc3c7a04c65
16,58480,24041,3040,95dd510bbed4e57978d0c68c3d8b5485
16,58481,24041,6854,6d1eec0bff7dad8d586b463caf8bf35a
16,58480,24042,5289,54ff854480dbc7e04e480fa034185b5e
16,58481,24042,9873,c602aefc8ba27d867c51d1b1d1867854
16,58480,24043,7475,b9bdc6d3092130eec1a4743a19e1056b
16,58481,24043,12186,e23cd6ead71312c8e77b74e16210816e
16,58482,24042,7265,20462c04dd7ac4e1d8783261c824cc07
16,58482,24043,5840,0ffb95803f2dbc045ee7739b018a6614
16,58483,24043,13345,3ecfd34b6daf39e0d71ed5fbb2e83efc
16,58480,24044,40706,84ffd4c0235580d5b45ff0624047660b
16,58481,24044,4586,b140e19f789e4cb8677ff9ff187be7f5
16,58480,24045,78887,40ada405992d7fca82519f43ce8a32f0
16,58481,24045,47105,d4bd4e50089aea201bc3b984ccbf8ea1
16,58482,24044,8230,e66ae44da3f9079f754487f2913ccc4f
16,58483,24044,18449,71946850186df6066dc94fcca041a4f8
16,58482,24045,11943,0e46d9780f497cbf3202ad0ae08cbc37
16,58483,24045,9022,401e561f34eb0e82ff99aeba7b789a2d
16,58480,24046,70663,685207eb10de4390759f64aa36288c2b
16,58481,24046,46884,f706d48a15284296f081a9206f54050b
16,58480,24047,53808,a1cf14eaaf223c112dc9b933853fc4c2
16,58481,24047,42475,8b4eb510c5612a6d7b089a4b05e8e641
16,58482,24046,38555,7a9fa7d397629f3324af8d401dad6170
16,58483,24046,10299,f67826cdd479b6676f763bafc585eea8
16,58482,24047,62260,9301c802217d38fd7311887876c3be21
16,58483,24047,42646,e93439be3de27c03d2642712a1a8f88e
16,58484,24044,14544,16987a01b5e7cc1716a133df287630cd
16,58484,24045,6040,6586511d810d23c5894066acaedb6524
16,58485,24045,9304,99bf3fe97e26236411d9b34b6aa330a9
16,58484,24046,4338,53e50785efad0b6c76a202298324cc7d
16,58485,24046,8164,28ca061e31e9781a892e4e90d4d176c3
16,58484,24047,33757,20df9c8afe680aad05f15c2bbf64c311
16,58485,24047,42470,38bc9b41a41e50ff179db66c38f02f7b
16,58486,24046,33878,2fb6b443c3f0c34ba56d9e4ca40c74c8
16,58486,24047,15684,7f2b62d4cc2b6fb3553372cbb4726fd7
16,58487,24047,26938,82ad4bdab83f109b49f5389362291f6e
16,58490,24045,31041,6400803a982e50a69143e3e41472e17b
16,58491,24045,10726,9f9ec16b384967fe110a06b9ef76aed2
16,58489,24046,32065,4f7ea511c10d76e161656d2568001580
16,58488,24047,8199,0ff2c494b76f6de0491e8c339386205e
16,58489,24047,15600,47071cd19947ae9285f0679251efec00
16,58490,24046,11012,fa3b864826791ffd9951bb9458f5630f
16,58491,24046,8779,960b32d7ef402fd80bd3a27bb5f53898
16,58490,24047,10941,230810a9abe2bca0b44c49b0f2a6a88b
16,58491,24047,8492,12932c0002ac556311dd176046266273
16,58492,24044,58210,63fce8a7e3a186688aa3097c745d0006
16,58493,24044,12132,ad4b2ef2b289f345edbdc885a2593deb
16,58492,24045,8994,52dc1652b8e1624f88b1b9f2fc25c466
16,58493,24045,18794,87a2dcc6058e4efe91d9a5ec27b11fbd
16,58494,24044,20438,03c78a7ddb85427e2f0c6bd697dd0886
16,58495,24044,16998,8233e1bb6404f4be711f8da3ef8dce3c
16,58494,24045,47562,9efe30ac473da464d5e29e4830402bfe
16,58495,24045,38195,4adb1dd06c47399e27ffa3d8cbca7ebb
16,58492,24046,6955,91499dd8f4317e83073c35aef58cb3d0
16,58493,24046,30565,76607d365e4eb9162add4888295f400e
16,58492,24047,7065,eb40cbdbb272ec9b10dbe45352fc2180
16,58493,24047,42033,359cfc8840a12b4c344356be560fa594
16,58494,24046,50356,2775eb52349c26f5d7cb7042961ccd83
16,58495,24046,37030,7c733374c08354ecd3179d2a95ca430e
16,58494,24047,57075,3968267c5785863bd55050cac3aa8163
16,58495,24047,52432,da9cfb2990339da02804de089258b93c
16,58470,24048,26371,177c0602d701582b31753b96c1728206
16,58471,24048,21324,ac59d85c4f9dfe51560e38683e0bc9b6
16,58469,24051,6022,cebdaf5111644859aedf4ca016d4667a
16,58471,24050,12796,63b2a3d2bc83c4351c5b4c22a7ecdbd2
16,58470,24051,6713,b414bf486cb6a3ac2bcc23b37f18376f
16,58471,24051,14060,10ecc23d27aa5c4bfd8c5dd1919307a3
16,58467,24055,8122,f47e92d6d3cd26afc013290ea7db7ea2
16,58469,24052,6328,335a99c1aa0041f55c00ae12ae5c944f
16,58469,24053,7126,59ca06afe00822943c2e116504e05318
16,58470,24052,4669,ae5e2910b05e64793d771f0fb3856c82
16,58471,24052,7260,4a0d957c7276d9aacb69c778c476be64
16,58470,24053,4684,1321707c22bda79eca2a9e1e000fdba7
16,58471,24053,5212,c694524f567ac790283a82fbb7591613
16,58468,24054,7829,fd3ac0d5884fee75c2586a76a7b7079e
16,58469,24054,4802,d7c3a4603074d616d68d380c2e5e4c02
16,58468,24055,5442,410191f24a9221009586779973fcf392
16,58469,24055,4528,6214ee63cd287ab5dfee4cfff3b9b606
16,58470,24054,5700,72af9b6fa97c5c21ed3a196454ccd583
16,58471,24054,4773,555ad1401ad267f330b07c584d76bce2
16,58470,24055,5607,5629502eb22b09897f07dbed512a5b2b
16,58471,24055,4378,9317dbade3e080a0f6ed45708b5a6a42
16,58472,24048,55964,09bbc9447b7c19687d27fff2b598c437
16,58473,24048,47536,ce71a11cbe3e73e1d5d50ccd4ae27975
16,58472,24049,27397,00667e8981a4392695e607a2009f6ba0
16,58473,24049,75140,b08790528eb1850b6628c232bfb6fd50
16,58474,24048,40705,6da58cebf60b7a780dcaa727d41f49b6
16,58475,24048,55504,55a37e9456b412bc054d2db2692bfc1a
16,58474,24049,56324,e1547bb0f20d765d55f7eb5379a0caeb
16,58475,24049,52190,a611b29a4c711c2398f9954ff66b741e
16,58472,24050,11509,4435f4cedbc5c00dc734703af5c98e86
16,58473,24050,25177,5566b0bdbd495f47a693a47e0e13ae7f
16,58472,24051,9002,1fc4eba251fe89341d2f2900549bc4e2
16,58473,24051,7573,75738b99566dc3c74afa21045b26519c
16,58474,24050,32475,4f0b6c8c2bee2b3fc6e77dee9709a613
16,58475,24050,48371,98586561f6d14da20219857bc393f734
16,58474,24051,5779,430b721629469cfe5d25402c5531552d
16,58475,24051,6972,711ec93199aee8d1be9aa5cf86807c83
16,58476,24048,42652,68f997b7ef8c0a0e880690915c93eb17
16,58477,24048,16359,00dae4c510f29dd6182950f627e99574
16,58476,24049,54489,531891d3b60dc11ffb7911e7e5147a8a
16,58477,24049,25687,dbdc23269cbf56d09af145261134f06f
16,58478,24048,55097,deb2a86f9e3c28ffdf778e1376e60792
16,58479,24048,59045,5073281afb378f422e97396a7c420d67
16,58478,24049,28051,0b8dcc1e8403fe6c9c72b10a1fc89171
16,58479,24049,41293,1f74d62130a7209354302f33321ad695
16,58476,24050,53300,e5f68627ab2ffe43a67b5893cb7a1ed3
16,58477,24050,53590,51a48fd15d3129fb7b941ea197e46bc7
16,58476,24051,25958,5d5ce812d208fdc9b8522af6ed5cb025
16,58477,24051,42869,04059431b2aaee0b042befc967be2889
16,58478,24050,50352,a68c2eafb75a4531f055d305395e4643
16,58479,24050,44672,6da11e020fd594b06f0ab91f66049f2e
16,58478,24051,40654,9406f2f71cf92ff222203ad671ebc25b
16,58479,24051,44456,c07a92a6a8a7ef85790e011feeafac87
16,58472,24052,10023,6d71440d93cbde42bdee7f60ede701e2
16,58473,24052,4234,13db4a532a0b8b1be39dd1cc5c288f9d
16,58472,24053,4491,5a13745ee195d656fbe481e920bd942b
16,58473,24053,3094,ac7599bfad216f10fdec413962a10db9
16,58474,24052,3647,028d1d4db12ac75db01a6f07dfa164a2
16,58475,24052,6845,2b120834d6c8fe29f34b5d13a8badfa3
16,58474,24053,4602,387fb8cbb774b64f596b2f96b490f952
16,58475,24053,5032,7a0076e3722ce63aea7952ccf7c673e1
16,58472,24054,5247,0f40dbc7eb0ac3ef506d4cf2f7a25fb0
16,58473,24054,4097,19955296fc82c8f679a9518ed5d6a0c4
16,58472,24055,4014,35880ad84fdd877c573a4a649de54dd6
16,58473,24055,3245,d82d1f498175f281f25d81a564f6c649
16,58474,24054,6128,3e25f7552b81ba8a0d723a5874810fb3
16,58475,24054,9138,33f1c9d3ddbaa13ec011f5d1d612aea1
16,58474,24055,9470,5d930aab3ea22af93cc00d7f37d6a39e
16,58475,24055,10956,bdb67dfa4739d103b5183ebedf25c0e1
16,58476,24052,4259,ae941fe72e2208c7b284c9eb590c86b7
16,58477,24052,7911,ee0dbacee721a533b047387f3be326ec
16,58476,24053,4177,bb38f0d7596c54e083c3602cc39147e0
16,58477,24053,6499,21066f02dff532bd65b5e6655faa4190
16,58478,24052,20451,21af6ed25ccf3995eb1b91b58e410c0d
16,58479,24052,56962,3c470503cc25ad49164aa4836b82a300
16,58478,24053,5799,9967dfbd5ec1f14d4aa2d172c0641f3b
16,58479,24053,21758,997b999dd8993ecd6a1442cfd8d48c9a
16,58476,24054,7376,1cf20c771ac3a101b01dfd01a6c7de80
16,58477,24054,3324,2889aa1c00d9dae188926a7fad9297f3
16,58476,24055,6222,b728c9727008f5e71089379de9110bda
16,58477,24055,5467,eaf1db822deb9f95b8aa369c1b749b1e
16,58478,24054,4153,96bbdf80f2eb35a5b14d129d04035d73
16,58479,24054,8863,de6ed080c1c5d65862960759d4dc955c
16,58478,24055,6475,376d7f8d59bf42fdbb0d1f8e81fd26d8
16,58479,24055,3473,75618797a972310f27e4ce7aa47ec3e5
16,58466,24056,5166,3e2be55370e9d2793af4ae89adc8d53c
16,58467,24056,7023,d7a042578b6088a3b71062c23e61784d
16,58466,24057,6060,daa7c33a74004032b5e95fc19461517e
16,58467,24057,4545,b94f739e2100d237c3d2280db5ff589f
16,58464,24058,3909,9af68b5724f2121e2dccdb34310227ad
16,58465,24058,4989,bedf43a2c2b93b21aad90b980323250d
16,58464,24059,5351,06225174b560198c7b33f75756338f75
16,58465,24059,5308,75d564a92deab26e17ca17b76787c01b
16,58466,24058,8573,6cc34fb880391d4516499d46e160dc22
16,58467,24058,6056,9ecb16e0d66a4697e9b4085edbc338a2
16,58466,24059,5849,1c8cd3b6bb081cb913e1cca1db13c401
16,58467,24059,3946,ab74fa3f7e9d5da11367882504e0ae00
16,58468,24056,4758,dea3fcddadde398b4de27b32ce5c349c
16,58469,24056,4843,7f12c469028bbfc2e728a7c4e89e112b
16,58468,24057,4354,2cd7307a7efcae956ea6697cb288dda6
16,58469,24057,5240,35578a4bbbda31c6477294a37454fbc1
16,58470,24056,4264,505aff5afea4de4062a6a979d89a2205
16,58471,24056,7664,f59bc2de7c34403ef4b26da559dbe651
16,58470,24057,5055,25b679c3d95beac4bdc473b9d8a17f4b
16,58471,24057,4985,8a06acd940657629804dfb1eb6b87444
16,58468,24058,3821,f298bdea7e255e2779e8318a84e90187
16,58469,24058,5043,6b9f36b3a8e62e4abdb8ceee2e2e374a
16,58468,24059,4454,2e4b6914226e8a90ff8bbeb18018e973
16,58469,24059,5215,5786b67daf89d192752855735da16226
16,58470,24058,5425,168eca982946295d2c6e91c3e89036bb
16,58471,24058,5751,d9a62c8f07b69846ebe1f2c0b0bdf124
16,58470,24059,5162,185bc3e19989f8730db4b842bb3c8a24
16,58471,24059,4178,edf03f0d127726e7f3bf177aac84916a
16,58464,24060,1387,b06460fa65d68e2950e5ad17af40f6ab
16,58465,24060,1321,e04d638f5cb981db8a2194b3ba12a6a1
16,58464,24061,1789,61029d514ff2119e49ee224cb7c48cd7
16,58465,24061,1407,1497f4d644b7697089072ba49e284ac0
16,58466,24060,3426,9627bc5ef2379ba89c5a3475d7ed38c0
16,58467,24060,4610,9972e9ca305af3f21f41e25cfd35e689
16,58466,24061,1199,54dfcda18648d4513ae435ba9821f36b
16,58467,24061,1625,83220f2903fc20ae1c60091e58e8f773
16,58464,24062,2643,ba0b966a7d8e13cbe90a82e3ab44c0e0
16,58465,24062,1406,b4c0e677d7ff0d60bfa1047ed6c617df
16,58464,24063,1828,b45c6f15f974f2152097ee8b22e95e53
16,58465,24063,1683,e98dfdb4c6838c13fb92b35913576d31
16,58466,24062,2084,4743833dc5279d4c297c1da2ba047867
16,58467,24062,2781,3f69e867b1ca8605b09ffc6f86974e36
16,58466,24063,2384,ec0d73a76f94e1ba29537ce391704c75
16,58467,24063,3134,8038fc70955df435c7439016621bc3e8
16,58468,24060,5913,a77d77143051b9953d69c2153af86493
16,58469,24060,4683,a69f4fc055d9074fade9ed393bb336f8
16,58468,24061,3133,458427e1185cc1b72da9f96365a53c79
16,58469,24061,4848,9e38759a9f378f5f9fe95ea5cd13aef3
16,58470,24060,4137,0c28942ad69c17dfa0c63cd70c5197db
16,58471,24060,3538,c2131548443819f7edcbff36a438f353
16,58470,24061,4124,210102ddb1dad794dc0b3bcfc845925f
16,58471,24061,6500,dc4ab633800e2dd2b450c79260e5afdb
16,58468,24062,3869,2539ef2483f9e328e9b34d772992f58e
16,58469,24062,4131,a523ea80c646bfda3639c7e968028773
16,58468,24063,4453,0a539b1391bb15348cec893dcd5f9ca1
16,58469,24063,3437,1422d91643efa1ea74898874a6f4748c
16,58470,24062,5530,dc5af2fde198b346ec7cccf1f23ace72
16,58471,24062,11960,31cbf2484e3f9a3564446c4681d0783e
16,58470,24063,2143,60a9b7a831ccb4fbfebced636251021b
16,58471,24063,3758,498bb74dc1662bc4e9ce94776e526e06
16,58472,24056,5959,81617380d6e81dd08e2c7b38e1ffff5f
16,58473,24056,14954,0fb2cd3922ec28a606ca9a3a20e33c35
16,58472,24057,5174,583e1bc57662d5e3cb6ab82c8b13a1a0
16,58473,24057,7112,c8f38588966148c508fd525398b25c19
16,58474,24056,8367,248f43b3bd832bb49d42fab71ef0c98a
16,58475,24056,7780,5b869c76b61d4b46709a347ca5882389
16,58474,24057,7800,1784739c928317ec47d3354455d4925d
16,58475,24057,4079,660771415221a1818cba7d9b15fcb0b6
16,58472,24058,4126,3879199e0455fffca901ee07a25d7502
16,58473,24058,4723,fb3044c9f5d48bef2f0f7112f588adc8
16,58472,24059,5375,4355b2559b878fdc19591cdf3b800584
16,58473,24059,5905,209654e1d99f06d666c5c542969fc279
16,58474,24058,5170,b81f5228a14e653d0c7c139e8c3367dd
16,58475,24058,4949,d0129249f6e670144737d58c34325e8a
16,58474,24059,3944,9a9398a2cb9304bff0fa43c1f3b04202
16,58475,24059,3407,a7442c6549ea3c493432686f6bc1455d
16,58476,24056,7229,db778d9780f3fae85c41eba33b45e8a4
16,58477,24056,5048,7c236da2f4f3b0dd2bcd1b74b65fb676
16,58476,24057,3890,865f48ee0ed6fc7d611235b067580c69
16,58477,24057,3901,bcceea97d2aa75129387b627c5ad797b
16,58478,24056,4035,8025ebc0246cb28d315b2203362a97bd
16,58479,24056,2261,93de3cc820de1a943645da3545df8869
16,58478,24057,4094,fa4873ff7b6f678293a9ca52f605395a
16,58479,24057,2907,22bf04b72da4a4f09456dcc83474cf87
16,58476,24058,4964,e526f065fcbbadaf6cac01f166b2a6a2
16,58477,24058,6215,2c3e30f141010051a5f4e86d59fa10ee
16,58476,24059,4181,850280159ede941509576834a84a2af8
16,58477,24059,4509,af5853403682d118aeabaca58aa52679
16,58478,24058,5851,4dca6a1994834228c218f75e2f4d1033
16,58479,24058,4297,2a9ed1f83b2df305323b1ba9467367a5
16,58478,24059,4031,0e3c2442dac2466a14660d50b6f4f859
16,58479,24059,3826,b138b36b52c1e6da78a491eca29372c2
16,58472,24060,4831,7e7ad9010e8ee9736e392a82e53134c2
16,58473,24060,10263,798fa3d473a71dd91405d712867b8f64
16,58472,24061,6049,b7e94fb26dcb565f72e3f418731ec6b1
16,58473,24061,5763,0453ff3d2e6375dddf163392fa3df32c
16,58474,24060,5761,dce34f7abb131dc07621340a733486f5
16,58475,24060,3748,3aef05c9e1c6cc73228f0772008fe226
16,58474,24061,5055,2a9c9ac054d7e3e8ce46aaa5ee37d415
16,58475,24061,3750,0e0a6f5edb65a4b3eca6e9b629576822
16,58472,24062,6452,0f534d9e913847d76bae25b6a326a248
16,58473,24062,4310,35d16f92f825063a119cf33b4aecec3c
16,58472,24063,4133,dcf55b27842f2a0fd0a2be76b8806da7
16,58473,24063,2579,934e22acc1261b0bde621bccc89b289e
16,58474,24062,4284,fa4e9b2a39aaf7e51c3a606821fa5b80
16,58475,24062,3992,a2408a11d244602dbee693ec909bf883
16,58474,24063,3663,0eb1deb3e8b05901008b3886d8b3213c
16,58475,24063,4262,cd64c0ca2ba0263c8191da0292238759
16,58476,24060,3338,107726a18dd7ac5801aa49c193aa2d19
16,58477,24060,4160,67b4a41b6136087393010f56db045433
16,58476,24061,2515,36dabeb2e5414131c0a4a1c0a7415af9
16,58477,24061,2901,425a64678150b68dcd4d60174081d66c
16,58478,24060,3611,3053836031afa30559877df6185eb93d
16,58479,24060,3610,fc86fb5f34aff8c809141b73d15e8b7f
16,58478,24061,3735,eb11469dc5b0511005e03210ba32213f
16,58479,24061,3076,e65085791bb27ab3650da008fd1911e5
16,58476,24062,2120,5ad2da49464e6f544c9d76b744bd632c
16,58477,24062,3298,9687c461ed3f0aa1c25ac9ad3ad063b4
16,58476,24063,3745,b17fe8dcae12bdd60538960af5ca03e0
16,58477,24063,3674,c4c52f9388eda9d8f63dbef5e514de04
16,58478,24062,4531,022f58ce02f09f3aa1599dc61d343349
16,58479,24062,5086,05cd8c738b55e4eaf2833bdbbe3c47f0
16,58478,24063,2779,5d9ed364c92357a31ca6eaf4e8a2b344
16,58479,24063,3002,55aa7f447bb737aa0129ffd53915f3a1
16,58480,24048,58662,a9db983ed0a30c1da5abd7e70367f4c8
16,58481,24048,64883,8e0268651e29cad65590635298627c00
16,58480,24049,59712,612158327dc1ca58f214bd13cbb9cd91
16,58481,24049,61915,6132f5c0dd90e364efdf7edd4bc00044
16,58482,24048,36510,3c9d58533be4dad7baa729065e1a5ff7
16,58483,24048,58940,f9fbb1a4e6b906e3d8d0172c28da4a58
16,58482,24049,44135,5bdaf933179e3b2a30c673be708c9076
16,58483,24049,77328,ff63b725effcbf1fb2aeb6dff58e287d
16,58480,24050,39208,ccb839ba41d87e0e0b7506b48b9f94c3
16,58481,24050,53192,df4184a613a6f6ce84f4210181e456a6
16,58480,24051,40579,ab8982d511c8d4134afddfd463ee00a5
16,58481,24051,49352,46a6b05c800cabef5d852c8e6e6524e5
16,58482,24050,66047,2f01ee83aa791914f597a4e34fe6f924
16,58483,24050,58027,0a97107a464c2580563d4363dcd80ca0
16,58482,24051,76780,6bc83bef903a9522b0884736a06aa434
16,58483,24051,43065,9013f460f814d4b2c24da586632a9bf8
16,58484,24048,46895,1963bf170edd5780b05ce7364803e471
16,58485,24048,48450,a8c967c66d2c2afa4047776a5ec21872
16,58484,24049,65369,aefcd38ac3feae3653966e4a596c2ab5
16,58485,24049,50825,c14537660412bc8f57993d0341cc1def
16,58486,24048,39170,3280e3fe26ae6e6dfc5a591d345a6aaf
16,58487,24048,27055,d2ff38cf8d12eb87913aa9ea90523eac
16,58486,24049,41401,0137cb155fd3f44d5ad8e2eb46192e63
16,58487,24049,63731,3975370962bdb0f734d10868ae4a5501
16,58484,24050,55912,158fa6fdca293dccdab5b25a9ef723c2
16,58485,24050,71527,41c97017cf48588090f2bea7507d0102
16,58484,24051,52340,cd2b7cb239751d6839eec0660fd55998
16,58485,24051,67102,ec785752cde3a434e58f164e47bc22ae
16,58486,24050,46688,04b19bf6050e9a00d0a844c7b3e984b5
16,58487,24050,46264,7a7bb0e29a1d258c60dc3494a6663727
16,58486,24051,84613,a5c740c83fada332fdb9a4bac810b9dd
16,58487,24051,42863,5dc8de1de5c44950db2d0f05d8ccdc29
16,58480,24052,49564,e8064d07369cdd8a810ec8e997be4c65
16,58481,24052,54903,8660de75de0ecbdbf213c042f9d09a9c
16,58480,24053,48337,71645ac793aac4b1c82734510361f1f1
16,58481,24053,46480,e0aee880ea492c02ae53367595cc0732
16,58482,24052,65785,41a22e8a4c85327076977b5968f4759f
16,58483,24052,30836,e854aee2419ae3185b5e497dd39ebb27
16,58482,24053,57791,8ae2a2c8db6c33fbc1acce9c5fa07ed9
16,58483,24053,49861,44c47fc1478a587f7d31e99d1347b454
16,58480,24054,46667,1229b7557ed760b74ea216006fcb9515
16,58481,24054,44240,cd913941e6d0618bfb881f494e07e9bb
16,58480,24055,21845,f4999e4d5ae58b85f5e1ae062e672c91
16,58481,24055,48002,7a2505c53e330ab23142ba787c9c9f7d
16,58482,24054,53935,518c8ac10c0632c3a50b73c69fdb23fc
16,58483,24054,63145,b14e65c481c221acc073f0294dbfc955
16,58482,24055,42244,408f8720a55356f1b8ebb0461221f016
16,58483,24055,52041,313cc25a5eb49d7755b6c682f3cbd3b2
16,58484,24052,54056,99913f43b327705357c3546100e85e8b
16,58485,24052,62361,f42e4316d29965d9cc8b1644267f4883
16,58484,24053,65771,8ef437d33d0c252f4c6a8cacbf8d2407
16,58485,24053,66015,f38d61f34d607f8960aec10b5bf1fe1a
16,58486,24052,55732,8b9ab041ff30c290fb45ced0f56fba20
16,58487,24052,39740,3b0ea4b87dfaf10667629e98688a3900
16,58486,24053,26093,4a428076ea03a28d4d75eec1302e4bcc
16,58487,24053,14674,4564891c1dd77a2567f8d1a629d61376
16,58484,24054,59147,0f1d3a1b699f5d4b3a01f28d0364ce07
16,58485,24054,51715,398df46bf52dff82e9c601de46c1c2dc
16,58484,24055,48533,fe69489aa1da5b62030620e069037172
16,58485,24055,15527,dbf6b1f396072f7f8c925f07a52316a3
16,58486,24054,24702,19ed4714d1522725f35bd47244a7521f
16,58487,24054,15395,a78027bfaa16051695278490c7d5d1aa
16,58486,24055,10888,67e1fbf527d486671ca81387d9f27838
16,58487,24055,12551,f8b104d5e56e4b0d981c3fd75ede6063
16,58488,24048,10510,0150482d531ad7f161ab2395c062226a
16,58489,24048,11756,94d2ef3cbaa694122a2173d22d7600ca
16,58488,24049,24363,c52de2a53c7553250a81073880f65e26
16,58489,24049,14466,e795cc23b6eb54908b377b9acb6a4572
16,58490,24048,13042,a301ed0abad4a7bc3b828f7f07a8c938
16,58491,24048,13537,fff07d8bac21f2b16ea3b1c956969a49
16,58490,24049,12282,a842a85c61e4597ccdbd9b71a0a4dae9
16,58491,24049,18034,8e007673704b4ac47465c11109fe6bcd
16,58488,24050,25985,252e55b7f4104c9647a58f370ac745ce
16,58489,24050,11152,86124eb37806cdd66c22994904361f93
16,58488,24051,16953,a40683f89c0f6379df38fd9b9d491fe2
16,58489,24051,16730,ee23ccbf99fe35e71e7032ffb89b2603
16,58490,24050,21927,9772c0efe99d31b35ab87ff33beddf5c
16,58491,24050,46876,f952affc7d43dff7373412d516e5e728
16,58490,24051,29103,f515d4eb88bd3ed28c1d335e8bcf455b
16,58491,24051,33380,96a871dc81849dde6f7281ead2875dfd
16,58492,24048,25835,cb7a5fbda2cfa2dcd28c70421f8f7af8
16,58493,24048,61123,b79cfb86d408bb3701541717df3fcedb
16,58492,24049,44137,f0bddf3dea64db0e8be750f300ef76cd
16,58493,24049,72788,3dcb9fff6bec2e252356f175aefec745
16,58494,24048,37264,52489b75064876a6dc5e17a4b3f5bff7
16,58495,24048,57970,12f498efde4824369bfdda937d938c97
16,58494,24049,72033,1c78aeb564fd77f90eb4e3112c8fa6c0
16,58495,24049,60381,b53ad9798c8d6e48cf904d4f034b10e7
16,58492,24050,64177,277da3f7857a69b620790e1ae7a03ef2
16,58493,24050,61208,50ec41a7d0fba6bf5a57954a4b3d8a11
16,58492,24051,53464,81aec0bbc7b76e2715843a63070a2b76
16,58493,24051,59555,c3bce97dec4c55f0ded905468b138555
16,58494,24050,69709,f2b2ace38c3533fcda92b4fd0efa4650
16,58495,24050,61485,2d2e89363625936f3aefa8959efc693d
16,58494,24051,47722,43012026f45bad38450221c461de95ad
16,58495,24051,68367,327a13f1fa07ab0c8ee70cb97a86345e
16,58488,24052,19124,8a655282db5135325e470c130c6f2a4d
16,58489,24052,32230,6de861526d19511123c8ac5bb8eaa9e3
16,58488,24053,14147,1a1ad9c5f37907b7573bf3111e580916
16,58489,24053,21336,b398b78d69c2bf442b08ae99cfdcdcfb
16,58490,24052,47454,43be3f2e285dca1f7c8a2ac49a8d0e8c
16,58491,24052,26278,d99ab82d0ecc0b9f913a32325d0a73af
16,58490,24053,42433,38f9449a74531f5cd825754ab170ffe5
16,58491,24053,60610,d55be7498d8c3a238c9b67d4ad486eea
16,58488,24054,14245,7391a716cb1046a192640510809495ff
16,58489,24054,33598,deeb6af7ac3548326f91efc49d04944c
16,58488,24055,13478,896f70764be9a18952650a5f978540f0
16,58489,24055,31002,5be91aa1057c87a6d0fe641a4fe172c2
16,58490,24054,29443,e6009a2be94656e387a0ab477f39b990
16,58491,24054,70427,93b31d2c02b7a4f10ba49ba2527abb17
16,58490,24055,45476,643e943fd17d77ece34c9b69e0e6c0ad
16,58491,24055,34433,805a1b07b496146384e29fe68fce554e
16,58492,24052,60651,c97c309f04250c36f9a9996ef6d1d5a4
16,58493,24052,57186,56c28fa6e274d225822f2dcceb513186
16,58492,24053,54544,a15ed77d1a414949c0f57c505c54d813
16,58493,24053,64016,47f9b03f6dfc86c7b3e14634124e4c8b
16,58494,24052,65573,382390d188dba1714d02a7d44edff83d
16,58495,24052,56346,87007291f36a6801add33ea524be5583
16,58494,24053,61941,43770921614ca9b33708fdc3eaee2e6b
16,58495,24053,62962,617a455c2e61593b8bc4ce95c5db82e6
16,58492,24054,74141,99089cc3a2ea261f07ac05e6a934e988
16,58493,24054,69664,93b441227af7641cba549a075609f897
16,58492,24055,48607,8a905b23d34102c6c17dcfcf6670eca3
16,58493,24055,64350,7198b5d84b0a5befe4b27300a6a655a0
16,58494,24054,58782,0c6ca3658685d9c67d4254414abfa09a
16,58495,24054,72305,ca89d4ed43f811fbac6d422d4d6e1be3
16,58494,24055,56614,b0feace694cdc613cdbc8acadf228815
16,58495,24055,59876,a55a5babfa9ae697d24080dedfeb33ac
16,58480,24056,3324,6784736498af5570f3a09b71a8313d37
16,58481,24056,26209,485ff8f876354b9753ec4b9a55377011
16,58480,24057,3871,fad0c382d51e4ba2f3c1035cf443adc4
16,58481,24057,4570,d831e8c8b0639a5c23c025bf9f59ed63
16,58482,24056,37619,b229e5950040c50d9b56abfc852af078
16,58483,24056,28739,a50d8bcb771400d2984faa3272a29b67
16,58482,24057,22554,2c76ee5daf6563244cdb7eea73dd9108
16,58483,24057,40935,3cf316b93fcd7aeedb0b6e6012f35dc0
16,58480,24058,5364,716a34816b4a6df20bfba01b2cba4127
16,58481,24058,4396,5477b25fd5ec42211f9cc2eb669cb5e5
16,58480,24059,3898,71c99d36d566254d53d79e70a9a972f2
16,58481,24059,3748,d7689eeebbf23681c9a5cf1423c719fd
16,58482,24058,11360,0ce5da5b667825e4bd7585b00d61397b
16,58483,24058,40628,2a4f25251c44dba2f8d8bcf0e9484598
16,58482,24059,6750,b1514c346e18c1d7424efacb179c996a
16,58483,24059,43224,d53c649b915fccde844ea211f68f4680
16,58484,24056,47315,6c1b1c9c40ac1d2eca8bdcb315a283c4
16,58485,24056,44345,c6b60a8f39e76439f8019b403f19db4b
16,58484,24057,46634,d6de78fae1350689c3972b48e565b80a
16,58485,24057,50409,a23af67e6e8d6d1ed9909d2adca0e863
16,58486,24056,29687,0478269ebdf76b8256ccd506c6ccf909
16,58487,24056,22066,ab2495f40e6ad53d41fdf394518c27f9
16,58486,24057,28533,90b70cb2ca5e78d07d1cbe6ae9ad76dd
16,58487,24057,41371,c6a3ca7bda49c7ffc79899e04a86528f
16,58484,24058,48046,f7b55892faf96b802e728ccef7c2c116
16,58485,24058,34243,ee9b8225fbb3b7237c0388af5442d1b7
16,58484,24059,56139,111d50791d777fb9777747d30dc7fe97
16,58485,24059,45959,73359f438cd5f5727b5e3963e8e8e7f6
16,58486,24058,43605,4a89d7f307b3cfdaa5e2f77a68340e2c
16,58487,24058,49242,1bc2c3e7da1b79401fd73e53e3e6b2a5
16,58486,24059,30668,68926e961b985cb9250f8dff67650967
16,58487,24059,38545,a1e9e41ce121fbfad095eba0cad5a26c
16,58480,24060,3571,49a17fef9029bfbc3c1f77880068e484
16,58481,24060,5530,17a6407c226d4896a26939caacbc6ae7
16,58480,24061,3521,5969682783bac389534a6324f255485c
16,58481,24061,3280,95c30970d17384e1a831aa23c4aa1efc
16,58482,24060,7671,133792e50aad1e73443d756f9c285c42
16,58483,24060,35055,5910f68188a8fc8da0970ea83df34463
16,58482,24061,4063,71a7707d2dc94c73cea87e2814eac941
16,58483,24061,10733,443371b8da3d0d943c66a220e62c95a0
16,58480,24062,4568,6ca2f2af871396bef9b4f78c6f55ba62
16,58481,24062,6375,06ed23411f505b516ea37b86935b6de3
16,58480,24063,2770,394d197c76c62ba915ce5476ceddd92d
16,58481,24063,3559,3578683c61eab67144fd0d2001bb17bd
16,58482,24062,5038,465471ff034b6b2d385a7bfffb1c1b9a
16,58483,24062,36941,b12176b375e85b7a40fc305ff5a610c0
16,58482,24063,8506,4fe3556d2d2d1b26b39decf8e033f658
16,58483,24063,60338,6bdbd13bb890cd6f884863a30d29714e
16,58484,24060,17888,6ebea452db62c67dffb54c2906492016
16,58485,24060,42084,cbead1ccaddf9b87dee6e9eefbe19003
16,58484,24061,30180,4b0b255fb4ef29b2a77bd15d52e037d4
16,58485,24061,50074,2485eadb8f77235fd19ccff1956d57c2
16,58486,24060,63475,c2a878eabc076261da353436abf1c43a
16,58487,24060,40528,7a4a314312581cf5e62582b7c56b224a
16,58486,24061,56151,7ed1a88b952f92bf6ad99053a70a3689
16,58487,24061,49667,2cb2e04f20facddde46e1f4762a0712b
16,58484,24062,57587,0cafbd4b77abd93d3a573a00d9064f9a
16,58485,24062,63226,81ffab41b79003fbf01cb0a909bb605e
16,58484,24063,62308,0319a31771c0eb1563d8191d3bf0c7bd
16,58485,24063,65891,56b13d341093bd478b4e28f3b2aa82a0
16,58486,24062,54370,68548bdca1e4935cb0d08709279bfc5c
16,58487,24062,42817,04a1402f0071f21bd92c2b987ffa1dc1
16,58486,24063,58873,654ed9118b4114c56e937323f7a1bd81
16,58487,24063,46181,de836da57e85722283431e85e3b108a9
16,58488,24056,44335,feee7493fb478f2c6d75a758950e5228
16,58489,24056,51361,ffdaf6053cd185e2f91eea6701381327
16,58488,24057,42826,68a3f9552fee3b0fa3739e1cafda96d2
16,58489,24057,60654,b21b8c9a0e93568b5c8d7cc1d2ee310d
16,58490,24056,44745,a98730266c7150ec38c378b47eee1816
16,58491,24056,33221,a016b4201910fe1be1b5a90128a4384e
16,58490,24057,48596,8ee46ba96f89919dcb72c1760d739ce3
16,58491,24057,36899,7bb9fa7d15b57ec116f3bd332e27f0fd
16,58488,24058,48607,5c91b9170017ef6ab729c3f0eb5ef9f8
16,58489,24058,43116,87dfed93af1878bc3567dee4a08b3b16
16,58488,24059,48788,c05417441fd59c80c806b085f0da3771
16,58489,24059,62949,58517af3ab264f3a62ca337b1a1147ef
16,58490,24058,58644,15b267201b63137836e3072bffc9f105
16,58491,24058,33587,dcae59ed5acc4ae0788957460417a82b
16,58490,24059,45343,33d9f07fb856986866d2c18590c9f98e
16,58491,24059,32193,6ea2eabf68c84a96db647a94f9643d85
16,58492,24056,25470,ad0994518551f8bcd1ed90e9faab79e6
16,58493,24056,61586,693277c94658f4ce6b64270f8f4f63bf
16,58492,24057,41430,f110ef7f37b78685590292f3f71d9ebe
16,58493,24057,55711,7c4fddb6db812f9c9e6b4dadadcb5349
16,58494,24056,56809,a38ba0e53d3f5674e46b3c48d0b17715
16,58495,24056,67543,416c624563f47572fa841cd15a62f0cf
16,58494,24057,55730,7458989ad21f1b3352a07c166661dff1
16,58495,24057,63251,839c9de4d13604da5d6e141223dd2f19
16,58492,24058,41575,12a329cf996c21bf7944b6c1e1cc39f5
16,58493,24058,69630,011f0dc55150fa8ac2009d75a48fd1d8
16,58492,24059,62710,22d3166b2b8673fe89424b3927f7c30a
16,58493,24059,47886,22751387fd00df454f320b55a8820480
16,58494,24058,51793,d6fe4135796d37fff305587200c598a3
16,58495,24058,60322,11a7debcc5644b77de45eade228ae9ba
16,58494,24059,59910,4682f86338fc43a1bc5295ede646b4a2
16,58495,24059,49153,537655acc31b42ca6290a6c4da82c3c6
16,58488,24060,52947,5004a4a0b834e2e2f9087cb67f830b1b
16,58489,24060,69511,2a8f7403d76d9a4c5792b5c00c85acda
16,58488,24061,35460,f1b32170f12efeb720b6353e97cf60e7
16,58489,24061,56462,ce428056a3a9eafb39a954fd3c8e8fc8
16,58490,24060,66292,b205d4c70a3fee4f023e5438d2bb0589
16,58491,24060,30284,a40f3cb5b935f593f925c3db2cf6f78c
16,58490,24061,59816,edc96dd7fbf3022357b50a08ee032707
16,58491,24061,47858,2ec65f7db42e740f52c46c0541ccfe19
16,58488,24062,51230,5e78b241d5c08b103c4df9f4961e5011
16,58489,24062,54311,eb44f5f35f8ee94acc3918b523083167
16,58488,24063,44600,13a779b7e75752cbcc15817848be5bb2
16,58489,24063,53768,93e5e61f53b531be003a42f27ae38036
16,58490,24062,45044,9b4aa548ab94f6ce81c38c5cf6a480e7
16,58491,24062,43901,e759cf6c7fb1d9693e8800cbd84da94f
16,58490,24063,52476,2080eaae8ad26f81f871181c8c18f7b6
16,58491,24063,52307,7a39359345a1b57d281bf7424bd81a5f
16,58492,24060,46347,a73419809c61e5ccb603f06c1aca247a
16,58493,24060,63263,43bb00c6fbfeab0c0f66422e2743406c
16,58492,24061,32233,def1ca908f53126991a6d084de48ab6c
16,58493,24061,33384,fbb4835ccbfc55f29809a88468da55aa
16,58494,24060,57041,4edb57b4627e29ae43cc3dcd0018e469
16,58495,24060,49592,de4c3393175c7e37657a05a39670bb01
16,58494,24061,37535,d33c521f84dce41e31bf565c128fd4ec
16,58495,24061,17327,53d9673c620dcc22dbe66db0f2162475
16,58492,24062,51363,3ae689f1465e5755ba33df3ebf4844d3
16,58493,24062,22912,2d38afc037722bc7c86b3958829264cc
16,58492,24063,41494,332cb930b2684f393846cdf57cef7925
16,58493,24063,36160,329c0eea6d17a60b0ca612a716fc074b
16,58494,24062,13311,9dd48ae1fc441751ac748b91e3c3982c
16,58495,24062,14368,214640080bbff0f2719c79e8efcc05ad
16,58494,24063,21217,3de8e52c5e3fdb228f3c360ea8c4d533
16,58495,24063,25019,dddef557cb8fec690f3fb51efa01efd0
16,58500,24037,4736,6acd19f0d0dedac9895f8a9fa043dc03
16,58501,24037,3547,08853293036ac96b5929dac9ae928c1e
16,58502,24037,3581,1d3dfd2fbf7ba5ba73caf39c0458ed42
16,58503,24037,3907,28525ec41f5b1003888c3cb21128ab05
16,58500,24038,6742,ee96cbbeda30e298e5ab119cb91c9ed9
16,58501,24038,16050,943232a5af02428f2b83db763afb7e77
16,58500,24039,19645,c288a6f487ed600ff13f60dbc1fdaacb
16,58501,24039,29418,e30669578b1b2df4f2647aca5e95e484
16,58502,24038,4164,78a5f2ba56dfc687be4556e1ef2fa366
16,58503,24038,3054,bb978902127b9020348529558d0f5d88
16,58502,24039,12570,01a3817fbe56f230a380fb0608c5a624
16,58503,24039,4336,fec3e33099bbd5d807370211521a0672
16,58507,24035,7352,7e7142474666c7dc5c08288859c4a568
16,58509,24033,901,8e40a65c31fdc58497b9ce441ac50a40
16,58510,24033,4175,1f2b1ebf76c6d38b7da99840771ac961
16,58508,24034,7897,af47c69a0cc507f3e6bc883b334d3c15
16,58509,24034,5108,25dc601841291f03e5ebe85fb6b532a9
16,58508,24035,7178,84ce476cfd67cad1c5e7a839b78af7a3
16,58509,24035,7872,28c6df937d322dead6880f09ebc903ed
16,58510,24034,885,436bbe11124b9407092726a3680304e6
16,58510,24035,2827,a2ff23bc8b38c41ec238e7001f6c8e7f
16,58507,24036,6190,b4aacae895e615101299dfffb7b26672
16,58506,24037,8725,942b7791f2694f28312ec7b740097618
16,58507,24037,9115,eb9a8d1aa105ecfe25eaaa388a246d69
16,58504,24038,3683,c3ab3fcc9c7d36599d0fcfe34cf2defe
16,58505,24038,3982,09029e3e57f93bf1b4a6105b55ed83ea
16,58504,24039,7216,388e8ffe7bfea113bf1e18c573e31826
16,58505,24039,7397,b6a594ec6fd881baca69d3bc089afce8
16,58506,24038,3348,a3bc92ef5b9581506424cb50b1986889
16,58507,24038,6128,8d13f8807e369a96a1f31da0ca600a98
16,58506,24039,23539,20ecdf956796c7dd47ca76746e7be485
16,58507,24039,53313,703c8afcae4eb18cb2c894ec67e9cb78
16,58508,24036,10496,177e3161adac2c0f111aa6bee9cd1f2e
16,58509,24036,2387,58a4a3baed3a48dc284972f048cd56bd
16,58508,24037,9745,3806f136c230c8f8809a54ad197b6cc7
16,58508,24038,6724,ddb33cbcacd96e3e34827967c6fb01a9
16,58509,24038,2861,27392a65066e3089abc2947097022926
16,58508,24039,45552,2f7118d628422b64d0362da89d43caf7
16,58509,24039,51276,007f378db34ec95bc9e608df68d9e19f
16,58510,24038,2995,e6f37a4a2599a2e8833ffd31936ac419
16,58511,24038,9669,dc622c3962b6044373a16b3cd618e5cc
16,58510,24039,19085,4bad1d5766f804895fcc11692f7b0c1d
16,58511,24039,45458,494be428b2aa5cff70dd10f64941e795
16,58499,24040,50497,d172489a9cff603618a01ef5223df720
16,58498,24041,23750,67589cdefecac652938d5486d8e3988a
16,58499,24041,21785,f34e4bf9f6b6b5e0e599d14f75b6b710
16,58497,24042,8541,a89fcde819dba12c151a5fb954b29e84
16,58496,24043,9991,2b44ef2d000a78355c2eb7577a4d3320
16,58497,24043,9814,4511bb53278c80aeeff9ba187f0ad7cb
16,58498,24042,12841,d757ddfb6a8057b7275c2a94c7fc256d
16,58499,24042,31140,fe73fea10c2c654a067b809ffeab4280
16,58498,24043,8782,7e3023292371ef34e58b874f92070394
16,58499,24043,37095,a578689d7818f60866d1c90c2f66600d
16,58500,24040,26150,5a48adb6bea19da252fe688dfdf2c23d
16,58501,24040,20528,1d0c4706c2116ae249147c4496b4e90e
16,58500,24041,50980,9296bf3d7f03431336c696cb452a411c
16,58501,24041,31530,6124d5c2289aee8f9ef3bd6eef58bbe0
16,58502,24040,8433,3ef57c04e4db3defc425ca8bba483b23
16,58503,24040,12831,dd765ea2a779e7b23e660f6542c0deaa
16,58502,24041,11784,aedef13cf301977dbfaec21b0f63768a
16,58503,24041,7343,03db9e25a9788f378acc4d94553a6434
16,58500,24042,55493,2e81911eb5e510ed06b680a0795d11f4
16,58501,24042,70782,ca178b996bc03c8442cda34ca44a93d1
16,58500,24043,43909,9ed34deab82f41af909db8cb3b0faa04
16,58501,24043,69401,cd292550c5d334c574cdd17e95cfa78b
16,58502,24042,30111,7157babc6b9a221b036d2259fba2bd27
16,58503,24042,14325,f583fe2bfbc1c6d595e800ae2f660b9c
16,58502,24043,74773,5b48747f3fb05a8e3cb00e9056e153fb
16,58503,24043,48899,7af4c988969fcf2c8547f87c31674b75
16,58496,24044,8914,db7d8a99bfe17f07491f86d536227bee
16,58497,24044,7071,873d9be7904d5ffa52b5e729b998377d
16,58496,24045,30347,005346b254a2daaf792a45281c93e0e8
16,58497,24045,22242,a6da879a7585b2e71ada0e907e7cd174
16,58498,24044,28786,ba472ea42833bd6e56f4425973f1cc9e
16,58499,24044,46581,892cd3e45cb69a0f0bae17200b659f00
16,58498,24045,25721,990881664483268e78e1501ad38fda28
16,58499,24045,52834,0ed5f502f9f500020cd58ab5a273abc9
16,58496,24046,34145,f0979253492b41605c5336b5dcc2cc69
16,58497,24046,40159,d2c9d93efd149c74dbca1801470a1384
16,58496,24047,35922,a529fa6163c76b95e9e07f0e02bbf780
16,58497,24047,48435,d12d1d9decd04a51c1dc8449eccf3e52
16,58498,24046,45765,2185ff65d67c86647d856a2acbcf374f
16,58499,24046,46427,9da2aeb2041d8998784458c8c5df236f
16,58498,24047,53756,ca38c6a87a0a0a0b886247b25e120737
16,58499,24047,43147,ed9b224975d253baca1db5206a5f9746
16,58500,24044,50309,5dac1841da8ac9fa082e3511f5521a54
16,58501,24044,69839,42d4c9cbae732abe070257c7aa5ecd61
16,58500,24045,61693,44a53cae97122f8ac9f11f54dbbb5bef
16,58501,24045,56593,18239e7af3ee115f7229f578c9597e9c
16,58502,24044,63846,08947b793219b7e4beff50392020031e
16,58503,24044,52163,010ecbcec534338a292b8bd2e9bfd265
16,58502,24045,48236,057f2be71edd7fa69bb5a5971b699f5a
16,58503,24045,32663,e2922069ce8d6f7fa06dc8602c1f0ddf
16,58500,24046,45869,228b115744a3123dcf92447c8e0b30f8
16,58501,24046,70670,6c6b403c7ccbd99c50553a52eddc5192
16,58500,24047,66951,ced07414449556ed9ba4a5de8e44cbc6
16,58501,24047,72500,cfd42a6c8931b22806ffb974166b7353
16,58502,24046,68525,d947b4b2104fe948bbff30506ddd2a93
16,58503,24046,55831,c5d7e9cd8f5204cf00589d1d22a8ab29
16,58502,24047,56537,ce7c4ffd970c873aeb15181effb1abc6
16,58503,24047,40784,a6a320b2e6c8cc82303c5b28161a407b
16,58504,24040,10989,6d5a4fd90b5ac87da1cd7077516c7746
16,58505,24040,9024,1879f3d493b277d80c08974d046db8ba
16,58504,24041,38073,6ac6fec940f2d4cbbe61a05a9a17562d
16,58505,24041,46869,065b3ca7c15ba1fe24ede5cf7cc68ae6
16,58506,24040,71898,1415015a4035aa83bcff21ecb4b9f961
16,58507,24040,60511,85d5ff474bf3c88eb0a30674de2c0453
16,58506,24041,64337,876da18663010175236f9770ed87ba2e
16,58507,24041,64000,f954125793b4f2b72fba6daf3dc8227d
16,58504,24042,49732,49823997f737b070eb56bef60f1c7388
16,58505,24042,64217,3c0ed6ff5c571ab357af5a522041ab03
16,58504,24043,53381,fd3dc03c3cdd4c25f0149e08cdfb3770
16,58505,24043,83614,790f6910b215a92bcf869d3552047cd6
16,58506,24042,47556,7128de65d7dc63adc8ad9027d5065cff
16,58507,24042,61986,7cdc4a04e938ea118fd2fb9a387809a0
16,58506,24043,38160,a48fa54cb06247b400ba2a56fa95db47
16,58507,24043,10970,abdba94d5c5328f08ad100d82b9e5886
16,58508,24040,64071,4b55031666e616cc8c2d134d2aa33d00
16,58509,24040,55876,0c6385e95c8bb3d25283b37abf023609
16,58508,24041,54155,8dc3211cde65e0acc9fbd1078b945aca
16,58509,24041,43493,c34c354c7fbc9bfc40039f269920e154
16,58510,24040,44461,b78f4454e0208696ffc08bf2567ccb7f
16,58511,24040,50963,3795fa8ca126f80d9f11d95817b93a21
16,58510,24041,56267,a4d86336048fc842234e2106e48a6e61
16,58511,24041,10017,0820bbf6142b0e1747acd41732649a5d
16,58508,24042,48480,16bbe18a1857bc73dd530c76ac50f82e
16,58509,24042,55075,63cc3566cc712793c0e1749aef1335c2
16,58508,24043,12709,9dcb0d7b312e1398533e326f19e25f5a
16,58509,24043,23251,026d2a6633c744b85cb09fcdb070154e
16,58510,24042,41317,c651899e0570a9fb0a12a8ead6e65dec
16,58511,24042,5078,580df7929dd16de5d14f2fc51a70742b
16,58510,24043,18560,1c23d4b7d269a4f639bc49f697842440
16,58511,24043,5848,d525eb1443a453e69531adca198654d1
16,58504,24044,42555,f236abfbe40478cc87137c1dc3c2bd1f
16,58505,24044,44734,bbdda0c6af3b24e789fe9effb03fb3cc
16,58504,24045,38860,ea15d94a50994b6d36fec331afe297e7
16,58505,24045,33679,4d4a0dd46c5d345ab83369bbf86464e6
16,58506,24044,25785,d294b962d579a383e200246a7ff909dd
16,58507,24044,9530,5b4d33290ad6a1d6b0b2ab7c803f88af
16,58506,24045,15003,7c08bd892b644525b89e6c5392195859
16,58507,24045,6346,bfbb98eda5b81cd78d372fc5efbffc8a
16,58504,24046,23354,44b250e0f84f8ea9dce1657975d1d8fb
16,58505,24046,9702,93ba322c4f8c6d7d0a79c9a3f2a629f7
16,58504,24047,23261,5112e95a21cdb80dada209e303ddeede
16,58505,24047,9814,d0b7663d63c10b9b57ba1b8926478089
16,58506,24046,8738,ee22e93e5b836a0d25896eb560a69f52
16,58507,24046,7936,f6fef96031249f91bc450a3ac919265a
16,58506,24047,12220,527aff92c88b8d25afe1630570bb12b4
16,58507,24047,20759,3aaba5a84a8317c3c73b45b4b6268e63
16,58508,24044,8955,ef2463a2bbab5d15b0790b4b70fbea9b
16,58509,24044,8315,d861a2ac6083cab308d17624d585c911
16,58508,24045,3472,5384e0a9d57049e67837bbde4523799e
16,58509,24045,3349,0043371769d4bd1ca4c22a9b33d33b38
16,58510,24044,5423,480b0096e9ecd4e2f5c1ddb7dc91515a
16,58511,24044,7204,e12793f015a6d10ef15888fc4f0f1f7c
16,58510,24045,5893,710f088213c1258735d4fe39a7240e50
16,58511,24045,7408,e506a1fe908588f400f75977d62cb80d
16,58508,24046,10483,d6780126e127c511009a7fbbe087716a
16,58509,24046,11615,711f45ff9b71514bb2bc21b3c3b38dd0
16,58508,24047,9737,61b2f2d51086cc9c8fc3b07641d11c88
16,58509,24047,8650,21f527e25e24b7fa8be9ec43807871cc
16,58510,24046,3551,206b6dc7150e342c2260f0fb7bf48bc6
16,58511,24046,8523,f9d5b7899314a617a05b9759271a753a
16,58510,24047,21641,739c19410c27b7fc675c37eb125f370f
16,58511,24047,18550,85d8b1de811905db111784220ba66322
16,58512,24038,5170,77cca1b264bdd4bd831c6ef3b5f03945
16,58513,24038,1684,58eb091e939203a04d8c9562fa518ec5
16,58512,24039,40184,f2a2bb9aed70eb0074db2c6686629dad
16,58513,24039,4159,dcd5e2f771e25073249a461a3e282ed2
16,58514,24038,4874,2c666e0288c7a3134ebcc14fa12b1c4f
16,58515,24038,7626,dbb49159032dccd0917a67cfcd4d7062
16,58514,24039,1367,92d83a699275a7a232a9cf0866733c62
16,58515,24039,3175,3598659105b71b0805b91c4905ab8e6c
16,58517,24039,4310,c9b64634c7c5b96334c7bce0a133c144
16,58518,24039,4171,8005df2381bcf2b1eab75dc837f69141
16,58512,24040,10826,f6574766d336bb82d6d9d61f39a95b3b
16,58513,24040,3830,74da6e7e614b1122db28d0c023e44e9f
16,58512,24041,4416,7320db18f915b5d0952ffba99458acfd
16,58513,24041,2907,009bd11b48dea67be768ee8bf8f5e1b0
16,58514,24040,3380,1ea28b3d67d5bc696fe7f3018035d0d8
16,58515,24040,1326,ba82763d382cbaa71630c160d03c1a05
16,58514,24041,2809,98e632806143e7d17912599ffceddc51
16,58515,24041,2844,d46580d0e50982a4b33ffed4138c99d0
16,58512,24042,6220,4c4dcd953287107d8d3eec84004e7996
16,58513,24042,6998,4271836c0d4543a33b94c7b271da3025
16,58512,24043,4261,ea1054603e10422619fddeb64ec5b71d
16,58513,24043,12134,e2fbc4b2bc1c3636bbfae85fac475833
16,58514,24042,3245,a4e629f0b1a66c3a9b73df7f9bddf19c
16,58515,24042,5017,9a2f7319aca9daf1675eca8434e1676c
16,58514,24043,6998,ec183c6562eeb86c011cf1d032922ea8
16,58515,24043,7951,11b41722dff926ef279126a2d4c01b4f
16,58516,24040,2989,e39cad5ac0310e8b55d6136f2e2a3f47
16,58517,24040,4677,c3cfd08fdb023255fb6dee29f6c9d1e7
16,58516,24041,1065,1c23c95399f6f4b7d018d51e78bfc944
16,58517,24041,1877,45fcae47cf9b5309e6c37d0a4f223599
16,58518,24040,6451,a5174d41010deb02ed314fd2bf4a24c2
16,58516,24042,4607,e2e064aaf42a6dbb5973f92e2a23408c
16,58517,24042,1047,0a31f54c5c3fc50a7a2dde25b7c63cb1
16,58516,24043,3264,7c77f831b11f9469c884124c11b472d2
16,58517,24043,5921,b91b55c8050b2f736c0a9fe886a2f6a5
16,58518,24043,4796,d581b8200589af011a92d68689e3b8e2
16,58512,24044,3783,5f2ea7442cf4bd381aa23a18f2003fcc
16,58513,24044,4411,4221f216f142d6b2282e7ade77db6237
16,58512,24045,3603,e617d0ba0c117994ecf7356e92eca305
16,58513,24045,3374,817178d3076d95e5d015fb59fd3b2e7f
16,58514,24044,1314,8aace6bdafbcf4f6325aa15f72bb4af9
16,58515,24044,8066,22065c8d619a7096a30d206efd62e75a
16,58514,24045,3554,681c54f7e222ee66b829812bd3fd247d
16,58515,24045,2318,00e86b5d5179a16bb5a0d002b91ed570
16,58512,24046,9394,146a286d68431ee56afc485354cbb11d
16,58513,24046,6487,5f5c1c19fb25182590a12f642e14195a
16,58512,24047,9590,d48402935114e3e2dd363dc8a95100e5
16,58513,24047,3493,f6f46fcc317434703c5dd853ee652f34
16,58514,24046,8896,7e21abcdfd44dde48da7d04019ec9a5f
16,58515,24046,6568,147e1afad1c76eced72cb8d43f459855
16,58514,24047,6535,846424e0ec873aba61b406a0f4b60750
16,58515,24047,8242,64e51087a60cf43a5d84850dcddf69e8
16,58516,24044,3724,15f7f89f1855ae14d0ac4111cec0dc70
16,58517,24044,5471,3b3c0cff5fb0b168446e055c12c181ae
16,58516,24045,5121,1d8eb4434438d21145c74c03cfc0c7e6
16,58517,24045,9884,6d8133545df23a89321f4d89cecabd70
16,58518,24044,6571,02efa7979b0560fabc6cfa8e46daf895
16,58518,24045,10127,4c63944b5be7e894466163dbddcbc3db
16,58516,24046,11695,bfb3f9707ed91c609ac48ecf3713ebb3
16,58517,24046,12140,825a28d49e9ab63b29c26e6a6c3f4be6
16,58516,24047,14519,a5ea11bed116b4081cfe69db0e80644d
16,58517,24047,3415,9448a8eec9f49a0bbadec97777ed71c6
16,58518,24046,13174,0ab998e2e55a6a818642c48d7d2c2713
16,58518,24047,9595,bccc02568cbd065b05bbfb3972cfe868
16,58519,24047,9343,f97b01dd4ea9fa29b9d8a803d78d6ad1
16,58496,24048,49104,feefa9f9b36f9e096c433342cf34a932
16,58497,24048,51464,6eef398f204e765f1b13b7ac9ec8227a
16,58496,24049,63107,a52c23c9e2ca0eb84b2d83936a5b888f
16,58497,24049,58052,d9204f4e9af95162e291e158f41dbef3
16,58498,24048,66555,53e5d3cbca0bf1fa40ac6cc0cda698c6
16,58499,24048,42120,1e9b44a83f02ff80de5c9f40b02a7cec
16,58498,24049,65540,cc889756c35ef752fd58c0c5bb67ad1f
16,58499,24049,47299,47a0597ca61fd44991339bfb353424c4
16,58496,24050,57276,ad203e5b8f28ca230276663a4e364449
16,58497,24050,56260,7e91d293abe59237b795692970bcc2ae
16,58496,24051,60007,da649cd0968d08f710a33cbaf2efad96
16,58497,24051,58191,9ac88f594c5b92ed002a471afb3bbdab
16,58498,24050,49083,093a7e6b3bb7ee213ab99efee5c1dd50
16,58499,24050,54263,787b80c197d66d7ad680e866f99a46fe
16,58498,24051,43925,316576ae25ce42f9008e7c53eecb3a2e
16,58499,24051,58258,412b45c6887ae848d275aed0e221e164
16,58500,24048,46507,5174add14ce5b3e0245469ba085e86b9
16,58501,24048,66832,a43298d662fe415009a1b4f0870ccc07
16,58500,24049,67340,ba23f0cff613d6a7557ecbd168ea5aeb
16,58501,24049,56822,4dcd0d66c250d9b5c01d1a039c01fb9f
16,58502,24048,32311,2687f8a25878223007961b09be3ef717
16,58503,24048,16481,3153e1c6d310264682e3b1559c095c54
16,58502,24049,32627,f3186269d351dbcc368e6386672bdbd9
16,58503,24049,12995,7a2a721d411f3c9292c063f2d607f6ff
16,58500,24050,57805,949bbed5ea57993c4bf43b99ea055163
16,58501,24050,62198,f20a623fc71973b5193d64b2489061ba
16,58500,24051,43499,6e0bccdb20d0cf877df1f4b988f790e5
16,58501,24051,71713,2e2f9bcedd41375400ffabde140dab36
16,58502,24050,38609,4f02e9a134acf584fe47e56f0e3b3ea2
16,58503,24050,19741,529165dd65b81d08dc36eae1019ed97d
16,58502,24051,54049,73bec060c743977545610d470113f714
16,58503,24051,44074,feb8ca0ad9fde09b59614fb0ca3478f9
16,58496,24052,57396,f2db0d3d196a9cb644144d112f26fb90
16,58497,24052,46822,80fbe95bd11782dd6f4a55995d72302a
16,58496,24053,43523,16b0c26aa627cd517c41bcd225b62751
16,58497,24053,36183,61e29865797facddca8086ccfd696f0d
16,58498,24052,29078,6dc62bc62f18f99ef1bcae0cd23e4b26
16,58499,24052,61969,a4f0787c21c4771234bec593ed0d9f40
16,58498,24053,52019,53ea0d3f2eef9c258ac5dde454d7ca06
16,58499,24053,48880,f8cd2cfa00667125bc8f801c85815dfe
16,58496,24054,54343,b92aa4a4c96ec6b08114864ae661c3ee
16,58497,24054,47653,1366681c8edfdbb96ed1321038261e15
16,58496,24055,53769,9f022749b0e1b1101866f2258b1ee5a8
16,58497,24055,37389,c6f592fffb4e5e4850b0790ac5a40c9d
16,58498,24054,43139,1af243ea1afa5c7c071b5f5bde759e03
16,58499,24054,44812,af04100cf4c3fb9d7787e00031dd8d03
16,58498,24055,46221,24e338db82b24b0a8249c1be36e15434
16,58499,24055,40634,41473e178824dd12fcad6dde8687b4cc
16,58500,24052,59998,264efb41c288270d969769eedf126b5d
16,58501,24052,60079,0ccf3d79434e164c7f4f51907d307b6a
16,58500,24053,50713,d697133fa77b822113a69de8bc23c804
16,58501,24053,46725,7b7cb09d00a09d682d50fa4bb3bb8ed8
16,58502,24052,57518,9e4b6dc0c311240f607b661e715405df
16,58503,24052,36303,694916b8d0526b91517c53fc34d68f0c
16,58502,24053,63002,923848fd67405447bbb87427e0fd2bdf
16,58503,24053,54206,e24e5ad24bbe5f0f00442b9910e6b6bc
16,58500,24054,59557,a8edb91eaa3c01fa1c205b27c73fd505
16,58501,24054,56707,cb0fa1de9f8cffd5cc5b2409e205bae5
16,58500,24055,43170,b26fa4523a4f7d84e9e8c0d7eeab9aad
16,58501,24055,53622,685347400bd6add2b9af7366a226ab73
16,58502,24054,53939,e9ca33d170288ff10d8ccb3dca2ddcf7
16,58503,24054,51818,7edeb23eebe3840b6abfb455a1d760cf
16,58502,24055,49045,30d5c26abece72dfc1357c8486d4c435
16,58503,24055,33473,3290c91e210e8369c5a414bcd161a975
16,58504,24048,20078,3aac6df969dedfd7e157ed50bd43db97
16,58505,24048,43793,f0dcf6fe2bb55eb406b5bb8eb6df3c03
16,58504,24049,6319,37f44be3a03ea210f9fbfbd02bcb9dd3
16,58505,24049,7856,17a05c8f6ab9b6a00708aa1fd14f8efd
16,58506,24048,12753,62c8e982f28d022d6060281221c19254
16,58507,24048,7495,f807ad155ddf76e66ab0fe91476f4d99
16,58506,24049,11535,34f0134734a6e0e2762f3f93d0a9fac4
16,58507,24049,8985,39dc4c68ef8922ff5d26a292109b7f03
16,58504,24050,7921,bfa69907bd9925dad7e797aaaf77db68
16,58505,24050,3565,cdd1052e05a5ad2e5eb84c42cea71379
16,58504,24051,14951,cc08a9605908f509b324b11ab8965bad
16,58505,24051,2261,91e1e682f3f42a7f6d46ea8c3daec186
16,58506,24050,8248,73685864acd3c0d15800475afe65d262
16,58507,24050,12220,ccb9ab9c02b964befaccdcbceea6c899
16,58506,24051,3199,8ed42afcd7fdaa7e07ddf9dfbdc7ce02
16,58507,24051,6894,aa3f9ebdfbe143e5bb6e1b2a680363eb
16,58508,24048,4163,1729ab513a2d32cfe319e5c34d300cf3
16,58509,24048,30955,7dd8d480b1aa73d0fa8f7e60ca557687
16,58508,24049,17745,0fb75d7cd1261c7bf88acbfd934560b0
16,58509,24049,77778,015630d697df1a506ed2d1e920bcfa27
16,58510,24048,22331,4c6df44ed600fb620508173023a4cded
16,58511,24048,33621,b81fd810a41f9e8a8ac10f1e7a48df24
16,58510,24049,28813,228d1dff4cd4d6dda45bb9a7018444de
16,58511,24049,34984,ee84756f7e3dd2cecf104efa47604d79
16,58508,24050,10562,207c49240de3a7df50336add500e4141
16,58509,24050,37374,e021b36f99e04eb4467b71083cd8c538
16,58508,24051,14715,a6b56a6ff8a5bf283d3335db453c309f
16,58509,24051,11778,bdd33dcdae456aead7ac0e1351537f31
16,58510,24050,41911,ac9b533fbfc07014f74569cd91eddbfe
16,58511,24050,18372,e70a8860f25c20e6c7bad44a4bb4c593
16,58510,24051,14926,41991f6d9bb9d4c82f9a47e6d39884c2
16,58511,24051,16638,54116bb58cd935aebc86ccd1a32e413e
16,58504,24052,21340,914e07a6dbc142724df2c92e07560c38
16,58505,24052,4500,c9cee163b593c060ef7bb2636bdeb19a
16,58504,24053,61997,e0f4dc18f91d777d8c04c3634ce971c6
16,58505,24053,26052,4454f75eea914ed959ed93eefd5cae1e
16,58506,24052,3167,b9a0b5512201259a82ea5f479b297491
16,58507,24052,9332,5e125df086d57deffb988bac4d1163d9
16,58506,24053,3174,337984de3a730471ee87c6af54ed58fc
16,58507,24053,7151,aac8924794e7051e9205bc061ae23ef9
16,58504,24054,53315,a2c387e01af21c6b17a5974661c3eb2c
16,58505,24054,57924,20d53a4a19c82fa0b55c5e700eb08c58
16,58504,24055,42757,6ba653bc633f32d959caf484452b7202
16,58505,24055,44496,af61c78154dabc0e35ef016462c25501
16,58506,24054,29824,cd683179ec7960f1f89f8243dcc59c46
16,58507,24054,12537,eecd05e5578e84a19967488d93e7fbab
16,58506,24055,54779,17b54f9b4b6f34a3501fb8c740fe76aa
16,58507,24055,34606,3dd1d9faa914f3b1821c3c3dfc1e2e19
16,58508,24052,16269,467dfdddd19af08a291503b7d5463e6f
16,58509,24052,9260,aca9c19e48071295c602210e9b30f020
16,58508,24053,7609,688b515433331b9bef6f5036d503c348
16,58509,24053,12665,8ba189dc6520fa31ba833db661304575
16,58510,24052,14983,d8183200e1f2bb3779eeefd8ec08da8d
16,58511,24052,12483,ae94328d869907a57dc8206369b602d6
16,58510,24053,12413,48d7f43338bc9cfa067f1fa7dc211c05
16,58511,24053,14208,449dc66a209dea5d3898498f92bdb72f
16,58508,24054,5372,ff4d9a776d8e4cc1f002fd927b592741
16,58509,24054,18575,e5a64c53169d02573b45d8e96ab9d563
16,58508,24055,44973,d66f56a08a08d957eb01881a0961e5f4
16,58509,24055,41904,0d33928a4e60184931aea2d034311ad9
16,58510,24054,3740,a06423f1ba1a8750e847c5836bc49dff
16,58511,24054,42648,9afb415d6986b363600d5e600600ded7
16,58510,24055,42287,57b55fe6d4088afd3cbc40144cf04faa
16,58511,24055,49319,d2f4a0aae737cd6aafcc0fce6d4f8191
16,58496,24056,53010,797af79c21b4c7af57d01e4360fb269b
16,58497,24056,39563,3397d892798945f48148962263edc0f7
16,58496,24057,71094,214108083d651e675f0c22d1733baf38
16,58497,24057,66921,a6f68a76d7740cfbc48fa4a42cfb1103
16,58498,24056,43164,34d8b47258fda1c8ee5506ec9b2dfae2
16,58499,24056,41459,10ecd72ba0fe81fe0d92077b1c915287
16,58498,24057,48893,b1474e671de4a164748930857692748d
16,58499,24057,34763,102ce281d4716df2032f6b58fe01479a
16,58496,24058,36343,6907a0786c443184632c6568b148bfd7
16,58497,24058,33946,01dd45776c914f48f59b0ae7fae2d13f
16,58496,24059,21439,81bfa7e53f95ec6eafadd3f717e394a8
16,58497,24059,30883,a2ccb5760fb6cb012c929ef966a23204
16,58498,24058,40688,d8363190a800e5f8096d12d392b7cf63
16,58499,24058,43352,eb715c1c03fa59ad2c01b5439b2014ca
16,58498,24059,44032,64da927f5f9081e8c01d5aba0c101062
16,58499,24059,39627,b78036c388a6ab3a385d186adb845367
16,58500,24056,59206,cc798fa9ca6ea92c1ca5934c7be5f18f
16,58501,24056,54763,86abf583cca09c8c1ab7e50a70754b48
16,58500,24057,48301,295dbc148467cf21baf48895cb6cc315
16,58501,24057,47513,a89ea30b50152125ad68049a7e6a70a9
16,58502,24056,68226,128e32b4d52b7251acbaad2cbfd4229a
16,58503,24056,43333,8e8a8eb1820b5cba77a9519731f1f926
16,58502,24057,55710,039355bfda75c99b26e05547ad4254ee
16,58503,24057,45434,567fc7efe76fdd1bd59ab20ec512504d
16,58500,24058,54405,23eecd10fae8b8bc2a7219072952536d
16,58501,24058,50935,4cf948a62a023dc644f9b42914254056
16,58500,24059,45164,7f3400cf6f6707209ab78b27a5d2749d
16,58501,24059,40026,47063f0ecda7c6f7f864045023837573
16,58502,24058,57235,66f4553616b51fd9104cb6aa994a5838
16,58503,24058,53167,9e76a76794afb225ba2a595a6f0c4ef9
16,58502,24059,56058,8a9a085d14cc84ce25d71b9e418f0848
16,58503,24059,57745,d564fa45b88315b619a5f4066fb60231
16,58496,24060,29135,fc012d5a6c554b61a39dda45e9a7676a
16,58497,24060,17757,dd05fe96e7128a4d18cf155fc2bb62c7
16,58496,24061,27584,09c38cb3f5b37a3a4f3fd13c86d03791
16,58497,24061,10431,cb00f9376cd8299c0259b0be149d89b6
16,58498,24060,38225,2cdaa9c1d34a8272528732c7beb03233
16,58499,24060,37213,6c52953a468a95e0b33a5e8bd61e4354
16,58498,24061,25628,d227329071b9ba2d6e5fbf8bd0302cf9
16,58499,24061,35106,4aab8e34acaa4c8d5e2cd6aff7b75372
16,58496,24062,42876,146190bcc05492ba1f1a351ced502e26
16,58497,24062,11452,e842dafe8502fff0a511aa0d87c3d249
16,58496,24063,23145,617aac0ca2e722aa619698d91312ba16
16,58497,24063,16404,bb06167d8c846011690575e7c6dcf7d6
16,58498,24062,25469,369aab11893d69675f92cc8feb1bce1e
16,58499,24062,27761,d4b1f273848bdd41341a50e628e7f74b
16,58498,24063,23509,39860840046eabf43acefc570fdb5243
16,58499,24063,27222,2747a0f16e794a4d9eeb965352d4af9e
16,58500,24060,46374,e058263dd4788e3739976b97fcc4eca8
16,58501,24060,47581,72f7d7ebcf7fdb8ce1a9ddd4c8c3ef04
16,58500,24061,34971,6e0a549f1f0438112cb63d3e80f0c4c5
16,58501,24061,35873,266a71a7107cc2c4d306f08df133a46b
16,58502,24060,48964,91d9e2dd6e01532d4ec5161ef2a4bc7e
16,58503,24060,57662,06cec7bb00d3cdd85c107747285d6558
16,58502,24061,36869,f0a5e062a7a2f480e21d7f3fa4679c56
16,58503,24061,56526,cd06fc722a819c02ef77ec256746d8a8
16,58500,24062,37424,198e8813e6360253465461d07c0bfc53
16,58501,24062,34375,2b3ff9f1a25146a6df66f43d0e3d4afd
16,58500,24063,25522,f0fb400642c35d6ea12fd4e2700b4183
16,58501,24063,23431,ed6d75f6a35f021d89e81ab4d2e60be1
16,58502,24062,35103,d2fb3140dafcd2cc8118bd6c348d709e
16,58503,24062,52023,8ce7b97e73a273b2a8306711789532fb
16,58502,24063,31482,edaffcd5a38dc6c33c213f89b79b8ca7
16,58503,24063,23544,6580ed91a35c6880d14810435b3e2fef
16,58504,24056,54864,4808baf9464803bbb115502655b57ce3
16,58505,24056,47455,1081f713d75f30626ba88f7646dbb4eb
16,58504,24057,49677,4dd4156cecf40ad83373eb764cecb149
16,58505,24057,48088,d84e23c17ac40f4e884209ed39b953ba
16,58506,24056,44927,6a56b333d05f11f674bc4a3e1cf10a6f
16,58507,24056,45498,768086bd48f2d8484659bcfc92c5849f
16,58506,24057,46428,97ebe0ac45ab468261f2882fa546540b
16,58507,24057,50721,ad2051dae612aa5d2865f4cb36d597ec
16,58504,24058,51326,be2c8460ec62d688274e750120134ae4
16,58505,24058,53163,d4ac2d595ceb0fa162a9c2046a4dca99
16,58504,24059,50066,2100712600915699a869060b48e38a60
16,58505,24059,55881,132686726ce343324d8fa0a421e42c6d
16,58506,24058,46000,13edea626f9d6082ad59ab655378db24
16,58507,24058,46576,4690224a46dac72d810af4ecff8f51e2
16,58506,24059,49710,0081f337e02cebbd8ed5dddda8738dbd
16,58507,24059,47730,842206ded6315b65de586ef209b5bb83
16,58508,24056,58874,bde8c73f46182595380a5b0b1767402c
16,58509,24056,68842,558f7212c007ff0f6a6cb12c9ecffe55
16,58508,24057,44960,161eb0fa3a6abafdcfd23de1d65570e3
16,58509,24057,49761,1deea0e5ba49214667e1929a9ae2538b
16,58510,24056,58380,4351599a8786e3af7d0a96dc62a6a90b
16,58511,24056,72881,cc04b9a35487940d3ae34d0e2956eb72
16,58510,24057,61894,2871e06bbe6715c7df17cd2bbd5c0d4b
16,58511,24057,57500,9c013a4f22215d4cec4948ec6738dd38
16,58508,24058,47206,1725a75b3ff62230c4868363f272778f
16,58509,24058,41714,18a53c3d0e01fba5ca9d858eb3865289
16,58508,24059,45783,804e3501b0894352c7585fea958716ad
16,58509,24059,49234,7c7127c645556cff680ae0586594ec36
16,58510,24058,32135,f630f442f28bf08df012a20ea17527fd
16,58511,24058,47068,fd3da3ffeaa5bd2397c14816aa92f72c
16,58510,24059,22082,f515c3cc842f2e00fd194f4fc67905ce
16,58511,24059,21134,f0948ed57b777b7273ad74fbea00ac38
16,58504,24060,48771,179ffce0e6569ea4dc2b6bb47827f669
16,58505,24060,45024,e5ca0e883986c1ff9c7fd1877d86b41b
16,58504,24061,53085,f5806b8033037402fd912e0a42d44ba4
16,58505,24061,47451,84bdb91324fe8a9bc026f1064bc07954
16,58506,24060,39096,5af539159cd786c658ee1da4936840e4
16,58507,24060,54207,7950b72bc21c245891d46bd582b0f8c7
16,58506,24061,63145,0fbb4fcfcc6c2183791aafa58955506c
16,58507,24061,44844,c2450ae196ce35cb8e3ab987080fba2f
16,58504,24062,52967,69fc1e934961b6494fcd3ed4244b5bcb
16,58505,24062,27860,c0ff035a0681c7e099d2bcb64055629e
16,58504,24063,26833,3c9a21172bf83cf2af6d666319a96b21
16,58505,24063,21418,813dd3cee505a003af7dd66d4b62a582
16,58506,24062,37870,77f425188d3c54d90df0bb1881469713
16,58507,24062,35413,5129dfc20ece9769267176259192e5d3
16,58506,24063,24256,17a9e7b12c7e6a3d43cf84c1d6d66f21
16,58507,24063,21221,a6668920c30f9d560bb213c74a796f6a
16,58508,24060,22290,2da97319301e8fea2bf7d6acc7102708
16,58509,24060,21858,e9b418a7bed371b564fe4a625ed4be7b
16,58508,24061,31139,e268aeeb6c9d43ca142f1a969c3c6d16
16,58509,24061,19693,a16e6c386c8e83d9843d3b7421d12d3b
16,58510,24060,20616,f58c41530673f9fbd146375e823fd0cb
16,58511,24060,18348,2e705cf491545f543dd44642becec678
16,58510,24061,17911,974ce428a3206e94da293ec902a8b786
16,58511,24061,28920,3e4b9ee7e7efe9e97596ab8f054dd426
16,58508,24062,26209,ed688718298b0cc9c63f1572420df712
16,58509,24062,19942,8311369f59edca17d3d5d861bb1555ac
16,58508,24063,19553,f5032b6fb8b29709a7953f473f95f541
16,58509,24063,31105,bdc8e7f3f0fbb3866ad5fb0533dfad52
16,58510,24062,40906,3d002b5e5267f6ddfe30c72b216d2efe
16,58511,24062,40913,1d7e3f670fe20679520eacc993eac61a
16,58510,24063,47998,48ffe0f3e8b89f501ba97f756201ffe0
16,58511,24063,49557,a333df5b25c44543dd8ed73c49aa82c9
16,58512,24048,7253,094a65bdd67d7f77a9ca5ee1a547262a
16,58513,24048,10717,dda4a8500bd29d95c4b2920cd971a7df
16,58512,24049,17459,08d7ba4d761e9f1d6ad6f6ec50b93fe1
16,58513,24049,7950,b736e53f9fcdb55d9aee1503df273710
16,58514,24048,8167,ba5d2fc77c3ec8c464fbced10bda5fb8
16,58515,24048,11947,85f3eef4502bee5dcefdc9f8f503bffa
16,58514,24049,4933,1bfc64412ed5c887469381ce9c8f2021
16,58515,24049,7038,e730887099e9bc2086dca8cbbffe3f79
16,58512,24050,8584,405021c25c56685456c94d0a882434ed
16,58513,24050,8226,569d46eb068f1c3f54dedcd3c5ce0e14
16,58512,24051,11214,d3590676e4513a2f74a5adba52249318
16,58513,24051,8351,71c8597b0ce819106db5a22ec53b21b4
16,58514,24050,7667,d2d38632fcffc88cba15572bd5387b5c
16,58515,24050,8145,b811095d77d087d364e765ef1c91ddc4
16,58514,24051,8988,e0b7a930496f004b7879b7c1ea394141
16,58515,24051,10772,bc804c58c8fda06495f0cbd1af02e38b
16,58516,24048,30881,b1f32d54cc5230fe65575a065f6e82f0
16,58517,24048,26237,e1c3d203c0dcb351719d5328d9899fe2
16,58516,24049,40554,60009db2da32f06e042e6c8b215251f5
16,58517,24049,24629,14e379dbe65308470d58dea8e86156e4
16,58518,24048,5089,ed754344f77de1f2186a1d0acef74ae7
16,58519,24048,6302,9b56f9eb3a092bb2312b6d833b978260
16,58518,24049,7042,426b7bd0a916b68dd6349a27c5698242
16,58519,24049,6924,b2496506149f3c91f63c2ead7e0f37b1
16,58516,24050,17778,85d2e52d5f53c12233f9ee32efd089b8
16,58517,24050,17319,80e2d68e3cfa45b155fa0e9610fd6226
16,58516,24051,13995,54e00db07338ca6246d0e56efe6ca9c5
16,58517,24051,6570,93f7382a7d2d4f2ba18b33bddd844b17
16,58518,24050,8565,f423cfd551668db519cdcb45d522d942
16,58519,24050,4474,db39ed26e7749a50f6dac2a584f69723
16,58518,24051,7591,4f71effc5c76ffe1ba4ba6254cf35e1f
16,58512,24052,21892,2c3d81e72caf62cd5c9657492c5bf0bf
16,58513,24052,9239,e552b6536bffe9f971e937509006d46d
16,58512,24053,84201,5326036c55b48852cbcce7c13519ef1f
16,58513,24053,67015,055010f2ff2304e2bb984e2704aeb9a9
16,58514,24052,7803,34070524eb4332e54fb5a43724c74bd2
16,58515,24052,7219,d355f779600568c95eb786e33596f918
16,58514,24053,23605,d5364f8ce92219d716ad49dc2a9d618e
16,58515,24053,8618,13f69ce1931c0ef8eed88effda1f86bd
16,58512,24054,82577,dc66e3eb16e0ba5026674baf1e8036e4
16,58513,24054,75440,61c63c44b841604c35e5eeb03cb019fe
16,58512,24055,60516,d800e13d614f1ae0495547e5e245c671
16,58513,24055,71354,cb0227a29b4cfcf114135b8a86fa254f
16,58514,24054,63137,5161b7634644b0b7fab32f0f9bf977c7
16,58515,24054,28221,8e354f6ee20ed1389c83735f932fe3ce
16,58514,24055,59555,6f0ae79a30697409cc61a9836b414224
16,58515,24055,18141,b1bbf4aea5910d8b14bca2e97cb3c92f
16,58516,24052,4161,383d38d62433233596160f8392e52af0
16,58517,24052,4368,14ea3a0f2fc4acc5b57f89069dc683cc
16,58516,24053,11830,99a8c43700b65c6f69ce6c876dfb41f5
16,58517,24053,13048,b14a63fd5c727a9dfdd1c044e883cc7d
16,58518,24052,8737,5ac7b0dc9ee65d2ef993553f94ca9beb
16,58518,24053,4930,40bc351550f02adc4e80fefcdb49a796
16,58516,24054,15972,4de9db77a4bf2f696c99ae4df3e147cd
16,58517,24054,8852,8bf09b7bdb42b41c643f47af163c7f91
16,58516,24055,13445,c144d4e74fed844bda90a438efacafcb
16,58517,24055,5933,56aefc91c35fa02ee47bb5ad527c48b6
16,58518,24054,4003,197f84d9d268e24f06ce16c3d198add0
16,58512,24056,61837,5ba63d424a0c02a4685ad4bd18c2af11
16,58513,24056,60920,b0dc31996a4143db8e0857186d5f27c7
16,58512,24057,74807,8ff8ec136dd79bf8a1dc86332be5b03b
16,58513,24057,49111,bb7213de7a4a98ae5a6836c41ada029d
16,58514,24056,45112,828984068cf3034f543e8be0acbb8fdd
16,58515,24056,11967,7efdfb9e1fe9c17d36f6fd2853ced7e4
16,58514,24057,25076,f4d166fc9a0ffdd54b05ea21e1fde8bd
16,58515,24057,31222,f9d385130f1b13be3610e3698da22de5
16,58512,24058,36058,adcf967abc3cc41339a01573902ed78c
16,58513,24058,17590,25a0a4a047e8a1da03f368aba1aa6dde
16,58512,24059,17304,52ce757cf9456df3c47f8d4aa7170f4d
16,58513,24059,13717,809c30a8c3608df8ef800f8a684a5b0d
16,58514,24058,28680,87ecd9890a308e33fe341e1dad9463ae
16,58515,24058,12277,40e8e168f151b9ea7393038ae65739ee
16,58514,24059,23906,afcd0278231877490b56c973c1ffd002
16,58515,24059,19965,330dba6560ee450d5721280bb4605104
16,58516,24056,9814,0079677c78d029bd5daff26164c5b98b
16,58517,24056,4455,e38a614ffbaf9046f0f69262b4bb320f
16,58516,24057,11429,15e5f08cd5e4f9230e41a7823e07e85f
16,58517,24057,9381,a8d41415e83a1866723028f0f97ab4b9
16,58518,24056,1207,348f6f036b9e4ba707d5856d9c6902fe
16,58519,24056,6783,b7517fb9175ca5948ff7581eca98a781
16,58518,24057,10467,d6779ed0df5c46387e2c1f611e664d50
16,58519,24057,10219,be6ab7882191f8ed9a86442eb9e86eb2
16,58516,24058,15159,748606dfa68a825e5fcebdab99634aea
16,58517,24058,7935,a803d640b4a71c4fe8017d400f700c54
16,58516,24059,8875,01c8cb8a443514ee5ec6e9a93837b5ca
16,58517,24059,14400,8a6efd271661554fd404830e33023acc
16,58518,24058,12348,eefaaecea4054b3211b5ee5272ac4f1d
16,58519,24058,15298,ed0250d2b65563c453faf39746ed2cde
16,58518,24059,12693,f3d0f4e5a7700cdba047c8f4edcde7cf
16,58519,24059,14614,a0e37ccd429adf77528cec8421519898
16,58512,24060,20050,f86d19862804825bd452a48d61133931
16,58513,24060,33056,619e1f65098f0d193ad060575d0fe8e0
16,58512,24061,23938,78d78ba89ea9344f056321ae99b7efe7
16,58513,24061,13867,5a085d83f29c19926f39c09a8585a014
16,58514,24060,14537,42cf4f78bfbb1d94d4f1a86f5f253e3f
16,58515,24060,24077,2e6bc00413bc152129ad39a30779b6ab
16,58514,24061,15127,2d65a251778294fd90a104916b78a69c
16,58515,24061,14416,ce6e4962a34b2f830ac9eb78c61a275d
16,58512,24062,20405,3de65d8471abe6b8a7cb478e9056af1e
16,58513,24062,16976,97f0c3926c8524c66c3295012a95bcdd
16,58512,24063,25308,6a1f40b80052e7e73e86535778163718
16,58513,24063,27355,45f7ba823c4748fa5f9b86745f6bf235
16,58514,24062,25521,0e5c4edb865f5b2ff93a6905d1fc4090
16,58515,24062,20884,02d05f83a58f13fdc05c90a12a2b9741
16,58514,24063,25694,42113b9ae5397eafa014d61e8ee4b6e1
16,58515,24063,20991,29d690553b40c303c826121c2baede9c
16,58516,24060,19852,576cdabc30b9ea5b3d091aa919b491c1
16,58517,24060,18727,ee73ebe3147e482e59a5512aff12c9fd
16,58516,24061,11950,ea3e482e946fb4e7840714f76f178c46
16,58517,24061,13050,696f9e01be67c37beec06b4d5b0a4c2e
16,58518,24060,21081,79cfd9a5c48f75a604da40e544fb2d96
16,58519,24060,23357,dceac7be045f05d25db28d56845d4b26
16,58518,24061,12734,646676e12df980f6453fcd3313147d75
16,58519,24061,15744,c25cde8c710585c68534342f85a0c9c8
16,58516,24062,16443,e19772ef6c614da996f0837c9328222b
16,58517,24062,15269,24fecd663bccb5f1ec0c39a216339a4b
16,58516,24063,16285,7edd65feabe753b674f30817c64b6c4b
16,58517,24063,11086,52f100e168463955c3bc1aea6667f709
16,58518,24062,12571,fc176ffc31ca980e12b123510554c578
16,58519,24062,13345,bc5f00adef9378cc8b7a1bccd6628ebe
16,58518,24063,12950,322c0a501683215f7581e34b4cfce07b
16,58519,24063,15002,7363a00d31aaf4b52b3d8f16142552ea
16,58520,24056,8279,dfa1bc26ae601a77bc0c38915cf029e8
16,58521,24056,5921,7e71837dae950168da621dde6d7ebeee
16,58520,24057,6452,7e7b698c2463c9e465b1b5accda2fb50
16,58521,24057,10382,ce431fcb9ccff6794522aede67d6935f
16,58522,24057,14153,317509fcfb46f3ef39b0ebfe8c984732
16,58520,24058,10727,d0291ede530a387677f9a4cbf67dc1f8
16,58521,24058,13883,5c560cee9207c70055fda8cba42fe525
16,58520,24059,12969,6dba8764ccf0b4f46418845e333531e2
16,58521,24059,10370,f0aae27b38bfc95491595c61a0cda6b6
16,58522,24058,11057,0ca9155e06a5738c7fae66ef5c4a9166
16,58522,24059,6247,c3c867af7d0badce33f42723070ad337
16,58520,24060,19225,a5af8a2fd4a88b2b51062c996688e9c1
16,58521,24060,8061,d67659703f03acb4cdf5ae69bee60fc5
16,58520,24061,14564,33982ef201350a12d40f690ee7a68af1
16,58521,24061,9277,77dbc9f97219c76e42124739e603a8c3
16,58522,24060,6338,b68d825730b6b77661888f69b8c254c8
16,58522,24061,8311,f2b34fad490584928dc62c82343504f4
16,58520,24062,10692,cbe9f731eae89191fd592e62841f15c6
16,58521,24062,4442,236f8248811e1f229122e7543d8fd98a
16,58520,24063,11448,4ea6ebee4487cfcd273f14da3782b003
16,58521,24063,7126,7f3d3c1dcd56c58b8591f2c497c4e265
16,58522,24062,9775,c96fb73a8f1107b0615f086d20dd0f3a
16,58522,24063,7905,34e7bbf3e09ce335901446e6d757e96c
16,58444,24064,2703,f0e286a8db707018bd865214f190b583
16,58445,24064,2905,0cf18226e9b2d7d8c0855af0b27405e1
16,58444,24065,2479,2bfc7ec986bb38b52b14167afa904a86
16,58445,24065,2556,c3302876851abe047633d50c723c6796
16,58446,24064,2867,396c62453222dc0b62043faa0ffe8fd5
16,58447,24064,3598,10a95a5c2adeb8ae0d9d0e0d49c8a6fd
16,58446,24065,3506,4310553627f89bb1a9a87913c1c80ebb
16,58447,24065,4812,13454dfee2d48d844f45687822fb3df0
16,58444,24066,1161,ffa6a3e0bc536bc02c9901db21359b50
16,58445,24066,2648,ddff7211cc30f6bb0f0ba20e438646ed
16,58444,24067,3543,2b64c00f876c22e847abeb923864c0be
16,58445,24067,6331,c45ad5617f63127a7b66ae1bc0c25f84
16,58446,24066,5022,0a5fec3259f57c9e2e1f331d194a2da0
16,58447,24066,3130,449765d0d07d400dfddc0ca3b04452c7
16,58446,24067,6307,892c2e960536ac79848eb053abb335eb
16,58447,24067,2991,9e58d4576dc0d2c84a9c2cf2090165ef
16,58443,24068,1282,0a34db2cf18d1041d48ae16324aa7547
16,58443,24069,2217,17d3ba9d95675982f4a984ee6d8bbf4c
16,58441,24070,3883,f24fe04b7b06d874743647faaa193721
16,58441,24071,3832,a8b2e1866717eedaf2977b3562e8f1e3
16,58442,24070,4421,daf4d05c352962e35e829bc71c7f890d
16,58443,24070,2750,3e725506e422819bf27aeeee15c76fd3
16,58442,24071,2800,56141b56befe53f25eb0098f61d36e00
16,58443,24071,2805,708f2ea58759e01be92e5b8e373803e8
16,58444,24068,1167,55fb54cd228613b75be93de467a153c3
16,58445,24068,4481,c1f856839c6e9e039d223eb0fd924e47
16,58444,24069,5568,7d232b56760af33e800b00a9a9f0474c
16,58445,24069,4733,9861789ac6ad74fa138bef0b2e525b48
16,58446,24068,5927,9cc1d690e0b1cff6d0c2ad7064691fa2
16,58447,24068,4198,084e6ac202a56ab45bbf69c01524b2d9
16,58446,24069,2094,d6f30b80fa0b19584492973b0dd263c5
16,58447,24069,2937,f2c20b68ff093f960a844294ab288cd2
16,58444,24070,5000,bdac9bc054f23f9105e619be2c9177b6
16,58445,24070,3543,529b1b919d87fd9a7cc1458fe7ff4c53
16,58444,24071,3765,43787c27a370eb135be408f4e8223c04
16,58445,24071,1852,c2b3cef830d5f8ebace9a3b963dd0934
16,58446,24070,4272,8a95d24ee3f3b8b9777a28dd4ebe1c36
16,58447,24070,5201,ec6d5113c4032f595cc36104cb1eb8bf
16,58446,24071,5713,d0df7f7987b7e330557e79c6b41b37e5
16,58447,24071,4725,92f4ebfcaa9f4822ce8a35f3c030f6d5
16,58435,24074,2887,580ae4a27e9de3d7f6f3b098732ddb57
16,58434,24075,2503,9ca4826b5fa7db18a03dbedb92d526df
16,58435,24075,2375,e3a65de669c890efae1d65c14a3375cd
16,58436,24073,1895,63537adcb8b5671d7fde6cb33cac4c97
16,58437,24073,5857,48aa11ca252978607daebc3e783ce28a
16,58438,24072,5827,006030fa366759066acfadf6f9d87922
16,58439,24072,5343,87fcd5deaca7c7bcf451a8781292af0c
16,58438,24073,3633,09a6aac6618013b5a862290075703979
16,58439,24073,4760,6cfe73bfba01629a95d74d20cf5de26f
16,58436,24074,3689,178dcf22f9c15998f80273f4951606bd
16,58437,24074,3504,4552b7b99a40c4b26d0eb806cb3268a6
16,58436,24075,3829,222a71e7577f83e84dd05365ce0b770a
16,58437,24075,3008,f938933f761964c9b8f5fe24a3825f8d
16,58438,24074,3812,379b9230ddcafc9870ad22ac73813373
16,58439,24074,4404,66f86599373458242268a9e5ae2f783f
16,58438,24075,3969,bbe1e22d2d0309e0d1b333ec1d965837
16,58439,24075,4058,25df7fe427876f086e44654aa4f9e671
16,58434,24076,4039,677afd5d0239b0216615c328f26d2d94
16,58435,24076,2389,1a1de44f805a27fbab498d75d89c3e7f
16,58435,24077,3434,1bd8ec0cdc549870a15be83e081aafc0
16,58436,24076,2768,d4b30315652b91c464fa0764b012c91a
16,58437,24076,3771,06a949b7f002115efc1c76db95e980e5
16,58436,24077,2920,a74a1f949c5515a13dfc1083d431925d
16,58437,24077,3428,8e478742dfd616da72c9520a1131fa92
16,58438,24076,3460,01403414ee7dff446a22c2929d71c466
16,58439,24076,4977,088578c0785bd6e9809071cc056fee78
16,58438,24077,3801,b4e0963c2a5d61c8eacac51f60b4146c
16,58439,24077,3572,72fe0bb97c6c1f6cc309dfdac1e00cab
16,58436,24078,3437,633309677dd434bd569bd1e014e19547
16,58437,24078,2897,6031cc7432000cf44bab8a543e4e10bf
16,58436,24079,3915,08e98461135fbdf41d16e128f83230f5
16,58437,24079,2954,a4b10c91dc97d1f725804c5152257f0a
16,58438,24078,4517,0b65645828418896f5de09326593d28d
16,58439,24078,3279,eeb7f3d2e9348b37df00b9b36a9ce6bc
16,58438,24079,4461,d699980f74543f7a16dffca405388e01
16,58439,24079,4072,612531592e6aeba237da11882fe18b24
16,58440,24072,6000,c797617fe2de739993de1b386e6aa1ab
16,58441,24072,4682,1c684b4334ca86172b5cc871c99868b8
16,58440,24073,5936,858d00dfd5eb5af45e9d6511a74e33f0
16,58441,24073,2741,2f715e3228658bf1fd0c391510cc59ea
16,58442,24072,2778,1a6a590c436bea33e5e6988ed406e6eb
16,58443,24072,2685,56d0f2ded4a0f45d23f8474494ee1931
16,58442,24073,1879,990e5692094d45c0039d2fbd6dc2a7eb
16,58443,24073,2094,fc1819c9a054eac27f4acf831721094d
16,58440,24074,4818,030122bf0d56ab1b971e6d988abae005
16,58441,24074,2410,ed7e40dab342f04aa3c04a31aba73282
16,58440,24075,3812,a1f39dfc8d6ebaa8ec2389e505a781d1
16,58441,24075,2740,fd513847c79576610c1cc15f7bcce999
16,58442,24074,4065,8000abe9c4f608b1709308ca14500d6e
16,58443,24074,2411,5ea468d61fa33ebb38fa92c577c86bb1
16,58442,24075,3455,9a412256d77e8955c270f7cb95b0faf8
16,58443,24075,2262,3b049123ccaae92b5f33111ee6903987
16,58444,24072,2488,0c5e0f68b39965c2f39f4344d2ddbdfe
16,58445,24072,2556,f646bdce8e18900078f1cd17ca56959d
16,58444,24073,2152,d0bfd7695fa836ece08901b085f49e49
16,58445,24073,2415,8612e85a27be8348d8b7ff80f03b3e66
16,58446,24072,4747,cbac33816e75d0c438e68bc097ed1034
16,58447,24072,6019,64b11af7331687ade5d9eb1e2bd66fa0
16,58446,24073,2284,c9d3d43bf073586e0ddb13c1bb9ed7e1
16,58447,24073,2512,8ecc0f8757c0cdbc5c80fa1f9517a804
16,58444,24074,1626,cc5351f8adae678549b1dac2bef5373b
16,58445,24074,3631,664816f35605620b15d9a51b733dcc23
16,58444,24075,1745,6e13c24b70337d5e62d41828e41729bc
16,58445,24075,2527,1c43ce9b9670b5ad5ccccf606e767e96
16,58446,24074,5156,157d1e2962381f5c2b7530e20896cd2a
16,58447,24074,5285,617f4bd18138ba19ebdbcb768bcf4b53
16,58446,24075,4872,9134b338390023daac56afba0be44c33
16,58447,24075,3636,a921bbaef2f8097da0eda512c3acabef
16,58440,24076,3040,69cb51856eb268fe8beb9318842c117f
16,58441,24076,4434,d97a577ed51f8852aacdb6f1df5ec3f7
16,58440,24077,3682,a873b240bdd4225db3c9ad51c20c3ec3
16,58441,24077,3686,32883ddc43052aabbca042fa276f55cb
16,58442,24076,3678,d99d704716915ff2879cf81e00f6a1be
16,58443,24076,3333,0ad8f15a999f3e21d5c51ddfd624a955
16,58442,24077,5767,82e12f2de81b71b37b679de4c4fe1251
16,58443,24077,9128,32bbdbb14a549c3da2d3fb10fa24d374
16,58440,24078,4370,27cc5c0af72ae7b5342fdeb9b77274fe
16,58441,24078,5683,f09acd737dfe7a90d87a1075af992afb
16,58440,24079,4035,3f5405d57debf90dc132061a590228bb
16,58441,24079,3408,c644dd52c11aa761e968de5c247e362b
16,58442,24078,3746,7970308ba07402ba28d1b15f3102f0c6
16,58443,24078,6055,9d7a5b5487528617059699d6d1340251
16,58442,24079,2748,9029891d429698c6d733d930a8330e8f
16,58443,24079,3766,38a8ddb40c46b9901541a7e9363d46ed
16,58444,24076,3081,854ae9fd40f7d6d1c62d701b267306c4
16,58445,24076,4462,bab85303d922603d7d7a9629e4d03da0
16,58444,24077,5779,a11a09d41a8a33733b24ce93b99c1763
16,58445,24077,5567,c1775265bef046517cc0dd771aba33c0
16,58446,24076,3034,e03e1eaa970f9a7699381351f91a28c4
16,58447,24076,4577,756f8686115bf52ebf7312b540f594e4
16,58446,24077,3984,5dfbe7fc01be5806caf07010782fd93e
16,58447,24077,6388,565404d14f1e54889ad1f07b672a4cad
16,58444,24078,5923,df0a042b1e40742ed12a661123d27057
16,58445,24078,6701,77493ab59c4396315a60677f21bd3d2d
16,58444,24079,3150,4dc728f16e32c2700354fed5e0404995
16,58445,24079,6566,00e0f02fc76548467cf3064a8ce82883
16,58446,24078,7423,b765a64104272639ae7e6a71d1b83a07
16,58447,24078,3520,719fbc8a991800acd95b178f902349ea
16,58446,24079,5451,885d60130098b8eb975ede48a3a4d986
16,58447,24079,4781,625ffa5bc8b4f4f99d4e157f4852a1bc
16,58448,24064,3637,80c034d6918dfcc3c63b07818b82984c
16,58449,24064,3788,0529c832e74853ef12259122d7a4e4e8
16,58448,24065,4976,0d912141cfac8ce040fabc18ae3b720e
16,58449,24065,3669,8f0e63bc6433c31c913ae1d562bc60a3
16,58450,24064,2638,646aabc3d9dfa637224cf213ea729ee5
16,58451,24064,4182,0ba768162de3b9b3ba958def9ccf444a
16,58450,24065,2725,45afe5dd7764b8af4602237cb380f912
16,58451,24065,7262,f899e713ff8b4f333b842e58dcfc26e1
16,58448,24066,3335,8ab2c3657914a737e04ad4da0ab7cc9e
16,58449,24066,3593,db5858cd12b8701d57b4a33cbf4d74d2
16,58448,24067,2551,c211cb7d1a9a19e8bbf9ea7842a5f625
16,58449,24067,2388,d80596c2641ffa7e3e32bce0d9c1cdce
16,58450,24066,4306,7fb13a69006d0204fde2814b648ae157
16,58451,24066,8456,e39e476860bba66e8291e9a65cc42357
16,58450,24067,6812,4b902c068efab09c90ee272383722ad1
16,58451,24067,4213,3b7b81c13bb1b9aa1a68bc95f05a7a71
16,58452,24064,5824,6239886d080ef5c9549a7a0cbe799cc8
16,58453,24064,2166,6afb265d13c2710392a133b208838b41
16,58452,24065,4255,892538a9f2e4f9cd2403518c9e92468c
16,58453,24065,2447,b06a98c78e92368bc4cc8e9dddb59812
16,58454,24064,2805,d55949b56420fad265cea929be4c3bfb
16,58455,24064,3143,4d68f6428ee7be344ef6c19af2dedc11
16,58454,24065,3628,f2ffc15720f72d6f012a25379bd77c07
16,58455,24065,3985,3146e90b1a9a56e96577536c2a290452
16,58452,24066,3324,a8298fbb54a8d93d3946b1fddd67c375
16,58453,24066,3277,a8419a9005a42b2b95e196bc2e948d8e
16,58452,24067,3029,b9be09fb09fc4d74baca0d2123227752
16,58453,24067,3003,138fc7fdc61ba94bac1ced5fb64372e8
16,58454,24066,4596,a1ad66930330af6bd390e147c6c46415
16,58455,24066,4734,571ff5fb09f962b3038b1a4154c59b9b
16,58454,24067,4373,c9bcfb7beffe0165c38291a83a06ad18
16,58455,24067,4054,9b232c7d7d902cdb6a9d2ae3c24b70a8
16,58448,24068,3414,45ed2bca4619e15527283fe483305dbe
16,58449,24068,3637,9bde2cee06ef70160aa8f7be4768fce6
16,58448,24069,4190,31f87b4c24a54f3864a93e495ff0edcd
16,58449,24069,5191,686c40f841c5236822a75cbc38223999
16,58450,24068,6458,e8e712cba8ada9f923591e17d28d5b32
16,58451,24068,3851,08ba0627cd39dd48d5157923c4e4b9a2
16,58450,24069,5752,caa204e94f5e7d2c16455d0df37be4de
16,58451,24069,3789,f4937e6eafe3dd3c1b776c6feefe8316
16,58448,24070,5656,e4524d0e5fffab711938d61ce896d77e
16,58449,24070,4181,b84bb9739a88667192088d9d659dc1bf
16,58448,24071,4759,523d9ec924f072ee8eaea706ac86bc45
16,58449,24071,4403,1bf30097b28c6300f8b6eb27b2b6cb98
16,58450,24070,3286,e290716f9750163c4ec5c07f69ec29ae
16,58451,24070,6589,c18202e9296493f488a7d9109a9b57a4
16,58450,24071,3700,3a972ee57b0efe36b6de33a93682a674
16,58451,24071,4005,37ae511a0903372bb1d4a483adc31cd9
16,58452,24068,3600,4a80f30282aa49682d454b3ebc428d64
16,58453,24068,3269,440ad7f9ab11a9841556c378fcc5e1b8
16,58452,24069,4098,f68dbdde06b09bd112eb6543eeeb8930
16,58453,24069,3395,cc70384c3acd31dc773e1cee319d0696
16,58454,24068,4794,e6a4c02b7992d7491f84e5dae51216c9
16,58455,24068,4680,e46b59c27392e5ed488c2bd085dd3af8
16,58454,24069,5106,db263bf59b9cd6ca16b8b75c42593f2c
16,58455,24069,4434,344839ff991adb0753003badbfd2a9e9
16,58452,24070,6784,91701b7422e5268af8f3ae0842e55fd9
16,58453,24070,4323,4357fd5f7e1aa490a296bf16499f0afd
16,58452,24071,4615,92f48950f4a4ffeea38c6c2fb3b7767a
16,58453,24071,3985,c72c5d2249fe491c45ecf94472f1ee50
16,58454,24070,4905,32046596a977c3f2d76b481ab69dc462
16,58455,24070,4683,0a556293795b7bf39bb9818e85a46ea8
16,58454,24071,6719,93213d2b45fd33e5789601a7c1c999d9
16,58455,24071,4001,eddd16349a313ad71b7ab8cf81e1b730
16,58456,24064,6389,7af6630761253d6177297ebc8fe488bc
16,58457,24064,5268,0e1ef2c432996d49e4a1907cd773370e
16,58456,24065,5968,c61f4d454a24c48ff12927775661cdc2
16,58457,24065,3865,e63321505d54945b13100d8e06a12fa2
16,58458,24064,4804,6bde4c32c7b2f1ece46aa9e0da8702e6
16,58459,24064,3988,517ddafdb8b758ba7f48555e529f06a9
16,58458,24065,3664,0ac336f6359b9ec450f1089c8312df97
16,58459,24065,3786,910cc02962ade5233fcfe0538eb3cb63
16,58456,24066,5669,8e2c31e2b4085d4adfd8ed91233d4aed
16,58457,24066,6084,59ebbb3a266080064aae37362a1e2b72
16,58456,24067,6101,bc9519d06bde1f54a54daf9c09d5efde
16,58457,24067,4784,a5ed3380a16b049bf06633be7005d45b
16,58458,24066,3574,e0dc8cd582bda6eb627d48f0678bc906
16,58459,24066,3859,5b4a6b8c0b6de5f644e3f24f226c3f2e
16,58458,24067,3750,b0f0a66dc8fe6eeb3fee82430cc6de35
16,58459,24067,3852,0c945dc067b5d2ef1be058a72e38f298
16,58460,24064,4177,b97a35f054f47f3db446d4485e091000
16,58461,24064,2968,f01209f1232097bb77e6757eec6297c9
16,58460,24065,5124,55f99b883294344b9480df7d893be3c0
16,58461,24065,4878,287b3a4518a6b31fbfbf0558a03431cc
16,58462,24064,2981,4605b416e8244a0b585842297c16d63d
16,58463,24064,2864,17750b1ae4695c4a00f29d3b84892af7
16,58462,24065,3518,cec61f615e0079fc7a3a6fe25b98a147
16,58463,24065,3632,09e7eaa1738fc1d88bd2ecd2f6aee6f6
16,58460,24066,5279,6b235cc887a79c313015f33744c28713
16,58461,24066,4473,bdb7c999d0be34f5047e7d7e9151d54e
16,58460,24067,4162,e694413294ad6ec156a6c70a8ce4f1f5
16,58461,24067,3493,f6164d2d1ef4218b4f84e28167243f2d
16,58462,24066,3804,782007cbe540cf9df178ca6359233642
16,58463,24066,2640,0b0019de07554af9fa6f35b41a127b8b
16,58462,24067,3771,297f3584baa9d9f8fd7a4c101406ea0b
16,58463,24067,3731,8538974e7589e715d86dcf8f25ed5b09
16,58456,24068,5723,70e2aef8948b5654c61d7ee17c7e7e00
16,58457,24068,4930,b986094e0d18652dd42676b40c2e46fd
16,58456,24069,4167,183060391883630f1f2196c50ecbb127
16,58457,24069,4776,35729e04542da81f4037566987de5c12
16,58458,24068,4899,dbe0ab07f8492da9c1ce44726a75c69b
16,58459,24068,4565,825319a09273a1f458d15c7f54ba651c
16,58458,24069,4566,359bf95eee1c1c534b2ee31244085073
16,58459,24069,4049,027a79c8e7d49ad915bb3f85f155d587
16,58456,24070,4239,c2441800cad8bf586451c776b17eefa1
16,58457,24070,3736,d1ff1502b7039c684e196e5bbac5b0c6
16,58456,24071,3064,fb131fda5960b8c666209db9f6d7c7e9
16,58457,24071,3767,20bcc1b4785e92a37da90601c7b81ac5
16,58458,24070,4209,d7c1a9f71fd6cd41b50d7528ed0eb64f
16,58459,24070,4492,591aa56f5e5e304e3e0dfc813a8afe99
16,58458,24071,4059,8eaae2c15966d86d0123cf133aef27f6
16,58459,24071,4401,e07791efe9620876b52023ee25c5a299
16,58460,24068,3484,288fa681cd3c36ca3b8bd8615e6dd437
16,58461,24068,3794,87e105c0a87ddf59a60da84a077912c7
16,58460,24069,3699,d40107f7a0f8f4d3b60ba4ee8f9d4384
16,58461,24069,4002,56b7744ea5dbf0e0385798d4769f7bba
16,58462,24068,4873,8843554e2813f085dfeb98f4b58b5fdf
16,58463,24068,3559,f2070bc986a434f84097662a44350e2a
16,58462,24069,3690,84c981579e972d6db886babecdfba8b6
16,58463,24069,4807,f763a06450c4660c62dac50af39cafa7
16,58460,24070,5151,0d8038b7453d0a7a6624b702a82c6dff
16,58461,24070,3382,d95b92144c69664be39f091bd08f3175
16,58460,24071,4660,382bcaa3faaf18e4c23fa70d03ecabf3
16,58461,24071,5200,a2ab4cacba453ea1bca647c15eccbfb8
16,58462,24070,5726,2baae61a69a983460dbca0dafb44aa45
16,58463,24070,5205,061cf9552254d45d54aa3d9ca1b36d20
16,58462,24071,6068,fa7e1dc8fd430329f128b620d257672e
16,58463,24071,4719,e93b42149e7368feed6462e8971e66f9
16,58448,24072,5437,d0a2b13a73052a7305bf8a341580e409
16,58449,24072,7948,aade4bfd0537116d16207be824ee97ff
16,58448,24073,6664,aaca767e4124f57db294bd48aa6be35c
16,58449,24073,5188,56854b3e25a0a486d73987e0e5fcc161
16,58450,24072,4253,7683dd4e00582da2078cdad657bca684
16,58451,24072,4500,9b9b5898d1a9cb39e5c69a1bce5fd684
16,58450,24073,8451,a80b1b91187502cb95299370a078179e
16,58451,24073,5951,5a3bea83ffb5fcab72b641b02c7ddd96
16,58448,24074,6035,3bc7f67fd435152802761206ddcdc1d9
16,58449,24074,6229,41daa18c26d823bba3741c799d4b76c0
16,58448,24075,3726,fdd747d2af8d5da08cf4a6d80fa972d8
16,58449,24075,5974,453e5d78aaf3bcf70a9809fb19d9fc4c
16,58450,24074,6798,505fa8cf9baa157be8f65c05421274cd
16,58451,24074,7162,2167096392fcb2b8c30f7d7578424c0f
16,58450,24075,5505,fc9e6006f2decde3d3dc3f4c5971d600
16,58451,24075,4135,c4d30800ea12d97ec1e75bd77db273b8
16,58452,24072,4513,1726f76e7b2bb21ce3710d8075cae055
16,58453,24072,4198,8ada4fc349dc7a56dff76b057b241ecf
16,58452,24073,4095,79037ba3c404ace34ec0645736a89011
16,58453,24073,4176,c0ac2e90e073490831c951d655267fe4
16,58454,24072,5840,497e56baea2f63e7402a0f3544f02cca
16,58455,24072,4237,bab92a17b1a41eecd8c872bc56244c2c
16,58454,24073,5623,2dbcc6b8771e0aeeadf4efb717ea7d49
16,58455,24073,4758,fbc740fb60d7c63a8b09dd18c56f389b
16,58452,24074,5445,114101f61d37caaf5199a659c1782d51
16,58453,24074,4170,df491c718252c1064b29b0d1d0a1696c
16,58452,24075,3803,9b07ab9a20b632a7714d0147a965beed
16,58453,24075,3409,bb747742325d0ac88d430fa04c74f31b
16,58454,24074,4853,bc86b2e22151ec00608b0e57ad9b2139
16,58455,24074,5333,bfb61fec2bafe909a0b11a1dddc0ecd7
16,58454,24075,5810,883f587ec411f19fd58811f0165f94b9
16,58455,24075,5969,625e7826405292cd6d16b1360c6f9567
16,58448,24076,3584,de3509f6eea7ba6e21b873663200f582
16,58449,24076,6406,ff51c294e75f2d3cc3e786f53bb6f772
16,58448,24077,5219,889731fd132b509d6aa1ace394555497
16,58449,24077,7673,5705824c1e4fd67b11a750a73fbcbf46
16,58450,24076,4315,dca303615897826b8019d5d5d7229f3a
16,58451,24076,4433,c49327c3266177b8448326fe8edb1ecf
16,58450,24077,3832,9239567fb2211a78b17feb65e7209e5d
16,58451,24077,4482,3cd902f9a9506d7076882e9cafadaba6
16,58448,24078,3707,6f3f2ca95471cc0c2ee1e5671ad3f53b
16,58449,24078,6664,15d0cb77722ddc51e1e9ae2e47ea2a4c
16,58448,24079,6112,421b4b578f69376bd4f044406231abb8
16,58449,24079,7917,67bb9b2d075204a147f989a009a84959
16,58450,24078,5642,3cb40dbb9e82af714fdf0fa7cf1d95ef
16,58451,24078,4286,f60d12ae9cd0e610d2d7d5d09e4de069
16,58450,24079,4813,f404885b13c72d43d375317394d4b4ba
16,58451,24079,4492,af624b4934533b8f1c0d4f61d0c27bc1
16,58452,24076,3589,d78295e8b279ace1dfef1696d6af1bec
16,58453,24076,3505,e60106d731dafc93b08422fd4ffe9861
16,58452,24077,3972,fba9b69e38fe3d5e9bd365213ad9172a
16,58453,24077,5227,7ede1f00a1b66e92f7ee3fb100f51d4f
16,58454,24076,6461,5ddd1ba954d37f3e79cc77905eeda8b2
16,58455,24076,9374,aace28686923697ab54b84ffbcd4d813
16,58454,24077,14320,0e7e235bb06073e7721663cfb4d48b96
16,58455,24077,15301,a2caee0405f79d2e4f71cdeaaa1ed822
16,58452,24078,4576,1654852dc671c0baf9e67c6c72d7968f
16,58453,24078,8504,a7e35f2f0d60c1d57ddc8bb376f6d348
16,58452,24079,4730,27d8bb79c42ce87983b87584c2cf3e21
16,58453,24079,2656,dd95fb456f1c175abae845f8bf82a447
16,58454,24078,7097,018a5de58e83356b7543eeb88e7373ed
16,58455,24078,11360,8ccccec2929a62429394d59e62bf6938
16,58454,24079,4727,d843e4e5d90454dfba3fa688fc82a61e
16,58455,24079,5012,5905e560442408ff6a3e165e9aa30f5f
16,58456,24072,3793,4d9daa54b227bf3d9309aa5f00a5ebf8
16,58457,24072,4523,82e11acc42fd5e58dda6f3d49a2291ed
16,58456,24073,6097,c33e2d04fedcf890390fbbcf961a32dc
16,58457,24073,4280,db64f2e25971997c4377601774e3fd83
16,58458,24072,3432,56061fb67affcdf4e2813686d3862d89
16,58459,24072,6839,10796bc39331b723f2e156d7e35b9cca
16,58458,24073,3490,9c8c9da95e8a1d31a3240c52cd2d2416
16,58459,24073,6227,72cfd47fb22d58b7e754fd82e86c0dc7
16,58456,24074,5490,b493f1e4ca325c0116d4c692e742b000
16,58457,24074,4852,0f7ac511dab9eb5b18048207ada60f7a
16,58456,24075,5457,e530e4280fbeb06f3cc324390b8f106e
16,58457,24075,6116,22b167ce13fc0d7dc53c9c30c52c131c
16,58458,24074,4993,f6286e653971f0f9ea11d8a34ca12bda
16,58459,24074,5543,2c610a64ec611606c13edd9f5629cc63
16,58458,24075,5003,17d0503c8ee88c57f233ffb9a7f86a70
16,58459,24075,5452,5df18b1849defd7175ea815e026c56e3
16,58460,24072,5296,5e3a031b704c9af0fb9f3f2347b16c5a
16,58461,24072,4524,bd549e1daf281af6481df16d07752579
16,58460,24073,4573,e14fbda34ebfaa001e5f278a713b2b99
16,58461,24073,4514,6bbf3d8ec25a301f6fd0dd88eb2614c6
16,58462,24072,5082,71c1391d6095f8dbe8f5c65f0cfb0e07
16,58463,24072,5706,f98e27891356d8b3e23c7f1d350a01af
16,58462,24073,3818,cde586a1ad4ae34c946ad4163a30d53c
16,58463,24073,3703,c9d76d2c8b452a30d28eb5e223d9e5db
16,58460,24074,6378,381fb284f8d305f7ad54355065b2a217
16,58461,24074,3652,cb4b8971bdef66a6204b70a100557acf
16,58460,24075,6849,fd75afb2ae439defae7a512eef921532
16,58461,24075,4084,6756a3e5bc7e2007b7f44c994d00a022
16,58462,24074,4326,d433d3d5d20b7c7e7119fde93ead5f6d
16,58463,24074,4634,4c31b02c570edeb32402d5d9162609a6
16,58462,24075,4003,863362c958eb308fedce9a3f5789abdf
16,58463,24075,3457,a5c0fbe42de66677d529ca0109a79bf3
16,58456,24076,6176,92886f87b6841485b50fee65b5d645ad
16,58457,24076,6920,bfeabc5902c2e218fd5d0da5a583004c
16,58456,24077,11659,f94c01a56d59b8e61b8c4b64df87a2a2
16,58457,24077,10901,e82b58c441f570ac2944dbe703f9791b
16,58458,24076,6209,1de8a63f872ab51f506399ac692ae814
16,58459,24076,5846,0a905db6a46ab0f7da366236ad80e473
16,58458,24077,6616,11188b74f5d732c9bfd3587368503ff3
16,58459,24077,7640,6c8a3cd0c89866185f1e51b4b0d8b391
16,58456,24078,17464,66dd8160f33c6965c3b2d16b05d64c33
16,58457,24078,9674,0edac261061e928055b36e1ab2c778b7
16,58456,24079,6525,505b95de4848108dfbe232f2c2770866
16,58457,24079,5213,6e88ac5bcb8c0a64dca93675efe4430c
16,58458,24078,5162,795cd40642c3967394e34fa1295ae5f2
16,58459,24078,6319,52bfd175939f2f8a978a5c56489974b6
16,58458,24079,5471,3a0ea7b180d1464d909b6de9ba5f6d60
16,58459,24079,5226,3c29f84749c7b859ee3c8e8648bd56c4
16,58460,24076,6729,fd0bf0d9e8725ce8d77a00e968e15983
16,58461,24076,5170,373ac3d14adf387199a1f4b111b32b4c
16,58460,24077,6341,b815e22bc1d57f523c298b6f30bdd26d
16,58461,24077,4555,f46cbcee7d2c8095cbe1c3896297f35f
16,58462,24076,4101,8aedafc7b3135b521d811d85bfa231f5
16,58463,24076,4115,f378f642a2e2410c08519508c0caf744
16,58462,24077,4018,add5d7c3927f91cb5cd6f84ce9b67239
16,58463,24077,4401,405054ac2f98365b6b3dbb5444283562
16,58460,24078,8806,16857edadd85f2737be4bab064fc48fa
16,58461,24078,4612,24daac0d7009a0ed20c8cb716a20a019
16,58460,24079,7928,c66569862b4207ce3228c4128ac40a23
16,58461,24079,8581,4a1c9027f4262f3a3012f4975a7b88fc
16,58462,24078,5338,88860e59c9343041ff715b0a50a3b261
16,58463,24078,4102,75f4898dfbc3baa9a64ed988b0fd5720
16,58462,24079,3333,c219b2062d267939be550ca84eda893b
16,58463,24079,8004,60406c3b98d7fd4d5b9821a064fc8b6a
16,58435,24081,2030,f8ee58c01f6e9b01ca07245a951ad7fb
16,58434,24082,3722,98e9c4d6e50eebdd956be91d66b211c0
16,58435,24082,3401,da6debdf404466f207ae6ca27a897f21
16,58435,24083,2793,552c109dbea1a342ea24f93352072607
16,58436,24080,3909,e83a0b37551dcc87e5efb54a9f7c161d
16,58437,24080,5629,705289b34d4ae6d65155137ba094313b
16,58436,24081,4276,c95e58d3d2e6d325abab029f5f191dfb
16,58437,24081,6737,496a6c891e29188a1675085dc93f0c23
16,58438,24080,2459,c9b4919663dd5039140f08a8869c3c3b
16,58439,24080,2891,1830deb00e170098e634cf2664b4b5f5
16,58438,24081,4290,75460a9606536c08c885d40852f23d8f
16,58439,24081,6215,077d381fbbe21feb9a70ad0ae3706035
16,58436,24082,2991,4c5e67d0ccc2770f0dd7e48293eb7599
16,58437,24082,4150,0331eaf1725f51349893135a92180ed7
16,58436,24083,2653,7aeab92805d96572bbad7a054cf57b05
16,58437,24083,3082,699c9143c4fe0e47c1a4f2ff9a88920a
16,58438,24082,2687,a0f98251a1cc39960e9d5f0cfdc385ec
16,58439,24082,2865,a8d96c6e5c8657708eb46279e5ab9c59
16,58438,24083,5956,a306c06b974325c47177769d7822428f
16,58439,24083,5309,6f04894aaecf7cc5edff7ea0781bad0f
16,58435,24084,2075,4acec7ccbb8ebbd583215b2fe3cb446b
16,58436,24084,1696,7d6f75ee5eb8f7fca73d5e111aade10f
16,58437,24084,2339,c34934897d78007b1aeb4f817a369a4b
16,58436,24085,2781,0f9def9fa39d9fadd47a1cdf2953502e
16,58437,24085,1867,66ac1ab514a8da667b7b5dbc173f130f
16,58438,24084,2067,06e46395dccffcab758cd420fe572a79
16,58439,24084,2947,3385b59713008b146c194eb2fa348c2b
16,58438,24085,1268,489bb8843bd3bc6b0e7e49001bb8cd1e
16,58439,24085,2016,78da77fb8e2cacd058ea0842168d0d5f
16,58436,24086,2188,4c0459a887c8e58db86dd78bd78449ed
16,58437,24086,3049,3fd6cba1ba5d23cbbc0159049bba8a03
16,58437,24087,3922,4d28ef946113a6c26da72c1b93ed4f76
16,58438,24086,1840,20fc6b688edde3e17c47c38b1c2d8017
16,58439,24086,2894,d431e6deeb5b17bc51fd9aaea699268e
16,58438,24087,2586,e78da5cb14e2c525dace073bd66e53a2
16,58439,24087,3151,34f9cf3880c23f0ac735d70a15d7dd39
16,58440,24080,3208,3d52f94c4b281697d45d7590cc8dcf2d
16,58441,24080,2989,58120955f98c64df2731df2bda850392
16,58440,24081,4748,af06295ae7d642bb2d20b43112424d41
16,58441,24081,3845,5065256c42c9ff0ea023dbbc5abb048a
16,58442,24080,3071,acf07e2c9d9d8086b8209ad62e544535
16,58443,24080,2859,1e0e73baf4968f1d1a00f3bce9c564c3
16,58442,24081,3904,75ae8fe8e2e8f13e1c5ddddb9f8bb503
16,58443,24081,3123,17174eb31d2a72da18d19c9255519bff
16,58440,24082,10285,5dc3d176c614f5ff417a53eea197474d
16,58441,24082,4905,bcb882647cf63275f988aa24d8c7db5d
16,58440,24083,6955,2fcf1ad1452995cf015c064382447791
16,58441,24083,6364,5ab8ddd344af08383eaea363d8d1ce6d
16,58442,24082,4379,fe919905ae96a002e4c12f3bf5dc4afc
16,58443,24082,3823,cc52e73f965eecd0e94955111dccc86e
16,58442,24083,6156,d9d1446d5ed326789111c93c517228e0
16,58443,24083,4765,e70fbc8019e04e511f03d0fc7ebe720e
16,58444,24080,3605,3cc31364327c4df2e21fcfe54fa508b7
16,58445,24080,5420,de4117b0214b66f3ffec53ecdfd470ce
16,58444,24081,3071,c1c94673c80a19d9656c1c96e3e7b43e
16,58445,24081,3009,94b2a22d3e4e498b0e2926e1ad83462f
16,58446,24080,5352,1d09d6809f7648a2c2641fa323661c22
16,58447,24080,4865,7d5dc3a2c2f4b81d7aeee3b4ebf28bf7
16,58446,24081,4296,6686ccd04932031e573f3d4cdf1a29cd
16,58447,24081,3585,ec82cdc0c3d322662a45ef870765bd8c
16,58444,24082,2364,b6c51beece0b4a14671dc0c3e2f6a633
16,58445,24082,2510,cb4ab2d1219fc3bb41f5cba896a44e83
16,58444,24083,3507,f443e9d1057b36473917a091af882ecf
16,58445,24083,3251,d4a483c89ec5d0f960ac6e72136ac7d7
16,58446,24082,2045,ce64cf8b2d125dafcdc891c561f27d3b
16,58447,24082,2933,56f7317371e2e57fa088bc77541a12f3
16,58446,24083,2859,f60062158a3463a000a40a2bfc9c83e8
16,58447,24083,4528,8b26a4bf8e79937b3826b1dc8c79c9bb
16,58440,24084,2406,4847aa7cbf8f7748edae5c63f986df1e
16,58441,24084,2835,f7b0ca5cdaab32885200529b9f06f64c
16,58440,24085,2617,6589508d189bcfa04ee18405c696975e
16,58441,24085,3052,df8bad27834dda3b67a08a5a729089b3
16,58442,24084,5899,01499878e1694f5379ace01c54677062
16,58443,24084,4551,941cca37e5a92e175c40e0542e1b6c27
16,58442,24085,5619,4f3506794c24f89d2415d40f42c57c68
16,58443,24085,10638,dbfb6b5ecd28a50b8f0b6e43ba73ee4f
16,58440,24086,3189,f85e3bfd0750dd111d89d0f51783ec89
16,58441,24086,3223,b51ba9814ed35857feb46f711a402be4
16,58440,24087,5952,ad8d4f5efb5263a362b71b96c0522a0d
16,58441,24087,3993,06bf02e0fa52cc4fb25aebf17b1c9988
16,58442,24086,3129,8488a0a9569dbc735d754429bce54c34
16,58443,24086,8023,51f689396cca903bc485cdc8863ad38f
16,58442,24087,4909,6cf7608b5c8031f67a55221f772ca997
16,58443,24087,3516,b95548eed08bc00bfd816e171b738999
16,58444,24084,3622,6ba16f280c3776055f2ae0fa7285d163
16,58445,24084,5358,22f879960f96a766e18349da6222594f
16,58444,24085,6839,8eb8b29a18faea86f845715a6052d35e
16,58445,24085,7754,dab6afbe170bc0c7807b85ffdcc62bcf
16,58446,24084,3787,e48ed9ebe74ed2c2c2594ee6edf9a3d4
16,58447,24084,6445,af0afbf9993f9e3a92f30b6fef42bd0c
16,58446,24085,7851,e9e938f65a2b2903285f348a675d8b3d
16,58447,24085,3380,8c789b03abcb9055436a543fd3d47f32
16,58444,24086,4839,8c5ca6f7df54b02c8ea8b1df3cf89295
16,58445,24086,3922,91cd20c80149dcb34bad9d634821421d
16,58444,24087,2988,3a5c35ff4c888ef488340d439fb832fb
16,58445,24087,3806,f0cc56889971dbafc6e18db3af85a11d
16,58446,24086,3335,3f74cf7fe8df74ff6c0b71afd043e788
16,58447,24086,2422,230f92dc8cd6b338d1acddc09fb4e294
16,58446,24087,3271,52777a33f4c373e89ce3403a37e0f2d6
16,58447,24087,2123,735fbf331d6bb60cc83a0e179d95c394
16,58437,24088,1981,24f2eac142e23845da840eb0ebb3768f
16,58438,24088,2742,beb8c98c0fd51e16b2bfc6b928ecc30b
16,58439,24088,3432,fe47999718b2f56ba66259e65f1b71e6
16,58438,24089,2401,c4cf9260106123523f433c8aaecc3aeb
16,58439,24089,2618,9c0e4a757e6ae4986dd28bab57600dfb
16,58440,24088,5613,5290f61675ac3b295713c0f9e13577c5
16,58441,24088,2955,43ae387e19230ab65f1bb9240f5273a8
16,58440,24089,6442,a7808aa1def84ab8bbd1493829ddf877
16,58441,24089,3170,a90c59f12bf326f2e96b02cfd2514955
16,58442,24088,5283,8bdf3f96522dcdd431bed5bd2b85e7c2
16,58443,24088,3223,c943476bd5827754046fb62386ed17ba
16,58442,24089,2805,90a7af6e5295ca1f1949fd69a6d50dd4
16,58443,24089,3042,c631fa7278fd6bf1ba2bb31dcf405017
16,58440,24090,2661,f93375b6e57d4bca4f3fc7b30a020f8d
16,58441,24090,3345,972389db01230b6e5af3c3782c3a1777
16,58442,24090,3764,65c1f4aa0c2ada26b19edefe227b7b74
16,58443,24090,3553,3a58c25fac78381ae12f23dc38783ae1
16,58442,24091,4269,7b934f1516e5bc3d9bf970777a07799e
16,58443,24091,4398,3e7a276fa57c4abd628b234165b0c911
16,58444,24088,2451,45fbd05729cec4933f69d22c2438040d
16,58445,24088,2422,202f79d09575d4700f40ba7dde807462
16,58444,24089,2559,07148ce7cbffdd5c4ea8ac978b2949ad
16,58445,24089,2878,8be1b9d64e2fe26c6c770b22a6076c75
16,58446,24088,2601,aa25ed735c5f9699144c4da23a5ab4e2
16,58447,24088,2380,286ed46ec3bf759970a5214448016fda
16,58446,24089,3112,7946254e66cc15c767188ec5c913d215
16,58447,24089,2778,8b0b9ac6e1b7f29b3603205a062d26da
16,58444,24090,2021,d6816acc6ce353f155af1ed9916e227f
16,58445,24090,2322,32ca0ab2bc079638134b749a6cd5c6d9
16,58444,24091,4712,f606825c6b484291b7924ca8eb2a9ec3
16,58445,24091,3234,3a03e83e567326aad3a16a66fa22960f
16,58446,24090,2421,f1213d412ec73204b841c700ab38f4d3
16,58447,24090,2742,f3ab8736bf2f89abf8fb53777d996652
16,58446,24091,5029,acc8e46a65d56a3a0dca686da63911b0
16,58447,24091,2353,77926bfdf06e199afcc49faf8e96e409
16,58444,24092,3489,939a2b9ca5294c0106392b0768efdd22
16,58445,24092,4268,9fdda10bbfc5c089384dc495df783def
16,58445,24093,1628,411265b0af97dccc6b9596eabbfe4652
16,58446,24092,4274,5d7aa0cd428c00a0729a686af46818f0
16,58447,24092,2341,751d66c4c597706c75a3c1a9ca22b693
16,58446,24093,5366,1c87d554c5daa79494b26748f4d90682
16,58447,24093,1827,24771facee38e7e7211995dfe06ec9d9
16,58445,24094,2205,b773dc2f7422bc3dd0f694edd2f92ddb
16,58445,24095,5070,53d7b2bc3fb228ef726f2748e3901e6d
16,58446,24094,4107,ba2f033801046d7b1caff1b0a2b8afc4
16,58447,24094,1738,f638421390e1dc6fb33675cfd4475477
16,58446,24095,2702,c65f588dd356cc533c0e981a1b6ff34a
16,58447,24095,2458,4fcc2f990467bf3c717f3859cf847b9b
16,58448,24080,5440,84c5698d09bd68e88c55d332e2c7f19d
16,58449,24080,5747,0d494f42f6ce83fd8a769324af96f5e7
16,58448,24081,4832,d899df5632b177f2994863b845ec0e1f
16,58449,24081,6538,535a7852c3ca26dbe59694fc5a58fc35
16,58450,24080,4634,c62daa35b62ca9ee66fa5d5a18acc0cc
16,58451,24080,5477,13af6df38af86139990afe3440aa80a2
16,58450,24081,5288,fc0016adb3d036fa3a5d4eb18cfcc213
16,58451,24081,5090,8005a471504d34d0f4ee2f587d5aa0db
16,58448,24082,4530,5513adb920e747d87779d7c2f257236b
16,58449,24082,5003,e852eee8f0f9f7c6c90bad9a05baf211
16,58448,24083,4518,500d0b2039221482c5c88882116118ff
16,58449,24083,4581,cf8754a313d7cd72c52da8916002e944
16,58450,24082,6768,81a364190adf030cecd38aec3292585c
16,58451,24082,6632,84562e2cf02c88d58817a2337c271e7b
16,58450,24083,7114,5d4a3262d0bf93d4c44fc42d0568d2c6
16,58451,24083,6205,e374699957fbe6ff0e6f2038c1e4d79e
16,58452,24080,3735,093133e7d6b2463cd6fa0d005bb768df
16,58453,24080,3529,6b26b166fef0f4a7734c56a2da3457a3
16,58452,24081,4724,dacaeb67c712860773379049254b4b58
16,58453,24081,3731,c98f6c89295bc57c6cefd2ef38dd092f
16,58454,24080,4347,14943c4a0771fbc0c4d337301d438251
16,58455,24080,4442,b6956d3c7958798efe2e00d9222155cc
16,58454,24081,5655,b49f71fd3005c4f120caf54f0165d9f3
16,58455,24081,4405,d267f24dfc8378861e90a87475145142
16,58452,24082,6221,5b695a64c390720c9486994900aed05d
16,58453,24082,6273,3d58611f391b86a6a3ec946474a53d39
16,58452,24083,5025,19e7f6865bec7be5fafc5da52c10f736
16,58453,24083,4546,1202ed27eecdc24f97a85446b1936805
16,58454,24082,6633,f09b1c5fa8b06206bd80647468683076
16,58455,24082,4695,2fdb0383c97cbc7e1fc601bf0692da68
16,58454,24083,4228,01a6f3494f4525c7d6026555655a544a
16,58455,24083,4471,f4ada29c63e88e5d31a0c0d9d2cd6458
16,58448,24084,7558,b8286010b6824fef062a13f714c0e131
16,58449,24084,9270,8723fc2d066acb71e0c8817df9b3154b
16,58448,24085,4075,4d3f199448e366018bc30dc873d5b127
16,58449,24085,3821,5518f3f67405e700b016ea979315edf9
16,58450,24084,5200,f301378ab11f95100f119595ba7a903c
16,58451,24084,2897,61df6b5709847ae491a4a0ee543a5de3
16,58450,24085,1748,277f53fa4e0718fac314111fe2bf2ee2
16,58451,24085,2293,572b6c7ac4b8b40fc3432821dbbbe938
16,58448,24086,2496,b7a56fb19a65bb0eeb458c9d9e231b7b
16,58449,24086,4507,eeac570909753599542a9c5d73a95cbb
16,58448,24087,3799,15915f00722048119a2c841c5203d750
16,58449,24087,3816,afed2d499a22b966d087469562f4c7fb
16,58450,24086,2037,52e659e20eb68423a2903ecd10dae3a9
16,58451,24086,2644,d2f88d721ad78dd51b51eb64c5bb132b
16,58450,24087,4686,ee066dbd7175052cff7b820ed26e3cb6
16,58451,24087,4092,d02a5c7e20324a283b4fec948d359c44
16,58452,24084,2857,640b408a88124c445f5a3df3893f1166
16,58453,24084,2196,658a5b8bada55b50277cee1b133b65f7
16,58452,24085,3304,6da901bfddba3dd9933bf7209ef00dfc
16,58453,24085,2109,1b1208b00ab2120bf25df717c203443f
16,58454,24084,2445,5364a85d7d8345955da8b407af701846
16,58455,24084,1927,5b48059d21528311e6c61d630b3bb27e
16,58454,24085,2688,1dcc9a9ee7f6a46a5b96cc796385ae70
16,58455,24085,3258,3629a3347aaba2e61a13b2a6dccf0a67
16,58452,24086,3063,dc2caa637f91f7c3952dfc47d0d7d647
16,58453,24086,2344,61d0aac8262780c55290e0d91402eaba
16,58452,24087,3022,157642afe4bd3c9edd4652b814f53eae
16,58453,24087,2802,9e70da6b9999b2db2388b51a392aa66c
16,58454,24086,2804,29c4d26abb3de9b98b2a510668e1eb9b
16,58455,24086,4977,d8454aaf6c5ef1d803509f7994d901e1
16,58454,24087,2729,ab25d432fcfb2962cba231e224be564c
16,58455,24087,3274,fe5bfcffb68768e9b84c75958aa9d38e
16,58456,24080,6018,e6c2ed3a6c40b58525c74e5bbd00a456
16,58457,24080,5085,ddb8fa00506c5717bd8bd828790fc402
16,58456,24081,6987,eb6749302a0973dad29372b0d83be03b
16,58457,24081,5522,4fda75988f1dbc789d9dea2b6e3fce29
16,58458,24080,4551,59b9bf0f42dd0eb0ae05b928058177c7
16,58459,24080,4194,b5acb85fa3d97500a5a69e6928425216
16,58458,24081,5141,9195ca001da106dcf08f2e9cec4ed412
16,58459,24081,4575,3d09c702d904c9c1985c4b5a6f8401d6
16,58456,24082,6159,f7fcd6ba33c0b3d8209855d6b994b88f
16,58457,24082,5331,c479bd5751f684a213fff8530e924231
16,58456,24083,5283,caef1428f91ec6cfc212f08e3d2985a8
16,58457,24083,7187,5142423b02954a1caa8ff74f1765746e
16,58458,24082,4588,b79ad0a6c13f3ee7a49f59bc32778e74
16,58459,24082,4733,1585b59cd923a3244ca0d12be5d743c7
16,58458,24083,5718,139c675d4c239a99c19234252800a1ee
16,58459,24083,5845,a47494f0dc33987526808c87cddd1011
16,58460,24080,9261,f89c8bbea83704b51b01c46ee8302253
16,58461,24080,3685,51dac10e9bb00c5a7c59eb7ae4401594
16,58460,24081,5085,1ad3070b6fa5a6e976af4f0b2b71be8a
16,58461,24081,4872,6ce1427755c423760ca460bf38cb3fd4
16,58462,24080,2101,7d6863f83d21cd3ffd680134177e4209
16,58463,24080,5679,7d0bae512b2b98ee6a74831bd5c3c96b
16,58462,24081,5646,9450e2d609878622f3048af29a6f17d9
16,58463,24081,1974,17413f5f468eb580ca30c2078e475e2f
16,58460,24082,5384,b12806e71228104d7755f84d1434fd34
16,58461,24082,3997,3179d1af552e3faac12b83fe7ac9c8a3
16,58460,24083,5513,d1fe70284c2ff663e8b2bd2ee554dd87
16,58461,24083,4294,fdb5a25c2aeab20272831705bf6d4ef6
16,58462,24082,4967,08efae70a588b6b54dca0d23b44d7bcd
16,58463,24082,3008,983aa62187e777d7d27802808a5fc0d2
16,58462,24083,6109,559996d0c5127d8b30ca9d1deef25fdd
16,58463,24083,7600,0c4a2184effa78820a329aeb07dffb89
16,58456,24084,3132,bbeb5b29ee805d6926298d9719077bf7
16,58457,24084,6179,bd1fb21f5aa223c2d7d0408850d3b7f1
16,58456,24085,6632,74d627a546cc717a40461a6131fcca56
16,58457,24085,13170,fa5ea26595763b60a3a7fbf8c8f2b057
16,58458,24084,6741,08e423df87f68a61ec1fa83929ea1e17
16,58459,24084,6519,c50ab5cb9a14a70a3ffb8c5d512c4112
16,58458,24085,6524,b2d24f8be3d3a38d232bbc2267bca965
16,58459,24085,6560,2510e56c33409554a6ee3b63960e0788
16,58456,24086,6545,0a3c0f7a7f7f53447a5244e696c5cc35
16,58457,24086,6382,7b57feddf93eedbc8434d30ea23f6903
16,58456,24087,6486,54e3b1c650bfb79a962546c0d8fd0ddb
16,58457,24087,3584,e7fd9f38b681d6ff29c7dc5434961300
16,58458,24086,5743,47f1acccbeb1367c533eedd361f5371c
16,58459,24086,6024,eb9a82e75bf5544498ae825f6ab417c5
16,58458,24087,5006,39f3201de8b9e6289b1a5dd3f9f44c9c
16,58459,24087,3365,4ad95e11307ec616d2070fb8262bb0e2
16,58460,24084,4644,9fa49b63c6eade001a48e5e61c556d87
16,58461,24084,4646,a0bc33bbe43987486e0b36a399de0813
16,58460,24085,7180,8c55704ea1dfe48a260b2c55c7b8ee1a
16,58461,24085,4550,204de63f28464426bf8189623d06bd43
16,58462,24084,5357,4410c505562f2992740cd6e7adc4f721
16,58463,24084,5791,41614b4fc69e7648fabb2fd40dc14b8a
16,58462,24085,6333,7a107a8255b485e091703553af324680
16,58463,24085,6054,329cb8da7e144ac7c79f742f17743835
16,58460,24086,6233,eb3a89a30487df9c74bc4790f4f0734f
16,58461,24086,7496,d53bddaa344a1d312cd8bd8a979d5c93
16,58460,24087,4595,634b0af0ad816d115d0d4f5fffc473ca
16,58461,24087,4610,6125eebe8b1166ee31cbf4460f061766
16,58462,24086,6510,b2e5ae0a4b99c36e3d4fe4617be22e12
16,58463,24086,4112,211ec33857380bbbdcedc7732b2ceacc
16,58462,24087,7654,8fe63c3404701ae502a24a5f30dc63b9
16,58463,24087,10772,a2cc4e9738f6fe971db89b97e9d22fe3
16,58448,24088,3584,ebc4771ddded79c834679da974756bb1
16,58449,24088,3622,0e0f5b8444e905ee270ee2cc57cd4315
16,58448,24089,3085,fd5c101f80e5389c2bd93ccb2e1c4f66
16,58449,24089,3760,6d97f56427b741512f77dcf1b1d5c9d7
16,58450,24088,4702,3b73ac5416765a87cd7ea45abec6325e
16,58451,24088,5950,3687c92f5f8f387d43ec08d282a04c35
16,58450,24089,3045,30e7495dc84ab1898095ee5a9a2c221c
16,58451,24089,3683,ab487d65e3720da236463e00229af716
16,58448,24090,2709,f63b29e424a2df814bd4f7b268817985
16,58449,24090,1994,0f4157a1175ccf58f693847292b2a55c
16,58448,24091,2687,c8aaff51dd5792c9487b978e3b3e0653
16,58449,24091,2797,2048fa6e56588dc052fdae72c77b39b4
16,58450,24090,2388,df959134e06eaac39f7a50578f539a51
16,58451,24090,2708,c90093d7a2744f5914c3b44575978646
16,58450,24091,2624,27d4bc8e76fafcb4541d52d152bd7e97
16,58451,24091,2787,a552371d10fb9665d711f8d217c13c67
16,58452,24088,2840,79c0ed6ae838e23bc96525f8cd162801
16,58453,24088,2062,e46109c06b9bf25d31f2ccb5aedfd582
16,58452,24089,2788,67636830545f7583220e9753e4877d32
16,58453,24089,2620,492979ca4a4f506d66cfaa7011d0611c
16,58454,24088,2448,2aae91ea2c6fcab0a78d522618363598
16,58455,24088,4812,4546fc09e9e36995be10a520b5f430c2
16,58454,24089,4334,c8b0ea5a714b5e39d3e05befef68f393
16,58455,24089,5084,3b93f8f584e75ce633b4ba4c9b3b4aef
16,58452,24090,3387,971f868c9d21708c77b6798835cd223d
16,58453,24090,2237,524c4404398ee85ed7121d7b89ba2fad
16,58452,24091,3664,b486efe3932840451ec400be60b43ed0
16,58453,24091,3701,30539d78c9f6f1f368e941498fe8ef39
16,58454,24090,3351,db1e1a21d91df7079c70e4188013d842
16,58455,24090,3969,5599f1f9f507e113dd986245c555a4e7
16,58454,24091,5848,3ed3deb640bcc4bbec8ed5186bca716c
16,58455,24091,5356,56af0e8e96296946a9af27626a92d36a
16,58448,24092,2434,a19141857f1cef84ec32945d9d9952b1
16,58449,24092,2282,c384157936a0c09f0184156454b39e42
16,58448,24093,2177,06b4af57f978054322c3648aa1d4848f
16,58449,24093,1930,404bd2d6c805c65e361bbb413a7f63ac
16,58450,24092,1951,311b5b8ee78a33246c5aef672cc7e914
16,58451,24092,2706,aea10dcd54a30d6925560ac16eba4b4d
16,58450,24093,1460,e0831a92c8b5a008a19d368d45f269b6
16,58451,24093,2759,fc9b96ad3295108e3ac2fc7f6bde5599
16,58448,24094,2364,66df80ff5081ba36ee605452bef24ed2
16,58449,24094,2240,7006a81a6d8fecb49b941f49047ff39c
16,58448,24095,2965,b020c83c36c4abc5f300a7d495cafcd6
16,58449,24095,2698,930ca01f1f31e4d83d50f2c12fc7761d
16,58450,24094,2432,df04a7e41743e81fe9753f048b05085e
16,58451,24094,2500,6ada39a8e1523b1115ba9113ac06a3df
16,58450,24095,3763,c95384237010e8adf1ac8b3707bbe420
16,58451,24095,2737,76f587b82a81a9a347af8a075c023c01
16,58452,24092,2946,a7c3256344b353e1febeac1703b8cab8
16,58453,24092,2378,309113d582e789e86d84e64921bc71e1
16,58452,24093,2888,5fdeee4408a3cfe75b42317e1f1b2443
16,58453,24093,2648,b31d5963908f184ca7a93a2b58f93dc8
16,58454,24092,3131,8324944db82cce80ef1b5383592091d9
16,58455,24092,3482,43850ff12159fc745a584f48e2fc7936
16,58454,24093,4592,d6e09c9b9b9b9b0aeefab44c371f7d2d
16,58455,24093,4865,f5e42e28497f074ae94ef91afccd642d
16,58452,24094,2924,68016881822a66aad1333094edbb857f
16,58453,24094,3570,a80da5eff7cc3ab17478957d77cfc3b9
16,58452,24095,3678,8c499003a29d03758be4893db27211a1
16,58453,24095,3074,15d1cef893cdd01f849f4e765d3b68aa
16,58454,24094,6562,792f1b2d57f1d95b12d1b1f012ddcb5e
16,58455,24094,4905,17c895bb4812004b1ca4f370ce9135ab
16,58454,24095,3280,5b78a0a66ad6044d9e6247a6d5a99b43
16,58455,24095,3563,ea9ca9f1f54e8907068935e6daf8db1a
16,58456,24088,5743,d9d73703fe51f8f8632f5bed9179b92c
16,58457,24088,3389,a32aa95799cc149a330379e5a2cc1fb6
16,58456,24089,4713,eaa0ee4f4bc0c610ecef0f3460cf9179
16,58457,24089,2932,9a37054a51367da8d4f087d12eeedb7b
16,58458,24088,2926,2d1acb5481c97b898dbde1276069dc51
16,58459,24088,2770,4db62409c1957e30a2c01582292e567e
16,58458,24089,1603,6f0d1ca94b90b1197012faa903555d03
16,58459,24089,3565,ddb462f32475ccb361da2b0aa523ca5d
16,58456,24090,2998,fd0fe7fa200033f7f9335d672e6148ed
16,58457,24090,2422,8702fb35ff21efedda2c2ca5bcd4e730
16,58456,24091,3611,9c1f24a804ff861affb0990ca83f50df
16,58457,24091,2793,941aa52fdfb0dda3e6404459689a7c92
16,58458,24090,1964,2d1de18b2e6852c11c55919ca16f9afc
16,58459,24090,3775,eadefddfe2046f5262dda2f535833443
16,58458,24091,2967,0ef79ec3558fd9312a5520358ed2facd
16,58459,24091,4260,782a70f8532dad08e365d2cc048e9f3c
16,58460,24088,5681,c36cd471054bbcc2baef09ce4dc26a20
16,58461,24088,4124,2fa1a7449c1e59537a5b43a8d0e14308
16,58460,24089,4358,56118c75039492b35cc4c524b5222521
16,58461,24089,4198,067285be38c5b3b62e56cfe4bcfa0ccf
16,58462,24088,3259,019b7f94b0d983e760587679e0a6beb8
16,58463,24088,5215,ea8d3d89cc904ce3faf1d8d78aadb6f4
16,58462,24089,4700,a093eb8c2c63d4fabc9397b7b98812be
16,58463,24089,4569,9a4658876d56ea5b5439f2e1979ee300
16,58460,24090,3811,383393728d17540cb2caeddc5de40f39
16,58461,24090,3383,40308d6d848fe229fecd3291e1f54cba
16,58460,24091,4290,3c8ef9e855af233499496f05fd01aa37
16,58461,24091,3820,72dcf21dc5d3879d87ca6e53e58a5fa9
16,58462,24090,4704,0d799c9075184a92b3904ecc9804b8eb
16,58463,24090,4691,bb10337ead2d6006cd7648f0970a248c
16,58462,24091,4674,51951755efb2534ce85dbb7a488c0f58
16,58463,24091,4982,7ebc20de524ccd5b1d0a34f08a4af411
16,58456,24092,3596,98f204e653b59c76cc4174ec12bf236f
16,58457,24092,2869,667592d1788417d490f64c99c3916efb
16,58456,24093,5979,853cfb6b5d792027557f7f0470ecfb0e
16,58457,24093,5783,8c9fe5397b7dff4b364d3cdcab47035d
16,58458,24092,2122,aa982f03ff2848867527b0aef72dff2c
16,58459,24092,3337,cc136a0eb2066451170c5f765473d3c5
16,58458,24093,2415,a4f22781dfa6e2991ae6b4a687e9d79b
16,58459,24093,4060,2b09f295abd4e568354aad7263eaf18a
16,58456,24094,4607,182ede29e98941840b101778f9224b5c
16,58457,24094,4015,4b595686085d1195bdab36155951b30e
16,58456,24095,4271,6e43ca6a43349d979f4aadae1b5ab044
16,58457,24095,5149,4afd408b5dfac421aa91d1dafce1d71d
16,58458,24094,3583,1197d975cfd1b88f202e7d4c7ad4880d
16,58459,24094,4184,569edee0230cb1ddb00158e1181e2d94
16,58458,24095,7369,19105a95f9d7d6a61032b27e1ecfa426
16,58459,24095,7605,c691fb8ec8c8bcc241931d71ce964060
16,58460,24092,3476,3f45a39e722ea6371df4fa5d406979b7
16,58461,24092,4027,a9cd0246a2a74f9f8464a2400da3bb0c
16,58460,24093,4692,39364bc11b81a1fd5be7cb041a279e77
16,58461,24093,5933,2c9956b422fa216755ee582dfd5c61d9
16,58462,24092,4977,dc43cea20ecce8c39422c6e21a158322
16,58463,24092,9280,eda72e56dde77198f2fff5cd58292ecc
16,58462,24093,10451,25e44db7b50875f1a64e80876cfa31dc
16,58463,24093,10987,c58d4a426efeb363579f32fd118393be
16,58460,24094,6274,a8ecb0cf1da3d39f40379868df603981
16,58461,24094,6657,2f45d2793bb37d65de0f6fe90b9fe746
16,58460,24095,5645,6f2090fcbd310c09f5813363ec01911d
16,58461,24095,3647,4112be043ff635860203e42497c11025
16,58462,24094,4670,00b9872892ecf9fdbf6d62c728630cfa
16,58463,24094,4233,154d6d3b918edf15a5ee2a581ddd4caa
16,58462,24095,3594,6d0d9988ae17cf8e9e06273b8b88d32e
16,58463,24095,7155,00c2a672c768fc54cc87d13056641242
16,58464,24064,2082,07e702e769e500d44e367854f4b32610
16,58465,24064,2477,aaac5f768216c023fe0e3aa041182b22
16,58464,24065,2427,56155c504ddb2b5214cc4347cfb14746
16,58465,24065,1702,298903bbb904f999912a9aad8353dc3f
16,58466,24064,3191,3eb6d31e872e98c86fda2fe6cc7d3011
16,58467,24064,2294,3566473ca3f21dcb25d843ccade1848e
16,58466,24065,2851,e4a036d1d59cb167440c0ce034d63804
16,58467,24065,3081,c22c3894db817b851805ba834482e9f9
16,58464,24066,2699,cfb4c13aa67950600c4fa9352ccf4988
16,58465,24066,2175,e9ab2fd9d93220077cec8e95c61a718d
16,58464,24067,1914,70a3dd832bb53bb3807c32a25b0c4f33
16,58465,24067,2309,4fac1997b71e9f0c4870bdd1205d14dd
16,58466,24066,2713,2a2a595008531ac28c805b9192cba846
16,58467,24066,3942,95bb3f54f04e4ee2022cc9c7dff6cf16
16,58466,24067,1928,09d1c7c8d1e00381722565a735fad74b
16,58467,24067,1932,bf294e4fab488e48137c9111b4355216
16,58468,24064,3819,c34649697212fac6690ba3cef1dccec0
16,58469,24064,4037,0530f98fe9a91e376ec41ccf9f493d86
16,58468,24065,3594,809727e98aa202e9d3d9af838ae96bc3
16,58469,24065,4334,03c641d0f832309f4bbb4792958fabbd
16,58470,24064,3021,784c2e3806948596e06f2c275dc1362b
16,58471,24064,3513,86c8f1fb89668e76670e28f46076ba31
16,58470,24065,4916,8e8a1ac03fedc2f69b4092e37f751bd6
16,58471,24065,6614,6b157f72bdce19158fd545826e4e3dae
16,58468,24066,4327,741d03be9a93a60debebf24cc2c7d734
16,58469,24066,5280,e91637e8b0e6ee672f720644b5e3df94
16,58468,24067,5453,5afbeb7f24064eb8df34974e506b7f73
16,58469,24067,4279,6dd282e36999fcc3fef9582115ef8f3d
16,58470,24066,3945,13fba4e766a2ef4caf50357c22d6e64c
16,58471,24066,5095,08796acfc627e00e7872b36260390796
16,58470,24067,3924,427f17c876c77153caec7de8ac4751dc
16,58471,24067,3291,799400e25323d7a89d3f3d0653a19874
16,58464,24068,3063,e7d15ac286fe34219e18f9360bae021c
16,58465,24068,3352,b37994ab20ac3a9d9fa7b60ffb4474a1
16,58464,24069,3488,bfe1a7420b0a5344d31a9b0e36d6af2c
16,58465,24069,3436,578c6a9eddd9eafc5641aa55dfd0cd97
16,58466,24068,3641,1b45b4433dedf8592a85edc794c9b7d1
16,58467,24068,3053,9200519d410352912a0fc22dd59ce974
16,58466,24069,4468,54f86d7f8b691c23249fafb9cab99a7a
16,58467,24069,3604,882a2922433816086f1c6b615678bb14
16,58464,24070,3272,8daf9d846158409f3df9db23fc7bbb45
16,58465,24070,4310,06a36ccb290617c15e2d7dc49827801e
16,58464,24071,3774,936ea766dfed4bde4ffce6040dc555f4
16,58465,24071,5960,9cb949cb70ba6302c23018115d6854cc
16,58466,24070,4160,207af138bfb750cd33773c4a9ee6a173
16,58467,24070,4174,182be02eb8ad5ec9eaa29081517a7094
16,58466,24071,3292,a1da6c1c64aca89f128199545001a4d1
16,58467,24071,4067,1d086fb63b7c2772ae7fc022ebc7d476
16,58468,24068,3085,b9f33df07f7a2aea0c239b25076a9029
16,58469,24068,3870,0a66444640e3d906f7fc2a895f104f6f
16,58468,24069,2906,b597b8896837323044dac51c3a8799ff
16,58469,24069,3229,529e4abc76bcb9c2258243735b289413
16,58470,24068,3059,83e87a49c24eb18bb8a307936cb69600
16,58471,24068,2880,4d1c3841fcafb75fea2cf0db32f55800
16,58470,24069,3115,7c7a8526b6a1329ec13935130a2057e9
16,58471,24069,4493,07bbe11d51385c74d3d377bc38650eb6
16,58468,24070,3503,70af8e1ae9070bb0e107a17746b8bc00
16,58469,24070,3702,ec793625de5851bafefaa11a5d728dd9
16,58468,24071,3531,27c154dd13d92708a3db27fbaa86834b
16,58469,24071,3316,db4389fa057478115aecb3f276c21a65
16,58470,24070,3138,b38eab90314922ca7676bc1f55f0738a
16,58471,24070,3936,9a56e06d02fc9c41abcf07f34dec52c0
16,58470,24071,3143,ca29252a7b1619c3d64a2138966df7ff
16,58471,24071,4136,efbf6384af67fd9f73a8cc9e745aad46
16,58472,24064,5598,eb08e645ff260496b1a732fd623be332
16,58473,24064,6585,0abb7d581c68ff8a9d497a2d0fa9a295
16,58472,24065,4660,1fd5ccf1fe23fbb3ccf1e9073d7fd561
16,58473,24065,3892,b7995d0ed4077801666baecf4717c74f
16,58474,24064,5152,ed67e71cafd55ee4d56fad76ab1c674d
16,58475,24064,5088,4ba0089786d1ec498eb33d7d4dea767b
16,58474,24065,3636,876f166f8d8e5fcf2446c22551654e94
16,58475,24065,4614,f94a687a26d090e1309eb5ff05018d0d
16,58472,24066,5697,df5205dc3c8780538137cf4531fa8ce0
16,58473,24066,5839,dfda9b7eff8541737095d81ea04ed60c
16,58472,24067,5236,0ea51da0eb826a554da3f4b695691c9a
16,58473,24067,5140,4302666033f123cb169f1d8204c0051a
16,58474,24066,6026,3d3cf419006745d1c4a23d3e461ef771
16,58475,24066,6283,3fd55f1a5cba4431ea325c879c319021
16,58474,24067,6052,ba849d459049f4d914ce94080c5be646
16,58475,24067,4710,d61a16d536ab30d1f8d54585e57c08f9
16,58476,24064,4875,bb2833f5b66d139a1ae6c10178a38954
16,58477,24064,4276,55c41934f8a15806bd127b767ebb507d
16,58476,24065,3740,d878539c04c52aaf030d31171139fced
16,58477,24065,4416,a16280ddd565767cdf1f422be2ef3db1
16,58478,24064,4713,665ae5c058d04a7d21eda2a0fbdbb6dc
16,58479,24064,4600,159b1a360c15a3447a3a31f531e82291
16,58478,24065,4362,bbd8d0ef0d7a8885db78e713ef093f38
16,58479,24065,3669,5649c451e3287df3a7326ca5941919aa
16,58476,24066,7553,fdeab1813d4c42fcee19aebb63fd8bb9
16,58477,24066,7409,469bef4efa417e31c25052e53eca44cc
16,58476,24067,6877,3ea1864fc34d8e894fd2655c35ff186a
16,58477,24067,11995,e0f8f68e911b6484b67ef5aef90c0ff6
16,58478,24066,4016,40ee69d76d8935b2e679f75dce1ecbeb
16,58479,24066,8576,d28bf5899cec84aead4710c585f0740a
16,58478,24067,12453,e457e945a528f5277ba907a7c48ba346
16,58479,24067,14293,ce9f12d4eb3aa62217e4768e87aced9a
16,58472,24068,4472,a781966eafa377fff9f7394f6cc79306
16,58473,24068,4820,124a060145de592280b08d98b5c4e391
16,58472,24069,4746,a19280ac1e18e2b0be7995a738bc5908
16,58473,24069,4985,9c8fb842300834162b8754af3dddc303
16,58474,24068,4802,a1785cc788fe7bb9a2ce8921e642d02a
16,58475,24068,3691,7d6f5e7f8d2fb0807a9e95f45ad9cc43
16,58474,24069,5446,05b13931185b8ae98bf0325adea0fe90
16,58475,24069,5626,81a37015b8cacb29d7a8f0d53ebec4db
16,58472,24070,5486,149cfbd29e48b48a81c1609b5d5d2172
16,58473,24070,5090,14f5622aec3fdde54afe037be17c2453
16,58472,24071,5577,5fb5297476df9df6c991708492e5b506
16,58473,24071,5931,e9281a6be7d3bb8c2e4f7bb0707dc62e
16,58474,24070,7963,6eeb1a8e024ab9e94097211a2a58bd73
16,58475,24070,5764,86fc8df57023f582d28f956f78fd5773
16,58474,24071,6921,594241c2096e7f15800fc6123effe52d
16,58475,24071,5222,6bf28b20791fa81516ce3cf7c068c76e
16,58476,24068,6746,f4cb97618d94c403b7e379f14adf383b
16,58477,24068,12084,ccb017c0a9b54d32d08716466a7fe95c
16,58476,24069,3727,5669f167e315a0b2b1385dda72aa3291
16,58477,24069,5188,1ec440e766eb26138ef1542a3303b282
16,58478,24068,15357,700003d3e90fce701e3ba8a685adbec7
16,58479,24068,7229,db3c2a5d80bf281dfaf64eb98d9d958c
16,58478,24069,6415,421d77f2f35a8591bd22a512a4bedd7d
16,58479,24069,8567,b0422bc8ef6d5bac8eb0ff8506fd8463
16,58476,24070,5071,8008445903b8e20f8c8a5d73dba8fa99
16,58477,24070,5667,896c8882c72257be5f51ca8702c969d5
16,58476,24071,4627,78ba1f2ddd518e236137ebdc30b7331b
16,58477,24071,3953,3ac3615b5904a6b5c5509ebca4e5672a
16,58478,24070,5893,ff0da1c63d09c5d839fee6b90cee2c26
16,58479,24070,6257,6e369d5d985c63f22390055ebd76d7b5
16,58478,24071,3986,391e8f070d08f909f89b0098bb2b556f
16,58479,24071,4554,65829ac25e91209ee09b16b962a31189
16,58464,24072,12432,4ea5b787a5b5eeaf0e3e7df591a27aea
16,58465,24072,9545,597c9276b9b1f268641506261de5313d
16,58464,24073,4685,b4ef31a04d42e9c6b7073929d1216f1c
16,58465,24073,4121,df95b82785717e1bf1741632a9348f7f
16,58466,24072,4623,78f1e720e0bddee39bd8bc23340eda5f
16,58467,24072,4739,a774289e6a483e720175f01db8668d1d
16,58466,24073,5050,1ba1638cef9ccb2759b90a98a0548627
16,58467,24073,4206,288da1123076118a8d61a11288de03c6
16,58464,24074,4197,a05fc9acf38d2ae83a39c110e3508740
16,58465,24074,5690,0df83035b7818ce545c7ed3b1d4ae6dc
16,58464,24075,3803,8b212242127be9e6a1d03136d1d55bcd
16,58465,24075,4561,d76bb3ffd13ff3d9c0c1651f5316acce
16,58466,24074,4504,303c67157d692bb42c807cb7541fd410
16,58467,24074,3861,fc03cc45a4fc3ede42a02a698f99f745
16,58466,24075,4798,fd55aea6e07207f320f8abd9347469b6
16,58467,24075,4088,3ced45306c3a75864b64cd241336515f
16,58468,24072,4233,d2405df727aa707eeaf3ea1225a929f2
16,58469,24072,3926,484d75cc29e81669bc0789f52f094917
16,58468,24073,4431,11a6663e45e453614f603a1adab5dc27
16,58469,24073,4173,6e7043b09eccb75f4cbe908464891504
16,58470,24072,4932,a200217860158e3b860c084b8fe92cec
16,58471,24072,4707,bf5c3074c457c8cee3803e7a37bdf133
16,58470,24073,4040,e7485c69de6713c580e27e5fb0cbf096
16,58471,24073,4420,4a788791970401a03500664822896c0f
16,58468,24074,4506,8fd7029af3508234b14c055707baaf03
16,58469,24074,4566,c0411f05c8b8f5d6b2f46794b1c8aa85
16,58468,24075,4453,f10be600026dd719e976dafbf228ec08
16,58469,24075,3637,56a38c85003dbb0d85c68216c9924e49
16,58470,24074,4362,b4b2bdd709377e5ed1130a30f3059b61
16,58471,24074,4603,2aca19fd39315b541cc5a2ce88c83419
16,58470,24075,3036,8ca893726137a50cdc4e8238b7e6f6c0
16,58471,24075,3351,8994b128c939233b9ed2a47db09f79f3
16,58464,24076,4253,35dfcfb469506761c6c1b2e89725dc6b
16,58465,24076,4835,fd0a8929252b41ec75bca45453dddc7c
16,58464,24077,4498,9c4f8a35b0b9ce4038c04c6aa997d0a3
16,58465,24077,4829,72d2131edf325a80fef89f5d31dd681b
16,58466,24076,5660,f6792f26cd1bd813db915abb448cff07
16,58467,24076,5174,f1fb7e4dd6d7b0a4407e9418c3182522
16,58466,24077,7542,8dfd74b51feaa38a82a20f95d188e206
16,58467,24077,7859,7a6fd2b0a9b92028e158c06908f34f88
16,58464,24078,4025,7977a8273f5a555590f302956129e8ed
16,58465,24078,4501,e9781a98860d2d584d9dcf228ebcb7cb
16,58464,24079,6316,367a774fb38744c0bd22a91cb4b27b76
16,58465,24079,7082,3362e268501fc194cfd42228adee29a6
16,58466,24078,5111,5ceecd4d289322f1b311096c40ab86ad
16,58467,24078,4630,799016d6e3c102400b9998bf53ef8b9d
16,58466,24079,4915,9aa1fe37aa11f4b3f2a2f3106f70917b
16,58467,24079,5514,9f4c29c804a96ad642b934b5c5e7d8f3
16,58468,24076,5684,23db3ab9441c43d0bae743560b5994cf
16,58469,24076,3207,c070259fff14d9b25d5ee1bf0ee5827a
16,58468,24077,5063,10cbdf478456bbedfb0b9085eefdd28a
16,58469,24077,4609,0d48c24c0a0235d04d8ae7a325e2918a
16,58470,24076,2841,5742a53549ff3c78400accd03c1fe07e
16,58471,24076,3865,22044c50d69102014c7f803a5f693efb
16,58470,24077,3895,81216814ff55c2f0188e488958c1ee76
16,58471,24077,4073,76954313cf3d934075834725656620e0
16,58468,24078,6651,5fa16f182a775b01a7a926a4967a6243
16,58469,24078,10823,a649f8f7cc47e0b5f9b4fa0dae9e724d
16,58468,24079,6009,70d1e053bb555727c93b9a6377dda944
16,58469,24079,4236,6de03ca9046654a3bf6081c2a7811e96
16,58470,24078,4934,4b9faeb8c704dfedff7ca751fbc84c84
16,58471,24078,5510,edd7b96210ef001371a73911d35cae0a
16,58470,24079,4114,39695d06d277a0709edeb5b74d5eb9ef
16,58471,24079,8041,07f23f29d3151a8d18019b6b26af5967
16,58472,24072,5342,d89674542c4dc8b5a83533edf4814818
16,58473,24072,4673,b241e133ff2715aac479f8f7a29de044
16,58472,24073,4630,c7dd1ebc442b17efe70346127070fc89
16,58473,24073,4380,5c66d6f632828bec21825e04f25e26f0
16,58474,24072,5572,d0a9fe19a30ddeb397db25022faa5de6
16,58475,24072,5384,7124021fe45d3e8975aa6dc5ffa4f644
16,58474,24073,5679,3be38e9dc0a2bce84ebe11d9ec327b04
16,58475,24073,4829,2ec143aef4aa8ec88cff08185c614581
16,58472,24074,4009,36d22b70c3cb57cc066b4c776601f122
16,58473,24074,3293,2f03547e34ee8cee263e390da31487f4
16,58472,24075,3875,4266da4da18a2e33a9084b06e4b23875
16,58473,24075,3440,426e64608867849be351ebe4ae67767b
16,58474,24074,4161,e26b00145a6312bd07c79c28a4356dd4
16,58475,24074,4640,8c23b6675584014cb2afed9858fb5131
16,58474,24075,4154,b83307fe203e38353cc4ea72dd5136f5
16,58475,24075,5850,69de2ce7c8637e83526564a94b43049e
16,58476,24072,5001,73170dd00a669649bed9bb39a02c4c64
16,58477,24072,4980,716c852bae9028ec6469b540577beffa
16,58476,24073,4060,918d4d706875b6209498126f77833de0
16,58477,24073,4370,f379e9843dc017a0bb2f3eebcabd5b40
16,58478,24072,4454,d45f376c0589b93cd51e96447c71caa3
16,58479,24072,4186,1a8ca05a2506e9e29537ae73fd9e60ac
16,58478,24073,4652,e4bfc32ad6f9157283bdebd67484663b
16,58479,24073,3630,2bbd8274c6fc9549ebec202ba11ffda9
16,58476,24074,5666,80d6d434b0d4a16a2cc22f6572f06e0c
16,58477,24074,6003,206ba419ec23b1829222ed53dc2f07d1
16,58476,24075,5093,a8c1f23bc79b0e30059da002131a2d6b
16,58477,24075,4901,57d53465247575873632dbc5286d3ba2
16,58478,24074,6137,41f1f2dfe388a12ead845bf0f3fd65e7
16,58479,24074,5753,1f62a5d7adc2c5b82c9a4a753ce62fda
16,58478,24075,5425,242b83fe632b1d45ac6127ff668c73ea
16,58479,24075,6427,ce83388d7f86eb105febef5d131ad6f3
16,58472,24076,3874,8434522d15398e7ff7192a1414ee83e9
16,58473,24076,5999,30fa85c9920325664a269b4413a09b4a
16,58472,24077,8035,c4ccd44bd8cb441a1c1accc97ee85b4d
16,58473,24077,6480,8336aeb03fffb425e135cf30e2e535a5
16,58474,24076,5600,72a7e93e3880c0865a6cac53bd89de84
16,58475,24076,6328,6cf1199c1bd7f0187e3ccfbb1b790528
16,58474,24077,5852,da2454c35b47299dbed50b704ecad0cf
16,58475,24077,5837,97bdf41022dab697228b53cfbfb540d6
16,58472,24078,4931,4e1c99395cf80f76f0a8b7b169bcf86f
16,58473,24078,3693,392f29b1b7c79b06d9e88a344b4cd608
16,58472,24079,8322,d2805261ee9ec3342649be9538b14e92
16,58473,24079,4133,92a62f91198df4a01772b1f73e95effb
16,58474,24078,3685,01823e227ca034abc5eaecddff0ee968
16,58475,24078,3770,61855276f9e2484649c9c70a17bffe87
16,58474,24079,5105,10f5b78884d6d47d80ce6cd787350dd5
16,58475,24079,4810,a85b4830d986f9a02f27f4c88eea8277
16,58476,24076,4633,b936c9fcf9b88cf8f2a7fd543bd171ae
16,58477,24076,4618,575bf9c9f1a1e7e8c2ac122853903fc1
16,58476,24077,5521,7627b498a48c724a263d7b0d4e3164c8
16,58477,24077,6981,4fa9f665f8a4d30704198fb1f8cae1d4
16,58478,24076,7189,0e6d63a4586472aaa0d0a661e35c1837
16,58479,24076,5511,03509b78503e5c4dc63c39126498ed21
16,58478,24077,8093,ca0e8565adc6847204164e5a2e66ec63
16,58479,24077,4059,7c0deb1472329a545466cc823193544f
16,58476,24078,3256,b90929a34e4ecb5005f9e820e2d7fce2
16,58477,24078,4048,3a373046b4b7da7c84c5a81ce61f08cb
16,58476,24079,4105,9366f60ecc263b3c787cacdf98b7bcb7
16,58477,24079,4753,9f6f1d5feb953e94ec9d2b271a94f97b
16,58478,24078,4464,6d5c5f45d75647fccc2925baa5529d73
16,58479,24078,4247,c63cae3163b8633c026ebe2627ccc15d
16,58478,24079,4855,8e8c4d2e792209f6ed31c66d4afeeadc
16,58479,24079,4595,eedc8eee76f684cf64f78119b899d90b
16,58480,24064,3782,d158cab1b7b9b09352bf1afcfc73f3d4
16,58481,24064,5129,9c2bf6c7921ed76a6a6d38b450379d43
16,58480,24065,5029,2028876577f499234dd77ab2424f273b
16,58481,24065,49696,98e3a61932b50a73c0e1405fe9888490
16,58482,24064,26750,1481cbe9192cde3ca9ec1a4f120b5094
16,58483,24064,54616,7a4a817503030c4d79675da095addfe6
16,58482,24065,63383,d93e0686800510e2a18a72965d62646e
16,58483,24065,58777,73779674482a1adc5ffa7ce15f3a14f8
16,58480,24066,16972,b85edae6678a05336e85d392249e6db3
16,58481,24066,58845,b0a67c5b068f9156b11c8f0b974ef1a4
16,58480,24067,14373,f4bdf375881827ce684e4856772dd4f9
16,58481,24067,45740,a2b2d5fd227643e1a2617de7767590ec
16,58482,24066,61971,d69a13405ba6cbc674224820a8624a90
16,58483,24066,68322,c121d5ca3580f945060419cbe7c5f1fb
16,58482,24067,52641,e7229c7a2b1f87e0bb32cab633ce444a
16,58483,24067,25982,aef9c5e3c145b6dd1e3f81262647d8a3
16,58484,24064,63969,bce9fbfe4dfbfeb1de153ab37f88847d
16,58485,24064,62750,5167e913263c21621a8853ad7a5ee3f3
16,58484,24065,59133,5a0012a9e66887809e686a462397fb05
16,58485,24065,60163,3f6c25047b8578e75c939e702f541003
16,58486,24064,58482,da722a28150a14991d3ec8d5ae6a8b69
16,58487,24064,23857,c25a44cf6ce2df086f58c97edcb5fc85
16,58486,24065,57865,336a4379f868fc4cb32338ebb0e4814e
16,58487,24065,9463,c0d93ecd6adda47a1f990e0338e88fad
16,58484,24066,61324,be7ce2658aa101b1a5a2415de2c73ac4
16,58485,24066,58158,77d54e2b1bf88d3f84abf13ae0f93ba7
16,58484,24067,38925,832d6c10703d5e8cd4001f1489b2511f
16,58485,24067,47490,16b597d0180c335ba3410c224fda082b
16,58486,24066,38685,d161423eb31f8f67b8d77d548003fbb5
16,58487,24066,7038,ad10a05a1a632b8c142df8c57f6357ac
16,58486,24067,4940,5f556d35dc2cde5649ac09dd253fd9bc
16,58487,24067,4098,d539377e5b83e856f34badf9a433b1c9
16,58480,24068,5467,386b70e6655b118a9a0baf2beba4977a
16,58481,24068,7915,f664d91db3437f409f7bedaa4dca8e85
16,58480,24069,5307,3d2ace3710c93cfc30a2953c1bdba224
16,58481,24069,2681,453422785c17ed5996c13a7281f72535
16,58482,24068,12188,5cc47c9d450991f6c9463d4c62226812
16,58483,24068,21527,9abdca2f63516bc9d439afdb3c807e3c
16,58482,24069,10203,ea8583f00806444e1561ab122b309452
16,58483,24069,26894,48b45f19bdb9a1a251d52f5bb25f0835
16,58480,24070,5300,5e5ee46ac9e9ea7ed7ffe8b6972cf18b
16,58481,24070,5152,9e684a2010c9af54fc94c558e82f7e11
16,58480,24071,9428,3c9855be2be8df7056fb2f956c88a3d4
16,58481,24071,13401,48620ed6a84383720044b6e699cbeb4a
16,58482,24070,10179,1dfc30854306e42e70ea509db30d0eb4
16,58483,24070,18109,ddbe3b5353e6d2d906dc008fc22e87e4
16,58482,24071,11174,65eeb7ab4f3236ad90df32ba203fc225
16,58483,24071,10992,b8a76376a2232345fb6c050cd1092952
16,58484,24068,67693,3d7ebee5cfa242ac93a3fa0469737764
16,58485,24068,31289,667aa5456d3413c00031dcb8c90db38e
16,58484,24069,14897,947c9fe2f366dfcecc57cc613ce9b06a
16,58485,24069,12997,fcc3e99107daa60fd7df3d48cdb03a87
16,58486,24068,5482,4367f2e4d3818f4b2872281a551224cc
16,58487,24068,4373,d88c0d2ebec1903d37f06807e099f19d
16,58486,24069,9745,09abdd7ca1c6d561b23f8b3a171c65e7
16,58487,24069,5603,1078988ffdbf94195be375b04d0272b4
16,58484,24070,5879,b2da64e6e89f5a091ec80d2179cfb0b2
16,58485,24070,4727,14eb10cb59e5521223f996350fbf02df
16,58484,24071,13414,d3e73f108c32fc109534554b28dcbdb5
16,58485,24071,5435,1a062e1cce5d177b3a5ce7b256a15040
16,58486,24070,8523,7c2b34e2e90cb61b228f16599e2272f4
16,58487,24070,5372,7733d10530753a6055579f0b8fddb0f7
16,58486,24071,3609,a1cf7d7131361100b6cbd9666c82d51e
16,58487,24071,4663,6b01ae95b8576ae31d659e611fd27d94
16,58488,24064,26630,5e7ee2280d3c1bf2d520dabe8fdc18bf
16,58489,24064,50873,2ac72ed154720cc4b702646721e95b37
16,58488,24065,10203,4e6449d2f86f21a6331572f3cef25c64
16,58489,24065,48125,39d32b0dc4918fc2293dc6616e7974b0
16,58490,24064,58584,87ae946b6a64ea803fdcff3ba3b7339f
16,58491,24064,65527,46271f736a169c486b41b808c49ce351
16,58490,24065,49386,b62a9056b96a0d5c4eeb9d1fa5ef9500
16,58491,24065,46512,57a17da93db9dfce5a41bc395059e136
16,58488,24066,7877,508e2cc859f330bc98fc8384a982dc9c
16,58489,24066,33457,ba0b5f78e7b2034761aacf9fbbed95ce
16,58488,24067,6393,9c6f9de1a6cc634702fdbf83682d12f3
16,58489,24067,28202,f83e7ad66724bb7e3ca68f326d17bca9
16,58490,24066,37596,402e0f4194da8c519d2e67273f08a5ff
16,58491,24066,55183,2e2664c75db265ef7d20bea1b2f251c7
16,58490,24067,38961,879e2510ef9e3ae40b58df8fbc18e623
16,58491,24067,40404,dbb140ffae4bb1e240d3472e523f0b90
16,58492,24064,40462,0001f5cd20e6cea7836eefa6ce461a49
16,58493,24064,42806,7f515376e8ed3252c0e50cabc99e546d
16,58492,24065,50156,bc741b310f7d3e59758aa49d1c5355f0
16,58493,24065,42983,0d7a8da8acfc5433d68972faf7f22d74
16,58494,24064,37171,7a4fa95ffcbeb6b6de6472d8dc6ef891
16,58495,24064,40068,5be2b8872b3b27f1ebdc695eb422f4e0
16,58494,24065,41924,f4cafb19c90ce836c9368197429dcedf
16,58495,24065,34528,3ac1f4a57b38af8b305a903c1249b4b9
16,58492,24066,58539,6a27068430d36a7804f0c99b9c8cee4a
16,58493,24066,48989,d4db08e3eff444845a9d5284c661d821
16,58492,24067,19796,caefc46719156ee402228b8df6422729
16,58493,24067,31593,6708a633b81e71084e525ce58552f7b7
16,58494,24066,42731,116d6d432ae83f4b7d3adb3e8211bed2
16,58495,24066,41096,5bf1fee8dcb0bdcd86ded538cbb94d23
16,58494,24067,48993,ec0e4d8effaa0d2df37c0615cd6dca52
16,58495,24067,51510,add392094562c087d0a7ca3c26c11764
16,58488,24068,7535,c3cc9a638538c65be29db4b8bc3a7cda
16,58489,24068,14013,701e4cb9d4900f6e3a5787ccb358cfed
16,58488,24069,8148,8e95b235e26738a256c874657a51d7a7
16,58489,24069,33595,8dc7b4f2d51419081ebf65f5d342a4b9
16,58490,24068,28490,ad6d43af648a13492ac45ae15123b9b5
16,58491,24068,17789,5f9bd703ca0edfa5ae3104a2c74e43e6
16,58490,24069,20289,8749bad688d761214fd8f01b9b4dc72e
16,58491,24069,26447,3add20770ca0182219095b9d1f15d012
16,58488,24070,6987,5df3d2f971d3a202112a47f899ff52a5
16,58489,24070,29663,e66120b45524725e699ce87550574461
16,58488,24071,6377,70ecd52b2ad2c0eadd36361c86d256a4
16,58489,24071,8132,1ccc33c6684f2a3ce6059f72811e86c5
16,58490,24070,15828,a266f11ff958e7b7a179fb29439b2cbc
16,58491,24070,30971,f3b9f5f32be14483f3fa553dde2ad781
16,58490,24071,6972,29a71537753df9d09d9ecdaf0f456c15
16,58491,24071,31864,3724c2689286b1dab24951c2414bdfc8
16,58492,24068,17563,a133b377663f5c80678cda6873d71e89
16,58493,24068,9960,57a6242f42f73014f53d857bf0f18be0
16,58492,24069,25729,56d7bebdde34a9a4f3be15659f107821
16,58493,24069,8088,19f9e0eea1d9cb887824d28fb5c0e2b6
16,58494,24068,41921,892310aac1cb4b743af732a55beb9997
16,58495,24068,57926,83bc5b862031060308bade693ab6b0b9
16,58494,24069,24200,02674745188addf0db9df3fdf930c389
16,58495,24069,54458,717e284c8f7567e9201b14a7ecbfc58c
16,58492,24070,31257,4e118862a19be3b2d717608b9d810fac
16,58493,24070,26903,3c0c8aafbf12de7297647fea6b05a181
16,58492,24071,10889,395ee3edc73a833afa277aa0e597a192
16,58493,24071,22139,45d47f2a580d9d64e7f4abff427b2f88
16,58494,24070,46732,5758ea07ffa4ff5602bbb8443f64639b
16,58495,24070,41431,4864b7641b7cf4bf86c9010c5b22c0b6
16,58494,24071,36525,09581896d255df7937de982e94f4a25c
16,58495,24071,37714,8cbb20ed93b8ab6ac1f71482b938182b
16,58480,24072,5259,d5d0f09963e0bced8a169f76f89dbea3
16,58481,24072,8869,8261720e02ce572cbb8a20acbd51c8ff
16,58480,24073,9175,aeb229be8b7090ca1d7678141cce8fbc
16,58481,24073,14478,d8f5877a3848abdb7df2ff057a76f64f
16,58482,24072,4664,382593636239846dc56ab18b78989e7b
16,58483,24072,4554,ca0be75337d9fa25087eaf0019f04e6b
16,58482,24073,4364,9f641991bb1e0c9977ceda58ffb57487
16,58483,24073,4513,7226fac0125568eb156ef1df60ed0f2a
16,58480,24074,10499,dd0b65758a74bee41e129cb62169e7a6
16,58481,24074,8179,d8b1ccbe90ef7631cd2df3277606f81f
16,58480,24075,4711,e4add713ccdc22bc8cdb551f2c39d5f1
16,58481,24075,5887,5d030afeb24b707c1c491400abce2edf
16,58482,24074,5823,0bd48aa1472df05999439f4e87877636
16,58483,24074,5217,958f1f38a1961b5c5c1417b84612ac09
16,58482,24075,4597,f5a5fb0c93004c1741372980e48fefdf
16,58483,24075,5572,41a7aa03f8f0d9cd3a449ae4b062d286
16,58484,24072,10579,562f6a29102759d8e260841f174c78db
16,58485,24072,8451,0d1e42aa15787296b47ee97ea6a42af8
16,58484,24073,4885,589316513fa3612f0a77ab691718aa57
16,58485,24073,4525,5bcfdb2ad50952cd76ab46aacb499e34
16,58486,24072,6063,d6d9774a15542ae18472965d5a24f0cc
16,58487,24072,7635,ff24ffd6bc740044b61d6cfab43df56e
16,58486,24073,14069,a4dff1e3abd6c54e91e2ef943cfa1199
16,58487,24073,9660,5d902a55b749845a957fe638ebfb1aeb
16,58484,24074,4913,bd99068736ff0398a1100d169d04627e
16,58485,24074,5780,81d212e3e39afded4bfe8b5370c431fc
16,58484,24075,6150,b1b3faaef9408fbb6a508751b9fc650e
16,58485,24075,6209,32da73fb6e10551c3fb5aaa73a329c5e
16,58486,24074,8291,098048688665adb3733b8ec965b60507
16,58487,24074,6063,4f5f2a9c6ac8a2877e0cf2465020b0dc
16,58486,24075,8817,f5a5b4680426609aa4c4dea328f9b5ec
16,58487,24075,6420,c449ecd7d51a05b46ca9be1783b25167
16,58480,24076,4534,6971c146b2aab7ddeeb486238849efe0
16,58481,24076,5684,f29c68d4a130401d494eb70d6c5dafc5
16,58480,24077,4633,ed6e0072e14e29be4fdfba3d18f2e33b
16,58481,24077,5820,b9357228f46d2f763fe3661ef727b175
16,58482,24076,4474,789ec3602ff26e5f6f239edc894f6767
16,58483,24076,5138,5e0609d9625367cc2de9ec9859412a57
16,58482,24077,4441,28a243a943344b56b5bad95de45010be
16,58483,24077,4445,fed0490c4dc5cf175632cbe3818afff0
16,58480,24078,4921,886f813ad678350e35e33799b561ac96
16,58481,24078,5062,fcd4da837d2c7ed83a6779631f1d30b1
16,58480,24079,5476,74f3f9188dc21b5114ff001ec7ef05bf
16,58481,24079,5060,0b2bb90b184b8dac2ff3713b0ed845b6
16,58482,24078,3671,12fa64001125ee009549560c40f35f70
16,58483,24078,3708,a6581d85f733b6baf8c6675bb4be6970
16,58482,24079,4641,bcdcf7cce8bb15d80b67270a224094ca
16,58483,24079,3838,ae882fa198842d5a5d8660902504e7df
16,58484,24076,6678,16cf1d54eb9865405aff5db5d1537422
16,58485,24076,5466,d57ccf98ad2df8e62e6b4929eaa9e0e6
16,58484,24077,4772,16d3fe6ef0e81753fd64e04357f8b150
16,58485,24077,4181,bb295a80586dff13489df06b0bd0a7cf
16,58486,24076,5573,f5a3e5c795a09c140b578ed6a21f3dfe
16,58487,24076,7943,c5e4cc43543e6c9a58878a9360f964e9
16,58486,24077,5822,e676c4e22b64cf17d93aee4c9f39c2ad
16,58487,24077,5590,f3693394981212dacef22dd103bb35d7
16,58484,24078,4380,88082b24c428fa7787daf5abaeb110e6
16,58485,24078,3998,9e480fbc3849d609a38bd5ae3811f473
16,58484,24079,4182,50e4ca1eb2f16377697e5b944dea1b9f
16,58485,24079,3611,bd242451de97762bb331e050774aec35
16,58486,24078,4720,5f810082dbd79fb7428f76372b4cbfaa
16,58487,24078,4369,074f5f84adc5ec80bf5321f434c1a0a0
16,58486,24079,5359,a00e942f497612ed50af2dbc69c4a907
16,58487,24079,4532,dfb4e539dcf52e5edf2aedcb1d160ea4
16,58488,24072,4075,40903ee2f35a6816672f8c0d74090ba9
16,58489,24072,4133,b03be8a357dc62c9717832d1f609a9d9
16,58488,24073,6066,19382092d7e3da459c8b061a1e191fee
16,58489,24073,4767,71d035457e7abc84c3c3d88aa4594d57
16,58490,24072,10880,b76ecbfaac99d2c0975b30babf4be9ca
16,58491,24072,10708,8ef6dfb72d38befb2b748c551a98ac77
16,58490,24073,5623,4227ec4ca2cc44262554d92a02132c7f
16,58491,24073,4794,e34d90c8a8ada119799c549aca9319a9
16,58488,24074,11154,2cd7d62a31ee693e4a0c5cb57bef8ffc
16,58489,24074,7240,b178d389f26ae3f9c6879530427e5152
16,58488,24075,10757,c704da2de06a230ad3f446758597669e
16,58489,24075,8887,e8c6173804af3fa61087d5179d4380ac
16,58490,24074,3457,ff7c1be5d4785416ed73592e74408a57
16,58491,24074,4397,45ea9bc678fbb22aab8ab86ed5f1dbf8
16,58490,24075,8333,f4ea34a9fd88843511be976f4f0e6f26
16,58491,24075,5039,20a42c379bfec8cf17796e00bb9250b5
16,58492,24072,6761,9b125153172214ce052524f7d9b92e46
16,58493,24072,26753,cdf566c93553d82d94c71f9ff8fcc0aa
16,58492,24073,4990,5277e2c845a9c7645e2259ac5daee0a5
16,58493,24073,3651,46652f27c71d35239797bb3b89f36dce
16,58494,24072,6721,c0ed1437144100845af3992202061640
16,58495,24072,31134,a942599e03cd7815ec355921b7984531
16,58494,24073,4149,8f689caa1bed473d69b202c6d27e57a4
16,58495,24073,21368,379eba504188a00267df6425f29fbc83
16,58492,24074,4942,b3884df680475ae1701f0af49975ecac
16,58493,24074,5901,6ae8ce7e428cb9aa8d2e727dcb7ea858
16,58492,24075,4358,2c6bd3a9a43f06823ff9ed7ec6c2c786
16,58493,24075,3969,87d9420ffd68c32a9bae5486c25b80f0
16,58494,24074,4634,0240150b48648502d9ae6e5932978639
16,58495,24074,3464,f9718ac6fd89e56b82c3f49803e82914
16,58494,24075,7734,5c91916a27c9e36d5971bc9c9f8a7093
16,58495,24075,8067,ea0cf7e62d8f7191bdeb04e2794b0736
16,58488,24076,6027,4f13368d15c85a8489f93326881f5096
16,58489,24076,5624,20bfebfa0916c2bc62ee4c054cb62171
16,58488,24077,3897,42e408392d8b2546853f524c7d430b17
16,58489,24077,5065,eada3835eec0cf241c315085d6062973
16,58490,24076,15132,7452f86fefb16e79a3d2f7f0566d0bbc
16,58491,24076,6083,4b797f59e15f5f4df1dddb2c6ce99e8e
16,58490,24077,7415,8d09d78d20c9d1b3591dd6d58adc24e0
16,58491,24077,11897,5b645bbeb1752394f15ba18970aabc0d
16,58488,24078,3498,073d209f57a8473a5830e44151dc96f7
16,58489,24078,3349,4a089a867af85b32ce91b0fa49934e67
16,58488,24079,3330,f51c288b6f3617999b7a3c7c8da9ce4a
16,58489,24079,4710,24a6cb2ca45865d9d405acadceb5e7b9
16,58490,24078,3801,3ded9093b9b76fc99146e3b38ab6e324
16,58491,24078,19997,ee953f85ef210fdd61060325389015a5
16,58490,24079,5747,8ee7c08b029b9594b45121bae6a2540b
16,58491,24079,13771,30d0794df416f3c4e99d95b452ba15ab
16,58492,24076,8945,4bd8c253da7a6c4fb3b8fead3a8ead3c
16,58493,24076,4621,9a111941d489b3baa64688d4271d8ae5
16,58492,24077,15489,4761293dc54bd650a3d2a2dab7b8df8e
16,58493,24077,14389,2765b0c853bc343301d3bc0d4cd46237
16,58494,24076,3467,aac84c9638dd26a511c7ca270cdd06ce
16,58495,24076,7213,619ad1c61e0a9e1ec2f70c341571d183
16,58494,24077,5609,91bf9e77b914d65d4b87d3ed416854ce
16,58495,24077,5039,9cca5b51fdacaf425d0ff098e80549fc
16,58492,24078,21600,f9871248b05711f67d452d3391f5e64a
16,58493,24078,12012,7751a495f60b58e2c09727821e4130e5
16,58492,24079,13953,ef4b07d5ffdf226e4061fbe4c68db077
16,58493,24079,11039,d00c73ff6d26a8a320e28efe86bfd2d4
16,58494,24078,10171,3695bea0151ae764510e9a3080811f8d
16,58495,24078,10526,075393a71c77264a2c356da9f4c6d021
16,58494,24079,23671,79bed193164d42061afa27b102420092
16,58495,24079,52210,8a1f7448acfd160e9cc9818a9f911b0e
16,58464,24080,5332,04b15507eb1efa1bfb43c7cdc73cc2a8
16,58465,24080,6623,a9f7606fed5240c6d49f59879c759096
16,58464,24081,7186,564725e78dbd3d99b0eb73691fd25bd1
16,58465,24081,5383,ed8b94c946b09a42b76493120f0079c4
16,58466,24080,5648,7a3095617006bf5b87d8862f3d861eca
16,58467,24080,6524,37408a887960060f2525351d3b831ee9
16,58466,24081,4732,e57562e947c6401ebbc99dba13099ce2
16,58467,24081,5713,5895c25d66a58cbf0f01c2bc42ad75f5
16,58464,24082,2633,44c41640c94e590bb212c9d04fcb4577
16,58465,24082,5748,afec915ea3ba753407b2ee1fd8a4129d
16,58464,24083,3384,5781f21794e09bef296cb99461bd5a8c
16,58465,24083,5395,53eb5fd446925a0de284975972d4e9cf
16,58466,24082,4492,02c8b1a7eb93303aa14d4d8b11796f64
16,58467,24082,4925,0cd1cd084e9ab83700b6d7ae3fd53074
16,58466,24083,7799,7360509032abc3f43d7f6a87503e97e9
16,58467,24083,5318,b2cd13558c8b470aeff258b78c5028f4
16,58468,24080,5056,cc864c0d4a22a3e61482a6049e4fcdeb
16,58469,24080,5300,0adcc840b8c905ceb86480c7eac347fc
16,58468,24081,7420,5529089cdb7f0fe4c52752d05c6a16b5
16,58469,24081,5705,08c8e8d084a4a110a59e08490016ae11
16,58470,24080,3331,005361283305e6b8e60fa4b9402d34c2
16,58471,24080,7134,ac12c4df006e20d2abc9ec88b6e54db9
16,58470,24081,3855,3d4509cc94305f948c4ae1d106e97477
16,58471,24081,5028,28a047ed18b0522d89e1e74b38f6ef95
16,58468,24082,6202,b9992bcfb42526459c8cff6df20f0e95
16,58469,24082,9359,faa638ae4dbd16163408f6981459396d
16,58468,24083,4886,51ebc01789b7bf649b58d92a831896a6
16,58469,24083,5483,c906d2c0d1cdf4090fb1e930cad9952d
16,58470,24082,5106,d07366d30b2e88b626c0b663bfb2686e
16,58471,24082,5427,e79e803e99ae15bdf8cbe9380735e722
16,58470,24083,4992,89ec5d1d9a1049d19e9937ca6fa4943e
16,58471,24083,6042,17ad1946aecb1a52d7ae4ed51dbea49c
16,58464,24084,6060,48949166990a3d0f32597e14575e009e
16,58465,24084,5036,3ad0071947e0d3ac89dc7e4da55f3523
16,58464,24085,14881,09ff21883a9a220371dac730d8ff7c46
16,58465,24085,8433,730d52a6deec4d7f75d27dd2f11cf88e
16,58466,24084,5342,d64ccdf6dd56818ed5448a6f6a5de8f3
16,58467,24084,4049,beb711db2061a0f806f06a3179e18d68
16,58466,24085,5323,0333d7ca1f29d63a612e02f0215fb37d
16,58467,24085,4615,6e2a716b6e831d46412e4b13a80e7b08
16,58464,24086,4477,14cc902489538cecccdf27444a7939e3
16,58465,24086,6972,3e9d7f3d29e20c430d5a36be53892c85
16,58464,24087,8949,2af58114d1e4bffb5a840bb25b9d95f4
16,58465,24087,13289,39647d1441dd3af97a19e5f2853d6a5d
16,58466,24086,7480,8e0d7b6db591acf54aa97793cdc1b6f8
16,58467,24086,4166,6ae97395359376ef8bbbc2e54bfad493
16,58466,24087,16800,71df67cfaed4a423b664c65ed971c643
16,58467,24087,11746,4b313b949ea3771f34a8e0d087b94b5d
16,58468,24084,4402,860c44110ba2e77e10b28f8a216ae44d
16,58469,24084,4526,03921d68bc0cdd550f358cbea69f9783
16,58468,24085,5339,b20425572745a0cd4581899120bf745c
16,58469,24085,7941,c163ca1c44842a6c7c7f31b1fd1c9df5
16,58470,24084,8326,bfa906240bdfad4d4c4711f2b3b075b1
16,58471,24084,8305,f02506f141490786bfa237f0fe37115f
16,58470,24085,4881,b64cd3e0c441f0017593fad9c9871645
16,58471,24085,4290,800adb685f2ef06ba7a0341feb98390b
16,58468,24086,4444,caf5f4eed3dd7fcbbc3bd2703149d0f0
16,58469,24086,6808,583fc03ce374c6a9e7e810c327cc0d34
16,58468,24087,13176,3a929c2570b184a5035ef5bfaf923dde
16,58469,24087,6230,eff5feef5c0b79f2cf82bb087c4ab851
16,58470,24086,4009,c98189b788ee7e2ed52040d6b1cbe6ca
16,58471,24086,4498,70966d67d80e5a28c70a11d812aae5f5
16,58470,24087,3811,2a62c3cc6aaffbf61e361fb4bc9f5d1f
16,58471,24087,6452,64b9aa2282762148799c5a022d2effb3
16,58472,24080,9078,84369d5e86e8b2ea15d7cb6d26f5f594
16,58473,24080,3657,c8d4af25367b57d184e420bc823f1a4b
16,58472,24081,4606,69a044bb8bf6f7f25691eae9fbff3349
16,58473,24081,4007,ebc0473d0f2fd58b526e0eed636592b1
16,58474,24080,4964,315af15000ad181a27b66aedcf2fdc82
16,58475,24080,5441,8b6c3c83808400811e5368753de80896
16,58474,24081,4827,efb015cbac3d44fa48968f1681280e98
16,58475,24081,6042,9795a47730e90704e2b51a37d69eec9d
16,58472,24082,4764,dcf8c70073b55df1b21ac218e2cb65d0
16,58473,24082,3533,c287504f50d1183c8c5436b2aa5ebf4b
16,58472,24083,6567,7081969beab88900d1090fc1445f0ee7
16,58473,24083,3853,bf249cdf882b1f7f972dc943dbb51967
16,58474,24082,4384,1c3d17f81d767962957ac3c18138a7aa
16,58475,24082,4404,202277859a1244237f213e8edfb7f1c8
16,58474,24083,4466,fd8aab30e18835fe92fd937097419e7e
16,58475,24083,4818,4e8e1fe80c0e8fc349f9fc58c65a6f38
16,58476,24080,3969,e933d76e852a950531654d0b8beac0a5
16,58477,24080,5162,ef55da7561833d41cddb96337e52b103
16,58476,24081,4632,223d1fd89e700de3cea718e43600dbc8
16,58477,24081,5142,41ed7f1628b485475ffd43684cd49173
16,58478,24080,4227,cf5dbc615972420100ac89a39b9b1b8a
16,58479,24080,4535,9830e0ea0569f22e3d968ff30e8f9777
16,58478,24081,6229,0e89b322118b840970bcfb61e6528efc
16,58479,24081,5319,9eeb8b81bdf5a4646c77d2427f03b500
16,58476,24082,5218,edc947de893e3e55a56f6545987057fb
16,58477,24082,6044,8972a32c73158eb934f7425fb1aeed5a
16,58476,24083,4128,aa6aa38e540df7f167f7fc13efcd5779
16,58477,24083,4573,c6b25b667fe3f0cd422780779a5995d3
16,58478,24082,5104,95a50a321179e60b52d6c207b25912fc
16,58479,24082,3823,29f35e93794b80ee5c41c1ee1f5a4c3e
16,58478,24083,4672,f72a66b2d9d09dea323c33fb16e5efe1
16,58479,24083,3764,e05e42702fac9c3ea4b83d58059cbdf7
16,58472,24084,5094,e373951bce55f2691d614e91facf45c0
16,58473,24084,4181,4a0a153cb28d050275b3e38a8a60c0c8
16,58472,24085,5817,2dc1197d1ed72caea63f816c7e9f1c76
16,58473,24085,4372,1f9b3f8f3496028f08769d2072f2a16e
16,58474,24084,5192,f5310f874d267ab98ba94f4e04f4e34a
16,58475,24084,10471,9600d689f04aa2be303668cac8339c5a
16,58474,24085,3135,5fedd8d9fbb9b462122a3c8e38fbb687
16,58475,24085,7615,a87d1bbcd562121bc14896e6c11e0241
16,58472,24086,5089,969124533c4f3deaf7337c3bd60c6b5e
16,58473,24086,4616,8de13d3467eee87f0e4aaba47882d37a
16,58472,24087,5967,fd7720c604547677d206711a83ce42c4
16,58473,24087,4782,0d2c992357b1e7caad37b25e65b4ebc2
16,58474,24086,4716,30e0ad1b46d6dbbb3cbc2eddddf364c0
16,58475,24086,5636,bc2bfe338b89bc21e20df3da849587c4
16,58474,24087,7995,c088406b018382cab6f0342ee6f1eebb
16,58475,24087,6243,78a80ccbe8b6bae1521139f1eb3c409d
16,58476,24084,3683,ff66f95e553df639f9a551cfb95839e0
16,58477,24084,4089,611b5663882352f8808ffcc9e804aa77
16,58476,24085,5651,f284f1a5fbfa87c2c6cb977dd5e18ea5
16,58477,24085,4549,d7df8a4e8dc974fb2da890058076a799
16,58478,24084,4592,66746029a449bd4c756687bd77325e68
16,58479,24084,4117,71f704e6143c06faa650062be3b546a7
16,58478,24085,5098,f66956adfec4a8d1c712c30fcbfb7ca0
16,58479,24085,4050,042a62e659663f059d7140cebbbee731
16,58476,24086,3426,3b3daa20bbbe92841204625b7a3679af
16,58477,24086,3644,1605550f4d96aac5f81c545eeb5ac0da
16,58476,24087,3919,c715e6c492b866d3e25a87c9a3cd32ff
16,58477,24087,3587,3c321c4f3c209637b1b2a345ed3a52ae
16,58478,24086,3556,8947f08e7aeb0bf5394415159a5ce1d7
16,58479,24086,3278,8c251d3e335de21e8b6160edf44ec5bb
16,58478,24087,3340,b8324ab291e96b816aef6088446222e8
16,58479,24087,4816,56860d082e26e7c9ecee6f9ac5db0df2
16,58464,24088,4713,797446aebdec9c486dcaaf3d471b60dc
16,58465,24088,7166,78d39fca58003e7c19269308dafd8bb1
16,58464,24089,5865,ba7ba89b114244d489f2384dc12ab352
16,58465,24089,17859,4442adca7e820f376174f933b7c2cce6
16,58466,24088,18101,c787a61bb649406a64cb51ac25b12a2d
16,58467,24088,16234,018aa13f467ac9a0798d2abe6b86dcff
16,58466,24089,24263,9d4d42619d092f182e8dffa8bcb8d34d
16,58467,24089,10608,c82974f11631d27dd6ee4296f4dd9b1c
16,58464,24090,14615,7e03a81888cf55a8929bca0bdc58b2c8
16,58465,24090,17538,09f4d97e61d91ce6f27856676074fa9a
16,58464,24091,12326,27cb8ac909b53911343b665cc066dce8
16,58465,24091,5798,ab7147e1285990037e000cc682843a8a
16,58466,24090,7938,5d03d9ed40d3f27232f3490ee05e50c4
16,58467,24090,4643,c8b83fda71e30e4e85fe6a74866b401f
16,58466,24091,5286,7036638295e8fd676c8a7ff109aa0688
16,58467,24091,4384,1451355b31b922ebd8857954d93128fb
16,58468,24088,12494,b85c649b7a793427101ad54cad51409b
16,58469,24088,11558,0f7dc9b4d6594210bae800e4f94eca0a
16,58468,24089,5551,8481dd22f202a3455b2cf0ba71f6be0b
16,58469,24089,7514,aa424aa31a902dd89fe96a6baed1ad3f
16,58470,24088,9767,c9f46932cb7067b353d67491027a9ddc
16,58471,24088,12500,8a6071861d1f63caa2b96a1110d0caf1
16,58470,24089,5136,1e698c730dc706b0dd386bb1553237ac
16,58471,24089,7383,dea4a1d5e82327fe6a98370ffac6cc4e
16,58468,24090,4814,15ca20896132d08ba6fdd3b1a6411c87
16,58469,24090,6622,16120c6d19a4a8830de5a438595b5468
16,58468,24091,5616,522590e378c45fcec64072d1a7ffb8a3
16,58469,24091,6518,4bc5015122ec7729f777ab6667609c31
16,58470,24090,3959,8ce6c58d9c74204c53cd03bea7d8d170
16,58471,24090,4192,667408ab66d2453356760ad06fb1e32a
16,58470,24091,5864,430f607fdad5cb89d08bc23fe2e926fe
16,58471,24091,7301,c3ada48a519e261ba8b8652c32521b8e
16,58464,24092,5807,c28289809ee20d291770ee7525a90e2d
16,58465,24092,5027,adb3d6361dd285b82dba81c69a823cd0
16,58464,24093,9827,9c66aae2c5950173e85e4e5353329017
16,58465,24093,5547,09abd47d45e11fd9c8c5edf9c9ea277a
16,58466,24092,4369,9f222cccdc00fb2811dbbe29710ab99f
16,58467,24092,3726,3bb0d85b421d9d1cbfd857426308b06e
16,58466,24093,4953,623e228474fe31979be72690c44ed017
16,58467,24093,4367,1815bf0a9666c96541b1dfe9813f18e2
16,58464,24094,6819,62b9d4a7eff74499430c73f86cebfbe3
16,58465,24094,5288,51ad6c3c213e9302597f4885d014c5e6
16,58464,24095,3303,7612d0ba8323cd16da794d46dad16907
16,58465,24095,3145,302c9a3f113ab2543087e607cdff1901
16,58466,24094,4776,c736dca3fc089b610c3752b08bb0324a
16,58467,24094,3723,c8a8e542b214698001c82207ba95d2b1
16,58466,24095,5624,03d22006cde81c8b70800aa1637f83f4
16,58467,24095,3639,74506a93bac901c4396c04ffd6460b3c
16,58468,24092,4836,15c61947f22fd42f36028fbf5a46d26a
16,58469,24092,4456,1eb2fcf587bf0c8ea0750ef10e606ba9
16,58468,24093,3717,dc326561e1503034af9bc4b33e74fe8c
16,58469,24093,3718,2ca58b7e4b5a33e45cf18fbecf66ecdf
16,58470,24092,6550,2de3c3bae3f04befea2ec3ea94ddbddf
16,58471,24092,6394,c0aff424d82fb00f63c5963e6a9dc984
16,58470,24093,5078,f1a50345867d26d63d19eb30605f658f
16,58471,24093,5571,61f1e4e65256fb907400a668ca7bfbdf
16,58468,24094,3751,6bd47824b2d39991bc22b12d4e1f184a
16,58469,24094,4159,42867e4a4efedb3c4617fb5ac8cfcb94
16,58468,24095,4257,6dc2f8706e28519f5261a1d517a28832
16,58469,24095,4480,f610bcb33f7a30d2f0aecf5d9c78ec22
16,58470,24094,4544,ec306b58f9f4d560f43af23729169d45
16,58471,24094,6378,4352ad318d568294f20ae9bbc21cbf44
16,58470,24095,4180,984f8e0553d8a7eff3c4da09b1a758f9
16,58471,24095,4531,81289380c0a235dacd55547bddba48e1
16,58472,24088,9040,33622b6a3732abe75a0dbb83efc178cf
16,58473,24088,8142,5315d45f19c3be1da4031d4914cd6b67
16,58472,24089,8016,18a290205a89c0aa1e20c7e4d6b5ba9c
16,58473,24089,9371,6aa709ad7fe9e6c7af61c77dee0b9006
16,58474,24088,15046,8648f035377baddca386ec42749d8ffc
16,58475,24088,11286,cc932d21a0538cbb61d1fd5ecc1efac8
16,58474,24089,6070,759d621f1838333343772ed95a6a5f34
16,58475,24089,12500,ca6573d191a995291127a38336edde58
16,58472,24090,5223,17a2021e052bd1f7ffba55ce539611f9
16,58473,24090,6279,0d33cd0e6684fc91c16bd7514dd841bc
16,58472,24091,6812,b6a8d68b2af798b479e8ce5d37262ecd
16,58473,24091,5997,ee10afb7c3b25ebb67f45cdd679c8c90
16,58474,24090,4468,13515dba7293d22a67df714743c00e9d
16,58475,24090,9045,eeff9d9780e201d626cdaaf053f30627
16,58474,24091,5684,c4cb9e9c96279d0461e7fb462e04ea65
16,58475,24091,7977,e2fc848c2078233c5d2761e2208587e1
16,58476,24088,11219,9e4a4650149099be873f9f0cf4622aae
16,58477,24088,4204,95d45a4497c33ff3b27ae64894afe97e
16,58476,24089,15191,15dc6411d1ac16d872648bf4fc682d3c
16,58477,24089,7051,62432f7155cd6b09ad95a48134cba240
16,58478,24088,3735,f2d6f072ed2058cd157dee3e1504c43f
16,58479,24088,4959,e614d21ee1d7fb41b0a3a9e48283d041
16,58478,24089,9491,22a160666b295e6de0ac9b36f41ebb49
16,58479,24089,6057,7a615ce223b21857b834176461306a10
16,58476,24090,11063,9a75b483f8718dfcedf0319685b65287
16,58477,24090,12205,c7d0d1ff99a6a3d723c07f945ad18c18
16,58476,24091,7584,fef3930e6e4689460b7fc590ffbda560
16,58477,24091,9898,da92d707be50ef8a794f4aa1be1d7b1d
16,58478,24090,14618,9897b393c9a687bce60ec63fcfdfd884
16,58479,24090,9707,b5224bd39db347da8d7082677b8b886d
16,58478,24091,14664,223903725c4b70bb7849c0320a80a830
16,58479,24091,14025,74061ca7ad39dc64dee85b8f87136d33
16,58472,24092,5981,27d14c036d68bc4125b377788bf6918b
16,58473,24092,4414,2513b8cd30d0901393491a81291ef057
16,58472,24093,7096,46967d4f8e45dce03686e1de6f732513
16,58473,24093,5485,b7a746b782b1d0be23e8ca812599d76d
16,58474,24092,4323,cba5781ea0f943e7b92d1753796eca24
16,58475,24092,4963,eaee218a4362d08d697dc55baf49fd78
16,58474,24093,4724,161ae024760c43bdb0bf2cf7dba2c21a
16,58475,24093,5166,53c32c45015dcead7f561ab422707d80
16,58472,24094,4541,3ccc38db309380157ca867d136fc1de8
16,58473,24094,4888,c3d07a499fa356f044e4da028e3454d6
16,58472,24095,4355,c2879ddeef9d3438bf7d38cf68044aff
16,58473,24095,4642,72e74f8db73d3646935ec6e6a72ebbcb
16,58474,24094,4689,61b636c2059b655c1b09686aca046baa
16,58475,24094,4287,2e9d1ef25191c155471e65b0191b2315
16,58474,24095,5526,4b1e5bea0dde909ce39fb82f733c42b9
16,58475,24095,4746,67c2936bd8ec3332ca8c3e674d454fb5
16,58476,24092,4050,a708e05ac010868317929b8a91e5d7c8
16,58477,24092,10116,341edb8f36767a9267dcece2fee81296
16,58476,24093,6714,09748fe797a837a799ff998b195827dd
16,58477,24093,10500,f8ab45827fcf9b8b9d9d50e05318866f
16,58478,24092,10782,935350cc8d84510f8c288b9af506b3c4
16,58479,24092,17515,0520a399e7fad490a6191f62eea8cd65
16,58478,24093,17013,1373f2a5d4625f1d26b112d7bac58805
16,58479,24093,25827,7ca61da1b51ce01456cd5181935c46cd
16,58476,24094,16183,4763e96be570761e2e1e8253286cffe4
16,58477,24094,12191,8d7e1c5d4c295de248c74750ed9e0e2d
16,58476,24095,9729,b8c092a32b221e54a5c7bd880a56a7f4
16,58477,24095,7954,0c177c018d11ae7ba727b11425d23349
16,58478,24094,10215,1e7391f3082ec306b07492d9efce94f8
16,58479,24094,6134,b9e7d255ca76a7e16a41719eec6baae8
16,58478,24095,7965,4fd4524633e476b8ff9293ea99424b4e
16,58479,24095,4792,7e96242a5d10e670f80dbf6975068567
16,58480,24080,4283,6cef97a0af03d1446edda640d560f97c
16,58481,24080,4689,ae9e26ceda4abb62ee42917a311e4d54
16,58480,24081,4440,82117b15bda5e991d33f708ba1c989a8
16,58481,24081,4110,463bc9192e618d808d5cad648a5ad2e0
16,58482,24080,3944,2d63aacad6268cf5cec300ede6fcf6f5
16,58483,24080,3679,2233db95c776160ddc97400c7009efda
16,58482,24081,4029,cfb7dd01495fabda1ab98fdb6d292cd8
16,58483,24081,5906,c99874f4caaeba48a387f09b27c2f489
16,58480,24082,3469,d91658b5fbb6b8ef60f7a9086bd5186a
16,58481,24082,3138,cb54d0d24deefbf823ce0d2dce179cf8
16,58480,24083,4480,44ad65e25a7dc1b9df3c5c60d8e9f128
16,58481,24083,4514,b6bb260efe237256fd28720f2e850f51
16,58482,24082,3840,fc46eebb477cc8b7b761d693dc5e13bb
16,58483,24082,4708,59e60551dcb0922e8de8f7aecc0ab89d
16,58482,24083,4406,36c4c254cba1242d0582aec491b24f86
16,58483,24083,4887,1ddf15dbc5e5c67ad2574a08a424f620
16,58484,24080,5284,14e1f709b5ff693a6eda3fbbe4138de0
16,58485,24080,5069,c75241cbdf23615f3bdc3c7e19619b9b
16,58484,24081,6335,12b58dc102dfaad2b2844a58af054772
16,58485,24081,4814,b1ca6e3c77df63f799c3f9f784a06555
16,58486,24080,5199,f083f9f6c308e7f87eb6982473bf0e8d
16,58487,24080,5401,7a15ec3a34fb3ad361f3dc1fcd3b87d0
16,58486,24081,4178,b64fa90805a789d3849344a944595ba1
16,58487,24081,4306,e5a2e182b1d09db6fb00f9b869703c9b
16,58484,24082,4912,5783a46fb4de25ad530269041812daac
16,58485,24082,3698,39b83172c2824d0055eabbfcc873c212
16,58484,24083,4311,1236c977e90265aecd038e42b0fe35a8
16,58485,24083,5182,6ecc185c244c5b9cdcbfb0b7c4d6ea70
16,58486,24082,4015,9113fe5921155693f3438f49c3cf0d2d
16,58487,24082,4467,cec3445ada7a669b9ea6172cf03b4455
16,58486,24083,5756,dde7e5a7143de16133d334377ebc00d2
16,58487,24083,4993,5f0e32c3a6f9124f3e73042297c71d84
16,58480,24084,3550,b65eca3fecac913b98f94365c1d3e200
16,58481,24084,5180,fbbb6adca69c6d20fd1983caa5d2d742
16,58480,24085,3874,f936ff21fcbd69207bcdacb7a6f172ae
16,58481,24085,5363,0e0e253a897c74873785411db6d78a30
16,58482,24084,4671,f8294897c4cd6ab8350f4757e7ab7a34
16,58483,24084,4925,8e8608c489632210538cd704e4637848
16,58482,24085,5988,144c9e511b595db66abf6f8da3b955f5
16,58483,24085,5932,e3fab5fe257df4fe9ded6d69ea0b8f36
16,58480,24086,4242,2237439a368b6acb98054339befce07c
16,58481,24086,5702,a35e52ab64579cf332eb1163817d2b40
16,58480,24087,4493,90c6883488942947c8e2d12dae9fddb1
16,58481,24087,5556,5698f44899f8ee5fcdb98f96e3cdca20
16,58482,24086,4911,7a7f096378fd20d02aaa63b68c353a6f
16,58483,24086,6087,1e11b569f03a83d641a2ea67a6d66643
16,58482,24087,5135,f5391f8c3aea6178a1db184b4792e496
16,58483,24087,8006,67eae6e87690890e1d9a01a49d7b21f9
16,58484,24084,4297,5925a0f388863c3aa2757b7973150545
16,58485,24084,4752,a98e2ebee3f2228081be7f825ba012aa
16,58484,24085,4620,b76ecea794ac0623fe66568ded53eb50
16,58485,24085,5020,549cf7e406532dc6b58dc8984d1a87da
16,58486,24084,5986,272388f76802dc8d714431dd490183fd
16,58487,24084,5539,cabcf0355b9e3dd715d5bee0fc72f582
16,58486,24085,5180,efb5f3a04546b8fef61654eabffb438d
16,58487,24085,6214,ee10dbf39c01530c046ad2a4fb2801c1
16,58484,24086,4001,71057e981959e287011197298f936067
16,58485,24086,5893,508a3e2231685e1f185b51606867dd7b
16,58484,24087,4592,626b38263e7bb89f1836689a9ffae25a
16,58485,24087,5709,8a0ad7fa6799441554cb206d5e8d9ef4
16,58486,24086,8129,ebddb3e8ba69b41c7023a74cee439ba3
16,58487,24086,4768,7260327fd73edf09a08ecf4aee7c5f1a
16,58486,24087,9815,4f4eb88a63008f54367e31e27ddef20b
16,58487,24087,4624,dd86240ec09da5a80d8fb281406c8943
16,58488,24080,3872,7ccb270129a3ac24bf3c8edb2d15f301
16,58489,24080,5318,1982de019a13aa91bd99a7321f83b23b
16,58488,24081,7612,49b9d0ab84f2ab95af200499226e7266
16,58489,24081,8967,01a32ee5216599d1cc48a22a26a7f704
16,58490,24080,6189,2020e09522f21f7c44add59857968665
16,58491,24080,9737,ddadb0a5845da26bb12cd61cd26a28d5
16,58490,24081,9036,626893afc4a64f0a8db7c09736a0d66f
16,58491,24081,17949,803647f759ffa3f6fb570e4c7a6d2147
16,58488,24082,3893,c2d52a453a40065136b41f0b0431413b
16,58489,24082,4669,d7ddc280e72150238bd137630b75d92e
16,58488,24083,3455,eda4e607b11dc548fdda655d91802cc5
16,58489,24083,4118,f3d459c0c493820135f4450c0b78cb33
16,58490,24082,9357,b8848b8da786ca171891de710c2953b2
16,58491,24082,7354,22ec6828c86f7ea29901b36c4fae8bf2
16,58490,24083,6568,ae74731be30eacde327bbe41d8534d23
16,58491,24083,5982,7c97c8a072b29cb884004279a83019bc
16,58492,24080,6894,3365de22b749a2c7a17f754ec06cd81b
16,58493,24080,7572,ae8843291f9d125a0c9c068c9a81564f
16,58492,24081,15205,450aeb3a255033ed1be6e6e04304e257
16,58493,24081,34477,141f5c9f2ba26e1b2cc32f2bb81f7422
16,58494,24080,55080,7b2e1a4c376853eec5141692ee9063c6
16,58495,24080,60809,421e80cce47aeec5b9b7f1f83c08f7e4
16,58494,24081,44493,a6c59f99bdc6e7f9a077737150512683
16,58495,24081,53710,95b9cc43af1e006a22a532b25e4b3b05
16,58492,24082,4710,f84ba1aade6c2faa7becb7337c982ec0
16,58493,24082,14959,8913881373e70de2b0934239800b2c11
16,58492,24083,32035,e86af0fcc7959f4a08aaeb29663639c3
16,58493,24083,49139,c387194f47b1ee0d3f876a09401899a8
16,58494,24082,33218,f72d1ecefbb9c7630e4f198940ef9ce7
16,58495,24082,46569,e68b772447960d66f58c3f2e935723d6
16,58494,24083,26372,75abbeef3b4edd7cb022bae9e5d6cec9
16,58495,24083,24152,5fbbaa5a3372148d03bd3d6706f0c40d
16,58488,24084,4734,f80353c33d70a39239979bceba4ffd87
16,58489,24084,4010,d890d3623d850a5e085bd0d32a1d17b7
16,58488,24085,6167,d2c9ea059390b1efdc100ee2a41c5a59
16,58489,24085,6943,46b8ede73a89eae28eabca7573676d73
16,58490,24084,13583,9c2eb7a88892075b2a5568c4185eb7a6
16,58491,24084,18040,71e942d54abad80911ee2ff3bb03623a
16,58490,24085,4585,b179b8d380d4806abc5067c7782a459c
16,58491,24085,4873,3f4c1e9dfb2535a15dba29d1ac1a5811
16,58488,24086,7517,21c1eeb82656c8438fe998b171d6569d
16,58489,24086,4916,382fa082f01ea563a21036246cf17e55
16,58488,24087,7162,1caf61937b76e59da1418ac2b291beff
16,58489,24087,6677,818998f9fee96950052148cd7326c0b5
16,58490,24086,5740,8d46e66bcecc23e50437e139050faf33
16,58491,24086,5231,5919d5b74afeab0cfbf27985efadc36a
16,58490,24087,8517,8778b0ebd40b0444e10022aa9bd11173
16,58491,24087,5087,be146d76ad76f2addbbb0882ccb9702e
16,58492,24084,51949,fe6d1f150be98552a0b2d96aa93e6a77
16,58493,24084,65108,22dbd60b6a0c67053ca6e088f3f36236
16,58492,24085,15369,b19ce61d6dff48053224430f1a7af9e7
16,58493,24085,48637,e7237e3a143534438c5e65e5879f42cd
16,58494,24084,58363,79ddc965d7bc4a765dc873d3c6899225
16,58495,24084,36442,a431523c7befa21e6aaa2c376aa0667d
16,58494,24085,52291,d54fc341933d1dac5929cba1140ab716
16,58495,24085,54192,52e5cedd78a7816cba797c951317736e
16,58492,24086,10120,b39738edcc73162e8f6e2ece93444241
16,58493,24086,10270,71978c5ed2cecffaddd940600cf3f93e
16,58492,24087,4822,53dc5b79c42a2bedc9781fb37df20d49
16,58493,24087,8041,766657b33e5edd9f71c6c388fa1db479
16,58494,24086,12296,438f857580d7600f7c73667a181c68b4
16,58495,24086,19675,7869cdeaa654a9df408a76ecdfdecce3
16,58494,24087,11509,4cdaa5d9e4d9b924839221927731d8e8
16,58495,24087,22138,16fc7145a6b2f2683fb432b6e3d27e06
16,58480,24088,4366,f54cbeaeb6dbdfdd68f63444c5149a37
16,58481,24088,4723,e5111adffe9fd8ce471308b59ec4f867
16,58480,24089,8879,a981fa97a16b63916269272a8f77be13
16,58481,24089,7244,42778fcfcd4573f1df1e235344165f92
16,58482,24088,4044,eb49abcc17885c91c0a1516561f2a15b
16,58483,24088,4984,0617e6f82bb04f69902535159925934c
16,58482,24089,7000,ea9f9783775363a196fb635d9c1a9f02
16,58483,24089,9026,f912eb33c33e7410e327a689ac6c2abf
16,58480,24090,6328,1945810ecd1d9aa887673af5c4bafcd7
16,58481,24090,8153,7a6bfb0749d750152a3e118bb36a7a8a
16,58480,24091,7173,9047ea4ec4e6d60e360902f87fe9d8e2
16,58481,24091,5725,a2a80cadc932a702b870bc4b25889d4f
16,58482,24090,6545,c3a7d9d48d16d0e4304b08b1109c7237
16,58483,24090,29443,64ce15c8cd9bebfe498fa51df83d24bd
16,58482,24091,15228,f0cb37e8d22175f69e5fadd5ff912bdd
16,58483,24091,38446,81643b2b1d2a8a0a2139fc0be6b05dcb
16,58484,24088,6050,27792dc18d1d86b4bb86c9cbbccb8f8a
16,58485,24088,4604,e6261f1e1280f9a08941c7f0ff06609b
16,58484,24089,9191,cfe6f6d5b869030ca6ffa46ddd19de02
16,58485,24089,13423,819378d9481f39b3433e981e40012bc4
16,58486,24088,8924,763983e2954413ab62978a916333d7f4
16,58487,24088,10432,cf5cea4e4fbd701a7d5522664c1da044
16,58486,24089,13311,ac08ef6cdae651e5cbde6de3cade8e6d
16,58487,24089,22366,0c4122b80fad89b5b2da80bfc08bd277
16,58484,24090,29531,10d0200d8ec7b8fae6a0b7706c492e99
16,58485,24090,41958,c25ca2ceb8cf8d7313e94dce60d4db2a
16,58484,24091,20973,a1bd23747d00ba10fcab8598949cfc42
16,58485,24091,37711,51999fb60b0535dc0d3bd6f842fb5b6c
16,58486,24090,43952,4d6008556e33b94f849fffac8037f7a4
16,58487,24090,43010,f44a2eba190d6998ee597127da162665
16,58486,24091,47149,5ee987fee128b08741f1ba87cbe73f5d
16,58487,24091,51357,f5d08c8ea297f108268625fb4c80a66c
16,58480,24092,7965,63c08a64f6bb3f8cf663fa0c28d742af
16,58481,24092,8156,b2f4ad5210ded174d5afcb55fa1e7e0d
16,58480,24093,4540,ee7de019947a8e55648fc75524037202
16,58481,24093,6086,90b8892186b3579f7413a68cf46479ca
16,58482,24092,5671,14624c1d3a487e5b28bef3d59a1ed8aa
16,58483,24092,3732,71f9b448db730665699ffbfa6d5645dc
16,58482,24093,7271,ba272553154c798c6b37f4bea37d7b2f
16,58483,24093,5159,3dd46ac4aafe52f9c506adb3f7354de1
16,58480,24094,4641,637fcf6c0b2c9b59209eb7ed69cddfec
16,58481,24094,5807,aae6ae47a88fa2fc08a767c36c7f1a9d
16,58480,24095,4305,4501dc94c9d874061c62117b4e5cbf49
16,58481,24095,4345,9abe60c5664d746f50c140f87aaeb23d
16,58482,24094,4785,8ef832ddd6027ce61959723794457b9b
16,58483,24094,7701,e79918c4061ae8cf080de811afe0b4ad
16,58482,24095,4639,aa46cbd3ef641cc96c35ccae44dc599e
16,58483,24095,7640,0351dfbd4277bd6360d1361793a9c81e
16,58484,24092,10310,4d7f9681922b3f7f67f944aee3e3e4a3
16,58485,24092,17604,ba98ce9f53bdfa8a8821b8fea175e043
16,58484,24093,7661,da711002e1d7a82e714c5525491bffee
16,58485,24093,2370,3b926c7e6c9963d5f0eeaa5f4f81cc00
16,58486,24092,30241,0597be3afe76506cee3e966d72689055
16,58487,24092,12724,ec08e30f3f9c21a7844bffb9f6e4dc75
16,58486,24093,7593,dbebc6f85535e37002fc213bc3637574
16,58487,24093,7899,23ac9ad10dae942d78b07901c7fd6c96
16,58484,24094,4769,22927c718691acce5a558637cfc0c118
16,58485,24094,5284,9b1bc8635e322ec79f27770bff090356
16,58484,24095,2533,7f0bf0b4622eb15873bb9531d4d4b51f
16,58485,24095,8381,5764e3c8b956d9f0bd79906c2568d80d
16,58486,24094,18386,334d1ce4d8d578600ab3d8d0f903323c
16,58487,24094,11475,cc12153fa2088cb2e256116344fab787
16,58486,24095,9031,1fa4f3fc20ae1ec7e600836b83c196f9
16,58487,24095,6252,3340a5e2ff7480739eaa522f0a31ab21
16,58488,24088,11803,45b703a1ef97c8de6a05c3bf4d9be178
16,58489,24088,14265,8c80ba1c985b9f270cfbd75150868125
16,58488,24089,42342,0b7e3c7883ea6c0667c2934997812220
16,58489,24089,66231,3c26fef40fdceb68aa2aa29f7901a7d2
16,58490,24088,13185,f5a7ac6050729cad788f21e74f8b52be
16,58491,24088,4494,ed55a3163c6a137d441504b74449f717
16,58490,24089,54224,92350cdac34884ed0630a7e4a2732434
16,58491,24089,17452,6a6dbcee3b115d3cf33389907aebef33
16,58488,24090,55198,698636b9f4658954c7f66dcfd66c2ad7
16,58489,24090,47869,39808bf7b32b5443bc374065adc9cd23
16,58488,24091,53105,761405a7d7384d27ac4e72fbf119d8b4
16,58489,24091,55733,96ac055efabda0f109de8906cfa7c407
16,58490,24090,50157,341c6bc9e16b512aab595ef0c1a4037c
16,58491,24090,26137,acdff05a209c7bd6f12c62f1d5832e3e
16,58490,24091,52813,8dffda901e0a92d9d8328fb6ea3ba8d2
16,58491,24091,52150,e3ad48ce95b4c272fca793ff623f88d7
16,58492,24088,4544,16275255a201dcaa65ab9609c379bc4c
16,58493,24088,4170,0c3842e2187d9d2d537a78829004c821
16,58492,24089,9705,d3fde64e60816dd8ad2bbf7fa5ea73af
16,58493,24089,19820,fa09cd076ddca8c024688eeac8ef5bf8
16,58494,24088,6288,bea20592af8a94fb691f63b288673ead
16,58495,24088,20092,7485ebb2f427d41e807ee7474b90deaf
16,58494,24089,33406,1045ec2a7f7bf822751ac9b058357222
16,58495,24089,25484,e2ec2bb3c882665cb540b2fb7fd0d72a
16,58492,24090,23297,987869c07d4001197182bb6c3d36f9b6
16,58493,24090,49753,16dda09eb426530aba5ace46cd712004
16,58492,24091,35920,a3372e0bd678eef2cc9befdce0260d7d
16,58493,24091,16270,c5c973e02296f3ddb09bcec2be349de0
16,58494,24090,56385,f5b0c7a7b84142adf8522e6ceec3507f
16,58495,24090,57228,66d83e58c87714d432573f530103a6ad
16,58494,24091,53164,fad8cd16d0f8c75a5162d758e841e2c3
16,58495,24091,44047,77178da0b42070afb50c1aaf808ea937
16,58488,24092,31560,db14ed1ef51e12c4d9b8e9ca2c628a4f
16,58489,24092,35828,a833103b7a707ae9f02f5aef6e1ec546
16,58488,24093,8190,2e4c836957d5c39b853dc0d441eeb763
16,58489,24093,5873,5fa8e68f0c77be0fc4ed63bcde06605a
16,58490,24092,43632,ac15bb848f0007e493624eaf98f15c58
16,58491,24092,58212,e78b4554f6ff486c7ed5cf781b128372
16,58490,24093,3147,d46b1123d91bec28bd747202065f9fd9
16,58491,24093,25867,9c0077c338f39d23448c1a580dd5a079
16,58488,24094,5512,f54b3e32fc856280d8bff8e62411e372
16,58489,24094,2341,00b12ace051243f53e4b53f92343153c
16,58488,24095,3606,77fbb67c4ba7f4f1580cfaca68f80982
16,58489,24095,5289,9963af8247d1136c2a36cfe1c08dfce6
16,58490,24094,5235,5dcd75f7da5aaf9d5d0d7870bda38b76
16,58491,24094,4216,a5b3a6270d82350ea9f6779ef1c2e639
16,58490,24095,4122,01a85dbb89b88b90751cfd76b1330abf
16,58491,24095,4160,5f6e3167efdb21ae74c890df938fc872
16,58492,24092,43591,ee8df62c5436d5336eb21e8f4b65d8e8
16,58493,24092,7723,711d75fb814e5e8eb3da4deefca0a900
16,58492,24093,9850,76ef46ed57d00a2753cea729e10c1d10
16,58493,24093,8770,fa4a3c38c41b6492f42c3a41819982e4
16,58494,24092,10242,448e3724d1337f680969adca204a91b5
16,58495,24092,17836,532d9e7d80c2aa23213516b89f59c392
16,58494,24093,6337,914f98e95d790ee52678b340b205e12f
16,58495,24093,22478,bf7adcce233a90f6b8099acf8268a50c
16,58492,24094,12011,9d925a7d066874d3f72917674b04f50c
16,58493,24094,8638,cc0268cd6967a765bc7e96be24184415
16,58492,24095,14676,16de783b35770736d9adaa7dab5bab82
16,58493,24095,4921,e381e619fc6bfd9a25f38eef204d70fc
16,58494,24094,5031,6552332636af88acee292ee9c7377dc3
16,58495,24094,8064,5700098b06fd1e74972aa654d810a7a4
16,58494,24095,2703,c2bfac947ab5b9fb5a129a8b13f25f19
16,58495,24095,11825,0ea7ae81bf2717362475f5c31399d31d
16,58443,24097,4775,659fa19d0b4435928f6883b9c450fc58
16,58443,24098,5262,956fd79b13755a7c1c2c67b5408c7b03
16,58442,24099,1644,f350f2054470258bb57fe15d430167cd
16,58443,24099,4210,6cdc6d6b5af65592dfbe9cbd5cc0de34
16,58444,24096,5710,279fab3ce994bd8c19a59158c6445938
16,58445,24096,3963,0f8379a48794e3ef37eda1898fd57916
16,58444,24097,2911,b0df05a34bb094a7e2f3a685b225de9a
16,58445,24097,2028,fe75ba38227ba356a4e2d7c87d18c0b6
16,58446,24096,3285,a7d11bef2c057fa354fe819c86a2df04
16,58447,24096,2481,7ff009a250194014c07a4f7abb876742
16,58446,24097,2527,02652c76bf38d93e7dfa1e314fd20f27
16,58447,24097,1692,8373e1cb655fd782902b1c9745fc2d83
16,58444,24098,1804,56b28f4d0d76700d3506b7dc75f52735
16,58445,24098,1700,89e128c730d2b4c0b89b20b063d31e06
16,58444,24099,1420,bdba2e9a2daba63c7e52bc05bc17a218
16,58445,24099,2344,e3648a82d5940ffb1a1dfb88a7a2186d
16,58446,24098,1675,f51ff3bcc7214531e72ff45aa7f7a9b4
16,58447,24098,1164,3b0e0673afdd60fa17e6e73e8e0aebb8
16,58446,24099,2402,9bbed5c666f8ffdb57c58043105ea4ce
16,58447,24099,3523,e9b88fef1ce87dc753c5cb7204822fcf
16,58441,24101,1786,1a69916d0212cccd3ff83570b3d53af2
16,58442,24100,1431,81c242f0b7eb5e53234bb100491536bf
16,58443,24100,1553,9ceaf4962b9a231883cca03a58a42cad
16,58442,24101,1504,20ee7564f439339bb8894ec507e98641
16,58443,24101,2227,21016a366c5ba4cbdffaf8a8dee13706
16,58441,24102,1616,45e90a4226e28849cce1df7ffd8139f2
16,58441,24103,5242,03b982214f55a1732834489a98344f88
16,58442,24102,1757,bdc141637d8f0e58f584347f7f6e3c7c
16,58443,24102,2270,e97bfec337522f2cce2a73e62bfeb80f
16,58442,24103,1724,31b3a49bf9cc3668f9f8afed41bb5ef3
16,58443,24103,1789,312c5d00e161ced3678432b6bf85ae5b
16,58444,24100,1029,09c9d2b4a2884c7fbf82c09ccd515105
16,58445,24100,2043,9c6a942f5529e2ff4c214e1410cf6e57
16,58444,24101,1717,f5b90ae2c120778388bd8c371c518c6b
16,58445,24101,1493,11401aa8433c4c2667424303c73c5f48
16,58446,24100,3741,6b4de935e1ef20488f9b0ce6c5802677
16,58447,24100,3810,f4655d5f6a78e6d3cba5b3f20d271529
16,58446,24101,4177,9feb07be5c057545e8ba18bc286d7619
16,58447,24101,7801,519486493bc5c43368c2d15e3c085672
16,58444,24102,2129,9ad5a248c6372946a9ac34b3e7009fb5
16,58445,24102,2187,6bf200e1268b09aaffb0f95de4fc247e
16,58444,24103,1509,fa494383c2044066b9afd452e45e6377
16,58445,24103,1767,f6301302b02f565ddb2a9d9b1bca2f36
16,58446,24102,2344,ed440701b92823d98c906505d8082ee2
16,58447,24102,2049,ebe287468687514dfe266d5cd75fecea
16,58446,24103,1789,892b34e5ec91bc87dfda7aff34723354
16,58447,24103,1593,b1ec3324ce0e077d2c293ee97e892593
16,58442,24104,4028,bb4691c33fff2429c28a62be27ba212a
16,58443,24104,1835,c6dfd33f4c222338db80fc71a30ff777
16,58442,24105,2304,60c52f9bbaf4fb35bc2df02733139bb2
16,58443,24105,2287,bdd3fd55fb927e9a47fdbbcb78ed6688
16,58442,24106,2779,9d6b478ab230b6df522ba0bd78f15a5a
16,58443,24106,2250,904593e7ba47e8d3c4e797dfd045cf60
16,58442,24107,2569,f39cf6010868e4afe28f6981f49eb99e
16,58443,24107,2041,d9d4ae4225a005f1a3fce027a5173807
16,58444,24104,1531,f02409ea7ecfb9caaa86ab2ad3b2dfa0
16,58445,24104,1413,2d00b9bafdc4392b6404584abef2a825
16,58444,24105,1777,a17283f4e46176e91153c4849cd8be40
16,58445,24105,1622,9c5b8869b695788df9493f91119a107e
16,58446,24104,1348,da7685a30395e0e9407429a45d8b7365
16,58447,24104,949,1a5467a2d753b23bf154bcdf9692aa47
16,58446,24105,1835,4c806e99ad58dcfaa1ad2b0f054df7db
16,58447,24105,1626,75de602d6b1e7fb577a0833267045419
16,58444,24106,1554,2918bd2f743c9168368dafc22b9fc06e
16,58445,24106,1776,ffd0bbd5c7580c163454a7fe7940200a
16,58444,24107,1390,d2ee8e6a530dce2793ae5fd3b5b3aeca
16,58445,24107,1372,9bf3fbf8bf53c553589563686612ef3e
16,58446,24106,1266,242db747d00b75cf353134b9407e47f4
16,58447,24106,1535,052005497a92950dc17ec22c9eea5d33
16,58446,24107,1500,8025d4e58fb6cf909ce9e7ffe1d650d3
16,58447,24107,1583,80cbc45cc4d4128d32caa4d38e69118c
16,58443,24108,2016,1ad0312c7b247a45e7c9935fc350bcd3
16,58443,24109,2093,9070c92f5c8392f0b5abb17a40426dbb
16,58444,24108,1386,ce928a288b5c35c54af94573fbac430c
16,58445,24108,944,7084c38f8343b7659c03dc33ebbf7cd9
16,58444,24109,2177,95403e0cc4762e5a1b78198c792b396a
16,58445,24109,1741,cf11685d9f5eabd9642a43da64ee48ee
16,58446,24108,1427,7b32fb02adecdbdd4642491c75565d7c
16,58447,24108,1534,d02f8fbc80e0813be7592936f1d723fd
16,58446,24109,1307,5807dafcb432a7d52942b11175f146ac
16,58447,24109,1232,e77f545a8016bd9870a558a06e8f1010
16,58444,24110,2200,888a55281d7e32ce5be99ce4233a4413
16,58445,24110,2280,23e5a5a397cd92ed8d184e7090536e37
16,58448,24096,4049,ca367acd3b271c7dca13d50cdb099a4f
16,58449,24096,5137,31cef95aed5059c6ec6c416bafd7279c
16,58448,24097,1756,a86d14315cd2ebabf2d823275e7cf200
16,58449,24097,2306,cad21337fc66c2e23a0398b942d7367c
16,58450,24096,5474,9274a4b90dd5d74bfff2f02a0b545ef8
16,58451,24096,3076,bd96d61c7dfb4f885388efd87c8c93ae
16,58450,24097,4443,84709e4fd8ae8440faf543d0b1d86a8f
16,58451,24097,5138,474021c681285c75b8ab7191fbf7fb96
16,58448,24098,1162,3cbecf0c86cf8e218b7819f929e61249
16,58449,24098,4166,1dacf0e9dbb9830e7d0d435eee0e6b96
16,58448,24099,3255,751b9305b44b0bfb018e48bfdfd016c3
16,58449,24099,2416,3bc7d7dd5d64ffe14c5c96cfa51237ed
16,58450,24098,2891,c0fdfc60ddf356c6d5f4df9d8e259c8f
16,58451,24098,3471,1b5e1327e1d2747ef237827cd131e919
16,58450,24099,2185,f5b37ce5c156d395d13663cba6c0e273
16,58451,24099,2361,846ebc80587536a78c537f4132ed2562
16,58452,24096,4303,2df0627524631e846bdaf6b49f4ea052
16,58453,24096,2861,3fb41e8677f86a7b57dd07d333a82639
16,58452,24097,3597,585437ef381e4de361b1e15163bfa6a1
16,58453,24097,3027,6de729ad359c4d8737e15865db538cbf
16,58454,24096,3165,290c681e706ff41ba8657d7b4e55d4cd
16,58455,24096,3400,e14d03734d8f0f26c0c8b88750d0dc02
16,58454,24097,4457,420bd554092d0fce889e500cfc381f8e
16,58455,24097,5268,c90be048f827b004c819e2b23b5152b2
16,58452,24098,4411,e375732d653ae0e83eb2fa37ccf0efb7
16,58453,24098,4569,2e957ddf24271a0cfe840771cc9a2758
16,58452,24099,3379,35c23cb5615f6f9d70d43e8d6f172ccb
16,58453,24099,4446,b741919a947d204103a8b137d1f43509
16,58454,24098,5940,3db8968e09d9f5f5d76f3b2c99dadfc6
16,58455,24098,4789,b796f4e02e32469614c0b9cbfccb88dc
16,58454,24099,5446,bb96238d346c4d0028b212d4983f302e
16,58455,24099,4534,3a71076a61e19c549ad4cb44794ec26d
16,58448,24100,7772,d4c7565f4d4285b3bb9060be340e6854
16,58449,24100,6889,4b1714cb966db0b042bc592886989269
16,58448,24101,2537,b2a1d30721d01c5a7169dd15cfba4302
16,58449,24101,2245,b4e89f6b7e2e4364de9349728c456913
16,58450,24100,4341,167b85f23038ec8702c72d1b1d7297f5
16,58451,24100,4822,2c70ec2082cb5c721eec622ad40da4ae
16,58450,24101,3680,110bd5ff527beffed460b6dfa9926565
16,58451,24101,4820,1dd8d6d83a21ae368c60d15ba2e80de3
16,58448,24102,3231,2f2d58bb231d651a0e0d25aad95783fc
16,58449,24102,2918,952a546f03f476206468c1d848c24368
16,58448,24103,1792,714eb1f4eb404c295154affdcef58281
16,58449,24103,2889,37ed2c40872d5f107e67071ff051bf2e
16,58450,24102,1727,146b2c001e934faeda47d57df3398c0f
16,58451,24102,2429,cc8cca396f96f9281e9de84f492a2640
16,58450,24103,2203,87bf9a04169f7d9b5c5ffb54d6e931bc
16,58451,24103,2092,e28039eac1196beb93775fe33a4bed6b
16,58452,24100,4902,8c73b2a4cf5071cec6128748495b29bb
16,58453,24100,4071,9dfcd96b0ca48c4bd2b31bb8cf8b5628
16,58452,24101,4076,2b0c9d28158a57f52001effcd630fe95
16,58453,24101,2600,2245845da1fdd0b289c65c60be6b41aa
16,58454,24100,4279,b3cd92772ab270a97866637d80ef1547
16,58455,24100,4401,e48b65c7286d72ce66187c75a8918368
16,58454,24101,3046,f95b43a70e5e06f75beeada1185c6522
16,58455,24101,4518,c48368301b0aed383fb06709d72777bb
16,58452,24102,2168,95bd26f5e5add9101476bc8362cc3d35
16,58453,24102,1317,6b31a4415fab1e4e7ebf703483028bad
16,58452,24103,1852,b1d7210856b83a03d87bcbb87c794eaa
16,58453,24103,1743,9e010c4d9dd48d10e43c5c33cf864655
16,58454,24102,984,8f41a29766c1492fead933f771672ee2
16,58455,24102,2064,9a7717dc6550f4da84c0781bc81db8b7
16,58454,24103,2272,8094fa54d4a6f09f30995930f646a2d4
16,58455,24103,2699,53240fd50343bc7fbb800998088c3aaa
16,58456,24096,3735,43e3cc5ad668e81481e1a77b3f26f563
16,58457,24096,4226,521282a08bcf3c521eadaca05709d56e
16,58456,24097,5113,e7afc9b92d0b197e958df3d3271ce078
16,58457,24097,5061,df8e7c9c56413565756a7048d7e9ca42
16,58458,24096,4143,e29381a7118b0861f57acc9522c5be71
16,58459,24096,8627,a96bc6d0d414850a13fccc3d5e774fcb
16,58458,24097,5543,93faa460dfc455114acae63e3705a25e
16,58459,24097,5421,6066f7ae372c49ae044849960c39ad73
16,58456,24098,5364,fb0a42a869ff48337d22d1e2d54d44c2
16,58457,24098,5012,b4dc61265abb0908998c162b1ef48b98
16,58456,24099,4209,020dd5ae6d011c490a6ba192e7a5091b
16,58457,24099,4160,3221d6922546e403ad9470a802512c75
16,58458,24098,4955,7d9a1fe9a765b574de684939788c4330
16,58459,24098,4177,3db0184aa4fe4c45afe70b6c6f291687
16,58458,24099,5475,9c83cbf707c23edc5789f4409f36bf1e
16,58459,24099,4487,7b36c0647440e112b721af164ff31a1b
16,58460,24096,4281,8f4458ab4057039835d21f116d4ece67
16,58461,24096,3429,b0d904bfcbfa0140ee32f021584a0e1c
16,58460,24097,4669,facdb513f035cb3e6a8f2718179a6260
16,58461,24097,4936,021b917f6c24c9395f50000eb3f07db6
16,58462,24096,3335,75e930862aef8df1984e9342b8894afc
16,58463,24096,8967,3c9376554175b14d1f6987bff2071780
16,58462,24097,5826,e2a75afa77f1ddbf6f6f68321b43c910
16,58463,24097,14237,b65d83db3d448e9765cdbdcbf587dde2
16,58460,24098,5023,5a8e1925e4c2d7eb3076b282ad7088ea
16,58461,24098,4717,cb3dc5d22140bfd70f05feed29a8bb3a
16,58460,24099,4989,acbedec986b43390f02d4ca6b318e67d
16,58461,24099,4004,53cb09ad45cc056cde2e64d02c4fe6a0
16,58462,24098,5071,014bc84d835d3b3597598af5af328303
16,58463,24098,13707,120dc9d1767162ac63cfbf6929ccaab9
16,58462,24099,7251,48a6abfed34f21059477e992bc28b73f
16,58463,24099,11894,c4e73056ed6bb1e7786af496b41f3947
16,58456,24100,4469,1862c1f7a707051cbed307ab36181e7a
16,58457,24100,3950,d7d00b49b318a7aafadf06d69c4ed4b5
16,58456,24101,4244,e52cf0c4e1f30cd9c6769818eabdd040
16,58457,24101,4523,7f66569e9726339cbd2cf64a5d5f6554
16,58458,24100,5489,b9b2c6e9de0f35a92b99de4666c43646
16,58459,24100,6812,f6cbf6354481a0f67322f75539c39155
16,58458,24101,6465,887696898a0e4fb650f6284877b8f562
16,58459,24101,6959,359436344f0bcfa37443f28a63ed7fc0
16,58456,24102,3075,8548f44d258f3a7808bbb48a5c33bec3
16,58457,24102,3328,edcd04e7f10d64d6ff0f4636aff7288e
16,58456,24103,2845,9132d8febb89b3e095e93c6bec667997
16,58457,24103,3228,afd1be7f9d64e9f640170ff83eca9cf2
16,58458,24102,5980,11eea609ca1ab187e2b82c708f002e71
16,58459,24102,3910,4902b5d5ebcee6d41637d37d9e88cd44
16,58458,24103,7374,cf7139355a9d1daa4b4c41245f139fc0
16,58459,24103,7461,1f47ff082486221387debabc218649d8
16,58460,24100,5160,e22c8f1ebc6c404f872b1076dd5da9fd
16,58461,24100,4094,761a889b38078c288227b3524ad8aa01
16,58460,24101,5738,c8ee542543e2e28d8ec007e1625ae265
16,58461,24101,4568,b326486a4e48adac7ea11c249fb17468
16,58462,24100,4568,5b87770ac1393ab620bf0ee77617d3de
16,58463,24100,7907,d9c7507fb318c6f9cd06f98e75fb12a3
16,58462,24101,5123,68ba9f25ad37cbe78d9c2f2919ac12e5
16,58463,24101,10241,7f439060f3219f3a817fd9237a291543
16,58460,24102,4470,28368ed95f314a488ad6d6cfba2caa0e
16,58461,24102,7047,bdabcfac13f701000c0164b47f7abd39
16,58460,24103,6874,07ff9a5f1a784dce7c22754c640275af
16,58461,24103,5542,bbb99227ada5dccb3d13d31be1431a3c
16,58462,24102,5647,3648d4ffbaccd8f0d1ff756e5f38e479
16,58463,24102,5896,eff0967349271160c187d6e13759a2d5
16,58462,24103,4374,22e2c0ef0dc3661febe362f7558ba46e
16,58463,24103,2227,66271f3c197d727210199062be18686b
16,58448,24104,1075,7ecbd0e3eb0926900678863fa367b6e4
16,58449,24104,861,b638477758cb55e5458edb61579e08c5
16,58448,24105,1791,d9daf5694a48a22caef82f88a6bfbeb2
16,58449,24105,1254,5527e5c3f8d51e737642cbf1a29f9ba2
16,58450,24104,1969,3ba01c2e211c2a9629370f40008ef628
16,58451,24104,4555,6a4b0815e04b3fc9f8bffb49e9ebfeb7
16,58450,24105,733,8c064234c77c7ee7a20e258722ad76d7
16,58451,24105,3134,ee4b8d70b30fbb4a9e4f85512d9648e2
16,58448,24106,2408,745f8335af6ce5d7b91329d0a1a56f67
16,58449,24106,2797,cc710dd5301ef2bd1e1a95d95afb7e9a
16,58448,24107,1891,16a84e8eb727e95ed0d44d770e1b6fc3
16,58449,24107,1848,949897ad4999dbe9266664ed4cbc6531
16,58450,24106,1747,acbb2a8ca13c7e9ca97920ae87379e85
16,58451,24106,1417,a3d35c70903bf535c49a3e530c5667d8
16,58450,24107,2870,4c9e6ceb39d06effa57c49a50bcf4183
16,58451,24107,4741,bb0aff01bedd2c4a23a30174c460aef4
16,58452,24104,2356,8903815854eafba19625e298265afe14
16,58453,24104,3660,cb078632a1bbef42961e20da60661fd8
16,58452,24105,2516,3aaf8275fb01662a60156e00a3051699
16,58453,24105,2657,b6373edd3a8c6bebd64b75a92638ee31
16,58454,24104,2396,2b63b14473ff48f0f52b1192c5fca1c3
16,58455,24104,1979,ecd313d2bb7d8ea38b9784c9a89f0b3c
16,58454,24105,5192,53f42e433e52d3ef7cbe8d8774bc207a
16,58455,24105,2910,da013c4decfdd5761c8743871fd63b88
16,58452,24106,3662,0d6ba562378f23ec3d881a6290cfaec2
16,58453,24106,4126,8daa52f66ec7573fe11bb6b05a7a7e67
16,58452,24107,3601,bf6ef84e720a1b1fae42eeae4d892b24
16,58453,24107,2780,8b3756d0a5e798c513160969f1522365
16,58454,24106,7379,22da6a59f7188b218971b989596c5d59
16,58455,24106,5832,f2f433b065fd0e76107563b54f3751d7
16,58454,24107,4796,bc1071cf32b1d8f25c8f661d57e9f3e7
16,58455,24107,2732,13a15f61978551ddc042434a196f2810
16,58448,24108,2544,b72458f1d78409f963abce4684172328
16,58449,24108,2195,e4a99d19fc0c150764dd07ffdbe3c824
16,58448,24109,1816,29fa3fdefabc198a272fa059426e20a8
16,58449,24109,1578,abc39163d5d38f3a9c4edb26c3251caf
16,58450,24108,1261,a9647629ad275be05a223d614e0a3ad5
16,58451,24108,1450,039593f2bac7aef22c58d1b4bc16f750
16,58450,24109,997,b62e266ccc616104b20a8cc021b0a52e
16,58451,24109,847,62836671569289dae03488b8c771bcf0
16,58448,24110,1243,e3a24a9c663368fc08b3db0934e48c5a
16,58450,24110,1034,a420b15f645ec27b1f102cd7d98351d7
16,58451,24110,1444,8b81a0b95bcb2f5d2d7c2fd0aa908e59
16,58451,24111,1988,e451aa1e9c31903442359c2e4a2486d9
16,58452,24108,2383,2021cc50b7c6c965f83bec14aaef18e2
16,58453,24108,1519,ddf60f37cd853b33d013f956843bbfa1
16,58452,24109,1334,40746c6e45eaad0b22cff8e8b12347f6
16,58453,24109,969,98cdd8492a4d2b460f988a76b9f12a59
16,58454,24108,2940,c5aea257144a8f66d79601264eb77ed6
16,58455,24108,2079,936052f09814287e0c0b68b9d99a3409
16,58454,24109,1305,ec4374823cc5d4a0616c7a72ba74e7ca
16,58455,24109,1173,8e172984b0765054bcd7419e385fd9d0
16,58452,24110,1092,d8ba27bfc59dfa04bfd627d98f1353d7
16,58453,24110,1339,54603b3960a4d07c396a8308f4036067
16,58452,24111,2071,3127ddbc6672c9ad0664f248764a309e
16,58454,24110,1276,88cd75f603b79630be595ae56b03f1a9
16,58455,24110,1380,2077d1433d8c65afba2353be915f1741
16,58455,24111,1130,d98f992e4e2167a83e78a3fe22d7b27d
16,58456,24104,1525,a24fc3322fc5a6300014d38a9502af13
16,58457,24104,1418,e1dc7b9af29b5e23cee2d0c2065787b5
16,58456,24105,3672,7d4b49a121ea85ca9dc45f4b83062162
16,58457,24105,5132,697cabe3c071dc25cc4b48fa2b7bfe7b
16,58458,24104,4856,59b1ccd7eaa9066af143bfaa6b3243c1
16,58459,24104,4093,2c33a79c2fabdf9698d9aa30ec89a27b
16,58458,24105,6271,da527673d8af8db1819c9f0f20cf8759
16,58459,24105,8653,0b0eea76224c4941c81dff226bc03f6f
16,58456,24106,4198,a474522966c7d7614f100e5d6a119813
16,58457,24106,3526,0997301a899d18458378778946456e94
16,58456,24107,3886,209102828e495438e85deb24fb4d845b
16,58457,24107,3004,24bcdaaa63dc51d91098b66e4f8a0e64
16,58458,24106,4670,0b9c930de179f29378ab74881f420048
16,58459,24106,6810,77521c70f7e0d41875a6b62c2d60f8b4
16,58458,24107,4184,fd80b206cff4b854a3016c5d9c2e6ead
16,58459,24107,4517,efce0a937dc468068f01740edbb7c7ff
16,58460,24104,4844,8afc90d997929d93154a6a47a56eb03c
16,58461,24104,4176,80b44db879c8747088e5fd47da76eb42
16,58460,24105,4864,b0b1fa5fa6e1ffd153ef596d68539fd4
16,58461,24105,3288,99a682ed92cd4b11d748b0856c091586
16,58462,24104,2395,a731a0916f99465562aa4e3fb19a57e4
16,58463,24104,4411,b63b6fb51da93a4380be07911ffc581c
16,58462,24105,3562,ebc118f991486dd8c7c0a22566e08fc9
16,58463,24105,5859,4cbfcf0c81dc9c04d85460f0462aeac3
16,58460,24106,9669,0d55d19782d93de652859df108df7485
16,58461,24106,3296,4ac1531b175c2812027eccaba5535003
16,58460,24107,4040,37be7aba91205e3c18212109a7c665d6
16,58461,24107,3185,119d0d441e39b3fc8986c0de4030f262
16,58462,24106,4771,a5fc6d002c32ad46fb90bdaf007d85c4
16,58463,24106,2999,0c0ec6f3d5dcd46b674c4f1c1fc5d046
16,58462,24107,3242,3139277b852307cadbd9ce5c1ca2cdf5
16,58463,24107,3098,fb8b39ed41e2970943b45f4fc805ac66
16,58456,24108,3018,bff60ccac010384f3b4df4840c358c2f
16,58457,24108,2494,34d882343785285015f2a66cf4df2ecf
16,58456,24109,1330,188bc5544a7a0f3b286ff389a41eccdf
16,58457,24109,1922,b0c905ad103e2c1043310fa181884fcf
16,58458,24108,3413,26b74c3fdf11c38eac95b6c64b92f6f5
16,58459,24108,2739,41deb704bd7acdd883ff62ddca5f30a6
16,58458,24109,2293,63a150084e3a88d39bdba4301428346a
16,58459,24109,3409,bde9c64b231d850dab63c14389129af6
16,58456,24110,1040,272c13a5eb210e81a81b53a6511db4f5
16,58457,24110,1261,0f386682b5aa78bed49e9f668ae2c6dc
16,58456,24111,973,0b407829914b5c07c12a21a90d283354
16,58457,24111,1422,18eecad775d83ea5c0276540d131b5c6
16,58458,24110,828,afdd695059552cb87081b4e0710953e6
16,58459,24110,1774,daec9fa571e32c5e716b3e8c2571cf0f
16,58458,24111,1270,6cb51674d1b03b03ec981e9d70fb872d
16,58459,24111,1211,a14e8e655d698f5eaefb1ae45ea67ad2
16,58460,24108,3095,d4e74965fb653ab6615bc0997ddedd8d
16,58461,24108,6146,84cee88a83f272857a920f695b112f40
16,58460,24109,2345,96f6c4e71bcfb1f73b5cbf5d31e1122d
16,58461,24109,3759,69d003fa47fdf640a5ce1d0e0386db64
16,58462,24108,2443,033484bd09fba158e66baa5d1c1cf975
16,58463,24108,5257,6289b5e26017768f2d42d24fb286ce26
16,58462,24109,5230,737371b75490614295833ad12d2072b4
16,58463,24109,7120,803529184796c8c3bd882f20170f753a
16,58460,24110,2131,eee2bbb651999dc59f797e3140cc1bc0
16,58461,24110,2898,c8596e5de9f3bd7c403e500f90b91c66
16,58460,24111,1814,ac3d3db6be10506565e2d68a2274e051
16,58461,24111,1906,7204617d63533ef93de519da43308386
16,58462,24110,3890,598123b77a810adab4ff344bc529f854
16,58463,24110,2745,d4c77cc17913838a9bee2558fd391513
16,58462,24111,4739,818b579e56678a0bcb10f3fee9c94458
16,58463,24111,5323,bf74eb8649e79cabb63fb9f2986e8cae
16,58455,24112,1460,0fda6f639083ffa08577bc557fba13c5
16,58454,24113,2043,024bc790f301b4d1ece4c1d53b36500d
16,58455,24113,2267,15af170c6cdb289248532c6f77ed3e99
16,58454,24114,1477,8f6c59482d426fd85b3af2991d956839
16,58455,24114,4230,e786c8a3c393f6a06dc0ce9c0328109b
16,58454,24115,2744,e5a428a29240b72d4a770443013bc020
16,58455,24115,4332,8db1d1dad03562d14019fcf7649be6bf
16,58454,24116,5899,9c09f49b9b5a489f15e547b089ab03be
16,58455,24116,3204,16e873313ac77d17bee3a0dfec2edfd2
16,58454,24117,2441,24a052c33aeddbbff7f82558684ed4c4
16,58455,24117,1265,57b3658fdb7bcf977152d9a9cc06739d
16,58453,24119,2220,347b4833139583b08710ca96591329f0
16,58454,24118,2642,f0519988a5b091db77a6079bb4d77633
16,58455,24118,1692,bd62261597746d7eece36d8fc8f18ff9
16,58454,24119,1948,a2e025b90575ebfd31f4bc010732bca1
16,58455,24119,1560,f5c24e3c2e22582f0be2a7e49102b9b5
16,58456,24112,2170,757c28c0ba82d7a2dc8214466615adb0
16,58457,24112,3191,1613d5f9a9279b150a7cc99f5c9ecc04
16,58456,24113,4439,b983dacf5773c7d5b801d253984437f4
16,58457,24113,4508,77b4a0ab6aa9044143c4fe1a69b96cff
16,58458,24112,4532,02f288c4a29145955d86a8b6369b108a
16,58459,24112,3071,3a9ab5b14c47172d57fee9e679a3e393
16,58458,24113,3452,c32109bf45020341cb43460132e6c59e
16,58459,24113,4941,f61fd28be6c28a1a815bb4a76d29d459
16,58456,24114,4656,257a19487a62c0fcfec38f7358235bcd
16,58457,24114,4184,65c4123329f2b60edf3cfbb646236835
16,58456,24115,3174,e75caaf696cc9f68706ad5e25ce6ea03
16,58457,24115,3756,737c3d5c5adfc609bfa300e85e997ba8
16,58458,24114,5133,de836a1a480a40f8d1e22d085ddfa6e8
16,58459,24114,4960,f63abe71f1695c8c383d2877db8300e1
16,58458,24115,3994,d97dc631ed2d44474bed9e14b50abd22
16,58459,24115,6520,9d151914df7812446e27781427d98e7a
16,58460,24112,1742,110dc6c2c85da80377d9cc22b3df93d3
16,58461,24112,3663,948871f7962002ec4642bc49952d2189
16,58460,24113,3655,558fc15e0c055e21751f5d5077ff6cd0
16,58461,24113,4687,41ea3b6f5277a65a09541d579d8f0fce
16,58462,24112,5304,01a8388e24d579c12d2d79c9e3cfcf2a
16,58463,24112,5893,9626fa071707b06f32df5bebaf84ba03
16,58462,24113,3323,a13fc351af2e6aa0334ac3ebb8a51627
16,58463,24113,6234,ee916c4a511d08d0ed6bcea125c57167
16,58460,24114,5079,63c8281ea49372bb3d3caf1e8711e682
16,58461,24114,4496,090a619c8ba06de45b56dc8425b31665
16,58460,24115,6726,bee7bc7ef885958a315ae6d830be228c
16,58461,24115,4883,0d837f9a6165fd52a8638ef5b39d392c
16,58462,24114,4183,fc7cb62df1bd9af5ab49ba243e016beb
16,58463,24114,6973,93ac7bbf360b37aa687b1afd362e8959
16,58462,24115,5184,139475ef0f6f4865cb2ca2132b25c495
16,58463,24115,5396,d355c84ea7d6fa855476873c520ed893
16,58456,24116,5608,ef02eb5905625f63700729a3c1fc6644
16,58457,24116,4318,f16d97adde476ddb20c5a2bcf870b028
16,58456,24117,2205,a1e360a7bee2e1fd07c087f8aa013647
16,58457,24117,3676,eceaed4005d57fd7c42b973d10310797
16,58458,24116,3975,8299e605128055a9a9887c29477b3417
16,58459,24116,5313,edd2c2537c640392b27ee11079a25b05
16,58458,24117,3968,b193ebedc1160c9aad7eb88ce3b75b67
16,58459,24117,4262,c8d78e3e5485cb8317a1a22590db8eb2
16,58456,24118,1823,6a403bc476d01c3ae14bb9268fdfac48
16,58457,24118,2436,5fc6b67aa4eab730d3deb42779ea215b
16,58456,24119,1214,f910578b54b8fc4f8b21896ce4cd5eef
16,58457,24119,1731,b437f057b1712f9843e8f6ac87fbafd6
16,58458,24118,1972,5d0778ccfbdedb37ced5ef6c498bd959
16,58459,24118,4536,a83408ac1a15e90219a1a521e2ee9429
16,58458,24119,2034,e5fdf634d4d8ce1b95e2b4d4cabede88
16,58459,24119,4613,e937273df3c81524fbb1af406040c01c
16,58460,24116,3719,a2474d83e6bd1e42332fbb56b77c0b1a
16,58461,24116,5031,0786dc998e0372f18b9660e4081f6b61
16,58460,24117,3268,f5334535eb6de4f01a13034a2eaae872
16,58461,24117,3579,4d58e566039e8970f4e5c1e832cd82cc
16,58462,24116,6811,1b1e5df9cae46cb629a9bd7198ef841f
16,58463,24116,5950,4563d56a28be57f651301a857037b1e0
16,58462,24117,3872,58bed948f8d8b8b43eeed65b9eaf503b
16,58463,24117,5651,049c9970bcc161916d502d289b81fe26
16,58460,24118,3245,505cb6d569fb695ef0c1901e21df9443
16,58461,24118,3434,f30d7defdd741e9d71a26053c63e1585
16,58460,24119,2020,41de5a4c5b0c260216d02282c16eb91c
16,58461,24119,4643,46338a43d9492624ea4b45d32f7f00a1
16,58462,24118,3868,14b119431988a526c19fe0f297165866
16,58463,24118,5780,fd1bf4d522dbf3a98134982fe9a689a0
16,58462,24119,4932,65aab1d63d4b42a3e3874a7fb93d934b
16,58463,24119,5749,d2f6364722dfc735951d10daa5c8c851
16,58453,24120,2772,a927ea33068fc528f77ab165f7e233da
16,58453,24121,1655,b1a2cc152ee0f8fddca8dd1b0eea3a98
16,58454,24120,1093,d0fbd18e103df88ccf2687351cfa4dc1
16,58455,24120,1705,bb4bbf59dcf68bffc21c60cf621ba6e8
16,58454,24121,1591,d1c16a1ffb11aff013bda27d2f7a4c42
16,58455,24121,1445,bd876e9741cf443f088f9db6dde123be
16,58454,24122,1562,83dec3d6c7feac7b9c51b11d99f1ab4b
16,58455,24122,1599,72308548ebb5f2fbddef9e402bf80036
16,58454,24123,1760,eb7356ecb8162630814983e999cf8ece
16,58455,24123,2184,02f29b1d99112a75d17edbbe6d9eaf23
16,58453,24124,2148,08bde183c701c58ce3e66dc7bf0ade00
16,58453,24125,1405,16cc8df2deeca3d0e47a8dbe9234b8c8
16,58454,24124,3035,406e601d134eaa81d1744a10441e66fe
16,58455,24124,3298,90800f55ad1b99823f73cbb25d398b9c
16,58454,24125,2439,e576a396d19c614f533e115217d3e998
16,58455,24125,3446,f79f27a67b28577ad59b310da1cf656c
16,58454,24126,1674,1eb0826f936a4536737079e4d14aed1b
16,58455,24126,2427,14cc88a82f404e716a286052294c63f6
16,58455,24127,2103,7933942f50c3e7c935bc567b24c89ac8
16,58456,24120,1854,377033d3dc60122ab5d6a182db708408
16,58457,24120,2437,6ca67e1055a33f7ad57659e8775e27da
16,58456,24121,1234,0448e44891ef7c75c01e00a049f93e88
16,58457,24121,1072,9f56a3763f20ecec0cac4b3f61d56e04
16,58458,24120,2387,63956641a642f416b82a2dc8318c97b2
16,58459,24120,1983,45e203d3df40e65a5e782b396ba09313
16,58458,24121,1451,aebc52f74a87e475162f29fe81eb743c
16,58459,24121,2636,6b13ccddeda375f8c46453b5134929c0
16,58456,24122,1940,a02c08d08bf1376d542201853d41a109
16,58457,24122,1510,bb498a06a757a5deb630549ea27e8048
16,58456,24123,3953,e7ce8a87e4835738e35f8d879aee717f
16,58457,24123,4136,14b8008d0900b58d898081c8dd6378d3
16,58458,24122,4240,cc92c83cdb988331b3ce3b35ba66e64b
16,58459,24122,4810,adcf08e456833ae723b635c60f63945b
16,58458,24123,4766,135d0e7ab233d4ec79ec8508c684db98
16,58459,24123,4467,14f33a485f96ea65e05002112692410f
16,58460,24120,3317,fb27c32949cce8ad71ce609f4aa23ff0
16,58461,24120,6040,a6250b771b4847bc942c4581b631647f
16,58460,24121,3900,5c22d5a4b441ccfde83ed66b7951797b
16,58461,24121,4136,9c37ed940e26e7c0537b551f7a7a0668
16,58462,24120,3648,cf052b5f9243833bfb7f897a387ab5dc
16,58463,24120,4494,62e6f43cfb67c00ee1646754641563c9
16,58462,24121,2458,2fdfec26ef373c1ab0dd76bc98e470b7
16,58463,24121,3636,f84c728c70f3e76de8e7ad29c726034b
16,58460,24122,7120,07eb8a1e47fdf2c562152df7b79a2537
16,58461,24122,5325,f4d84952d26608ec1acbf6d7f3c06a24
16,58460,24123,2631,bf0996b5f36fc78b0690639ceafe360c
16,58461,24123,4139,4eae529058ec013ea4baf7379b8a04ab
16,58462,24122,3180,3633bdc60d478fd015f02dad0c2b0347
16,58463,24122,4600,0950edc4dbf7b6599569734ddd29a912
16,58462,24123,3934,f68558f93b8292a1c099b55413e69ab9
16,58463,24123,4280,e1e9609bdc60c9d5d95d932b0d9ed030
16,58456,24124,6387,9aaa8277ee6989954633bd43b8f11a73
16,58457,24124,5941,3d22f4ccb35ee23822c93845728cc04b
16,58456,24125,4643,9b34d776c867783713624bdd79521c0f
16,58457,24125,3817,19c2e6060b03cbdd6801b2dff9f3c516
16,58458,24124,6292,7d5a00a176105a07f0b59862ce1c91c6
16,58459,24124,5111,fd0b1a528dc668a8f2205bfd3334b6bf
16,58458,24125,3649,670cc83bdefeae51b86e2c8a4f0cc9e1
16,58459,24125,4248,26f7a4608d695ea266d7437dd08ab86e
16,58456,24126,3672,43eeb613c0d66f7d3393c445a06886e1
16,58457,24126,1997,df8c9a31dc4150932527c0ce94c598fa
16,58456,24127,2124,68f5686dcb5376faa22e5dddba3c25a3
16,58457,24127,1776,c73509b3fee5c2010d0503dfe9f8ea34
16,58458,24126,2027,d98b67027242369b736d840f34cc88fc
16,58459,24126,5412,00ad491e225e713c506da694f3db0983
16,58458,24127,1761,9f81421f0990a4544dc9a484b45d3375
16,58459,24127,3233,75332891a98cc6624f67df53da2af8be
16,58460,24124,3317,957b6203a115752a694a5fca52a38ba1
16,58461,24124,6709,c36a02022105ca9e112f037429526582
16,58460,24125,4747,50f13fc6ae5736798ea06362f683235e
16,58461,24125,3340,cbff469917da947a33a50db06aa2c0e3
16,58462,24124,6104,05d4502243c3d7030ddcfb0e3b15515e
16,58463,24124,7933,4ad3e078b0efc3ae70254a78c46d50c1
16,58462,24125,3451,b1059288e6ba98709c3edbb9c1157c0f
16,58463,24125,4060,79eb54d34bedac321cf99a93c7a99c34
16,58460,24126,3843,64cdccccf48446c9316a8cfdbf0b244a
16,58461,24126,1895,11ece03f3400048579edfa3b9188027f
16,58460,24127,3079,3fd241a263940e995f73a4d3917f0f69
16,58461,24127,1472,5712cfa3bbdd28b667b71d3b34a4718a
16,58462,24126,1522,fcb21d546858419e069cfc8f8fb15e45
16,58463,24126,1847,4956b890a8271ac21fbbefe17d211f06
16,58462,24127,1923,c26a2ada2911fa0057d234c0830b072b
16,58463,24127,2142,5dfdcf020cf74147adc782c0de1443e3
16,58464,24096,2905,744a9bf2ec4f71e40640ec415a064b5f
16,58465,24096,3721,fea284caccd683fd8e47370abb699386
16,58464,24097,5101,4066b5e1e57f9c33537dba815669c2f8
16,58465,24097,7183,94d97fedb48b7f165ab0a792f493cb84
16,58466,24096,4219,f0eee52c32c65d198267df57b27eca64
16,58467,24096,2995,fafe75c4c3d2d44fd28e64c2de65c154
16,58466,24097,6879,01a40c1f5ee32b100834fe1e1f0d2f32
16,58467,24097,4905,980490307dca4bd7096403127f097513
16,58464,24098,4976,1fe53320fefe2542ba1ffde1f72f8325
16,58465,24098,4862,fd1b282cd832203b4bbb7487c3c9519f
16,58464,24099,6335,6acad902e7e02c31439d73eb96745199
16,58465,24099,5808,f351100932ab762636dcb83a98901fae
16,58466,24098,4597,def89e837945bc7ccf0fc201c7bb8890
16,58467,24098,3963,6d120ad5a63192cd92985d8e7eb95f75
16,58466,24099,4484,f5a264afd1edc29e7f170e5ce564b2ff
16,58467,24099,4229,69e26db5bd3a1b0b6a5ed2acf75812ff
16,58468,24096,2864,f6d619c81bfb847d80b8b9dbc515b837
16,58469,24096,2969,1410f2751a68584d67acae2e8cd7f638
16,58468,24097,5356,2c0493b94fe6044750eab34dc00ca91b
16,58469,24097,3017,186df4cddec9b576a8388926a2426825
16,58470,24096,2933,51758aeae305d4b0ed5a665ff179182a
16,58471,24096,3916,c9aade869f7ea02d90953c6ed8bdabde
16,58470,24097,2686,6a0b38bc073e8a154db7ec37762a57ec
16,58471,24097,3520,14fa2dec9b4df6e54f87c725a04e71c2
16,58468,24098,3337,2821a7295dc560875e73b0714a8aad14
16,58469,24098,3067,d7ee674af0662c2f4709b3d9df583f5c
16,58468,24099,2569,b6a02438bec72149e5a9ccc2d5106e0f
16,58469,24099,3779,fa9a0266829f63f7860f1d92ae095a8b
16,58470,24098,3048,de2df9bb05f5197d75a916d49172d94b
16,58471,24098,4250,a047010905f210fd754a66df4037c602
16,58470,24099,3891,89f5b2b0752858cdd30583eab68934ad
16,58471,24099,4836,58ffd92862b8b1d84df0832c9a586c61
16,58464,24100,12283,a7b851db020c6d91140dc93b7947ce49
16,58465,24100,6777,609a78679cf2620b4d10a76f8fe37afc
16,58464,24101,19261,f5122ed1ef7d308282ddcb48657357ef
16,58465,24101,7480,47406ce32d8bc33698c45ede79d1ec36
16,58466,24100,4548,961a422916bec0d6f39eb9c9c09b9de0
16,58467,24100,3263,d4556923df8c071368f6363fd8896185
16,58466,24101,3958,385966c3e6840d33121dbb72bd9ad5db
16,58467,24101,3821,f7ebac8b2a784f341dbe0d15f8223a28
16,58464,24102,9199,6daf55ce9691b8bd35e766aacb7dab6c
16,58465,24102,3974,4a7da2dadcd34f64ecaf3933427da658
16,58464,24103,5262,0baeb08aa49ecfad3354822348be4d31
16,58465,24103,8668,34fe0693a89979788b86fc1d89eb89ec
16,58466,24102,2999,0a17cd0109fe0cfa896a70e1281fceef
16,58467,24102,2815,96f9b39948e524b56f12abc885f80598
16,58466,24103,5499,76c9379d0776b072b1a007441fd230a2
16,58467,24103,2568,73db7f795f5c755dae3fc5471304b198
16,58468,24100,2574,4ba4c1ccc9c96228efc1f33f868e7c40
16,58469,24100,3023,db9c5ee779c653488e55d07a19e84afe
16,58468,24101,4235,8d154c7bcea4919abe5ed24da5537f56
16,58469,24101,4183,8cdbc359c5b099c012b4a7b363c379ec
16,58470,24100,2536,322e7908c4e4d27beb96142102f4aa86
16,58471,24100,3863,12d6409276f7daf91cf6a3f532492bb9
16,58470,24101,3117,2f7c85ca293a7a834c06fd0145be7198
16,58471,24101,4771,22a525ff9c6ee7e3363fcde57d48878e
16,58468,24102,3475,aea91ec29d603b051ee6f9143699b52c
16,58469,24102,4594,3c8e638533b49920d21568f96c202b2f
16,58468,24103,4335,f4f2874d97ba0766c323e9285a0f0d45
16,58469,24103,4732,7b0743f2b342a7438077d74144b43e10
16,58470,24102,3835,c48e8f9db7a9eeda3338df853b4d2ca0
16,58471,24102,4041,47b838672f77fd4049b46cc98757ebe8
16,58470,24103,3848,b0e06ce379b131604b67b8610f831432
16,58471,24103,4010,6c57b5dac64adba7b3542d603646849c
16,58472,24096,4055,1a528d2b827e6ba8fb4193946e119637
16,58473,24096,3705,701bf17648ec1049d6a2ca3a81ee152b
16,58472,24097,4669,a9e7ddbdc86b416c68b55efcedbd2b52
16,58473,24097,4053,57ad91bf4fa95157584cec56abb8886c
16,58474,24096,3812,31eef461e14697a8a688310d7b1b191e
16,58475,24096,3072,5a8c33d11f8a26538f3370e6e0f4ee51
16,58474,24097,5047,360451daed74e8751fc3a406f9e57a41
16,58475,24097,4676,050ee659cb1aabacc310943363fda553
16,58472,24098,4212,a06d0074b39041696a45d65d9862d015
16,58473,24098,4205,feac4c6ec79c8af6971f7b9ff80b92e1
16,58472,24099,4784,cd86307bffa6e450452c07a25e7c328d
16,58473,24099,3732,a1d21257c0460a6bc72e6f5c5aaf88ff
16,58474,24098,3873,89faf8525071658e1d54f6ce78e80082
16,58475,24098,4290,fb73a04291146a2056fc8aab4a5679ea
16,58474,24099,3595,417db26584439c31037f0f865dac9670
16,58475,24099,3167,4ae7fec53f5fd3a215465cd8f56e03b7
16,58476,24096,5732,2536e02133723c253f1ceef62ec51948
16,58477,24096,6406,225a2b6659649a45ed27d4ce94c3de91
16,58476,24097,4249,275a42c8ab8ba0ea7f99aa167a89ff6b
16,58477,24097,5132,ecc04a1e8e6858c7b73ecc38b03a3038
16,58478,24096,3540,1469a35ef4e04b027731f5501d6fb4f5
16,58479,24096,2538,7299da4f5c51f6bf17538cf47e8bab52
16,58478,24097,3544,2d6cf76d6b1c5bffa4972cd5d8f69594
16,58479,24097,2761,3a0357c9bfa4329c2a07390303355495
16,58476,24098,4094,030c274a02d774ae93d6803f69c74895
16,58477,24098,3651,b4ae03893a76ec215024b0a89adcbf2d
16,58476,24099,3813,c29d6d80741217d6d90c95750a5f7afd
16,58477,24099,3983,630b7caa0e7dcbdc991156abb11ac42b
16,58478,24098,4271,c5e3c899d59bbcf7def25a461ee1fcd9
16,58479,24098,4248,f6d304a64264abb2a1cf7db8f50fcde3
16,58478,24099,4921,118ef1047c85037d9cabcee45d8526f2
16,58479,24099,4441,0456b21242533b43635e30d5f39504b9
16,58472,24100,3562,f8d0ec3c769ac77b6a8a44def8b863be
16,58473,24100,3416,ea40699195d57e2c82f72ba1c0c31341
16,58472,24101,4646,bd4d5af64f66adbacb82112039ae42e2
16,58473,24101,4799,755a69cc8a2dfe421c8f6adfec73c3c3
16,58474,24100,3691,59ede27667bcffbf97ab1fc2233c427a
16,58475,24100,2108,4ac8cfba8c06a6ce25988dd220f75871
16,58474,24101,5482,89c722b6aeef10cf8a0ec0f81e473b98
16,58475,24101,3987,b8eb4935c8d1dfb3f3a716c93607eded
16,58472,24102,4112,1b6cfccd92458e58fadee22a4d85721c
16,58473,24102,3632,40e65a378500bfb660e650a1ed7aefef
16,58472,24103,5940,e2df66b8f3246ce2338e9af66f2652d8
16,58473,24103,4730,6c4bd6a7f86e96ddb3f46a0066792fde
16,58474,24102,4807,d95dc5275a84dd558e9c4f0196b59721
16,58475,24102,4159,ac873add3299b214f6e2d888ed96129c
16,58474,24103,6375,390f31ff412fce1ab8e26887d4c5c9bb
16,58475,24103,3988,fbc0ad249e99be240b277d938b7425b2
16,58476,24100,3366,7365a452789e7a6ca89eaa11d7e4e64b
16,58477,24100,3225,c1b2551c59fa7e4ef8858510afd9c076
16,58476,24101,4184,bc534bbc50bd9001f460797944d25b5f
16,58477,24101,3971,05e584c7940f6761211fb1639f17c717
16,58478,24100,4018,aad4a1c0e4cfea7f86e6f275094c6dd8
16,58479,24100,3676,2ecbb1a42b2a76b75816df58bb721ad6
16,58478,24101,4795,f9d6c30ea97671a63bd02560080d826b
16,58479,24101,4418,516959b1774b588d058382842a8cfd33
16,58476,24102,3336,e549c945827f0f4de6aae83e0ab60210
16,58477,24102,4107,82974d89b12afd731e1ad609cc7b1d56
16,58476,24103,6924,d6584a5fc64018f173fdf95f432b7bcd
16,58477,24103,5039,e08d5491f33923679c54847d01cf4be3
16,58478,24102,4066,44dccf898e02abead46085e6cb2ca31f
16,58479,24102,3650,a3d82f73629328f6d07b9d05135c4ce9
16,58478,24103,4372,c1e182a319606878a0de360bbd7ad6c6
16,58479,24103,3248,c60df44fc8275597c3c1c8ea89a025c2
16,58464,24104,3597,3459c214b6c4402085866d9aec9e418b
16,58465,24104,3911,6231b769a746f8a1d0b469fff3cc0d35
16,58464,24105,4691,ec2985cbcd3954c41de00af741c3eb8a
16,58465,24105,4958,cc342213b8bd33a55a8633adebbeb593
16,58466,24104,3174,006b4043751e56aba79d4790ae232cef
16,58467,24104,2129,5f72ea84a8cbaf154d19762da2544c00
16,58466,24105,5961,d301c498795b5cc1d8ef106f2e437e22
16,58467,24105,3083,aa1ebb2ee163736608f35fa6fb475bd5
16,58464,24106,5277,7d92c700a04ca29392f36373c3139694
16,58465,24106,6562,8c547df5628a5eaf44e6c9d2fa97b4d4
16,58464,24107,3177,31412acf4b010698ac75203f4e985220
16,58465,24107,6669,a860925f7aef6d68a8c91b2189f5d8f6
16,58466,24106,3964,49e293e79d88cc3ab9439c0ef6a68eec
16,58467,24106,3289,e656faca83a638da7c3624e505977fb4
16,58466,24107,4245,bedb6bd56adcff746c16e6947593e092
16,58467,24107,1725,6a2ad580faa6d5b638b80460228c7e39
16,58468,24104,4629,4dbe9bf98d64d97a0232be61b55e89a0
16,58469,24104,3887,a4575fa8a260f6997002d5979f28674f
16,58468,24105,4451,35e506f7b1d89d2e91f761e3a06afc6d
16,58469,24105,2907,00508b89d42d58b9ea3789abc6cce6d4
16,58470,24104,1498,4af290abaa799baf9885c4c73ed92ce8
16,58471,24104,2011,81073596157e88812eb527b68ed2fa83
16,58470,24105,2674,53c8fa4cce68c4dfd3f73a614a6878e6
16,58471,24105,1528,a760f32c98d3170688a128f3102557b6
16,58468,24106,2855,87df425bbe3e05fbb5a65f77a1b941c2
16,58469,24106,4082,262e54eeaaaef633cb8c66ce61eb8718
16,58468,24107,1674,5cf1b83afe103e2544c0428d02d2c6c2
16,58469,24107,2935,39d696804778c61758c864b30c4b2caf
16,58470,24106,4182,7a9602b45f1d828c965f06eff0a443c8
16,58471,24106,4530,1e653b08e9fc7a12b904c3d0fc1adb69
16,58470,24107,3222,6b822651d9aae956ffc1e3ba16273890
16,58471,24107,4329,a9f34cb0143de0429c89d608ba0cf883
16,58464,24108,4749,6d90053a0a5dd00825740682432ed37d
16,58465,24108,6900,5240f89a018fe7af7c1638bcf0d28cd6
16,58464,24109,5074,7fa831fc76eefc046ab3074fdeca9b33
16,58465,24109,4189,ee38646142dc90102233cadd87a0a4b2
16,58466,24108,8922,016df76f60d7ae1a964b345c30a8883d
16,58467,24108,4744,a927a2bf22e327edb854a616d211a7a5
16,58466,24109,3072,69f75b2176087df0194af2a8bba2bdb1
16,58467,24109,1782,1dd4894ca56ee9191288ef240cda7355
16,58464,24110,3272,9b29a8f72b9b9e0d50d7656e8326e086
16,58465,24110,4117,b5890c467c88223d8966ed77ef1338f8
16,58464,24111,6412,c73a1bb9690b365146107bb71a7aa075
16,58465,24111,2497,fb84733dc68d619e6cc94ddea9a5fe25
16,58466,24110,4146,ba98714869cdeec2989145f76dd88967
16,58467,24110,3203,0a6788b4f0e28752578250a3e1db1668
16,58466,24111,5949,4e00adea5881f438440faeae7676b9b0
16,58467,24111,6091,f5453e1f4682237e07cdd41ce538ec57
16,58468,24108,3070,70041b1ba2aae62984ee1fbaecea6ec7
16,58469,24108,4035,24e3cf382a69c0aebc9a05f0bb163d24
16,58468,24109,2508,0ecaa7502fcd847d2ae71e5d1ff25bee
16,58469,24109,3875,89b70dfccd228b5b6dded2d9439b08f2
16,58470,24108,4313,0e9474ed7e3927c8f58a72447e73d5f0
16,58471,24108,5333,1a2a9dcf0bc86b310ecb6d5c8a372c35
16,58470,24109,5117,3b1481fa62d48382e34186bc97ec6b9a
16,58471,24109,4541,d267b8893a23a2e3c34363edfc42f500
16,58468,24110,5459,5bfc9f2fd07081427a7aa29296bc2583
16,58469,24110,4473,ccaf2173c25f2e4fcd1cc56975f0e0aa
16,58468,24111,4555,e9cdc096e06a310ecff39ce0212dfe88
16,58469,24111,4603,d23e360712e1eea512784bc989beea6d
16,58470,24110,4795,ffa28e222ae5d67444ebd5ff661eb158
16,58471,24110,6732,cabc9923c75cea2d1b81fd3c7a4965be
16,58470,24111,4558,1238158227200799d0679b377fc0418f
16,58471,24111,4359,a53af5276ebf1f4e24b105d6dbd2e723
16,58472,24104,4029,44bf2c990aa9869cf4a3b338a405ddb0
16,58473,24104,5404,d565af14d57e06657b4a258017e5fbf9
16,58472,24105,3500,7908950403c4c7b4faaf9ab792b6e02f
16,58473,24105,9576,483d02de2513211bec4225e679e28706
16,58474,24104,4792,d7dd79b425378f5bdd59f85a9663d284
16,58475,24104,4957,99a5f8d774c59adeefc8a52b350df96c
16,58474,24105,5808,89bb345845494f4dd9f1c70fbaea1be3
16,58475,24105,8234,707efc3a66377ab0475c22e9605c9ced
16,58472,24106,4434,a7bdbee02a1534d2da759f3f709416ee
16,58473,24106,3772,d1eb83ab60574b5992e37b4b3da4bd46
16,58472,24107,3284,0f9a0c98a673c490dd609616abe1cff4
16,58473,24107,2832,5410b9578c176aa9fed221d1e507c44b
16,58474,24106,5002,a47d34e0b0c9572228ff3d141181098c
16,58475,24106,3719,f4398dc4aeb87509e9dd51d262993eb4
16,58474,24107,2787,ee16d2d226fcdcd2b38b7beb885a9469
16,58475,24107,2584,659ea1bc85d32d6d69f54dab685961f2
16,58476,24104,3372,c20e3c4edf7082aecbe073816d62d915
16,58477,24104,3533,600acc8940b39fd2e76f43610080162d
16,58476,24105,5233,621e81e34111f4796eb4bdad01be8368
16,58477,24105,2230,ffddab8e963a303130a637a1b68a0430
16,58478,24104,5155,1662bff44eecbec78f3986fa39e5fd78
16,58479,24104,3371,498a8b96d16b9387bf063ee6b89dde7b
16,58478,24105,4478,f672f2e6927d61e4696a58b62993fb52
16,58479,24105,3890,7159fc7d685b85dc136d0c2c44a69245
16,58476,24106,4005,d4fae6b761b34033ac7d6bdda3e5d59b
16,58477,24106,3551,461a98c34a0dcb5cf3ca682e8ea9831d
16,58476,24107,3416,a70216c4588ece8011d2c761e5a83098
16,58477,24107,3997,cef4d1249dcaab217ffadc7701349061
16,58478,24106,4822,fbd083af81a1fe1b79a0f27e436cb8a1
16,58479,24106,5479,8d0b8e2543bd390cb86ef83a299dcd7d
16,58478,24107,3270,995c980d1812f407071350297d1f2550
16,58479,24107,2946,50bdd70e516b444a9eb80477fba2662f
16,58472,24108,4709,f351838e0c648fcda7882b62254c3543
16,58473,24108,4549,239daafae82360bf9b5f017877ed11d7
16,58472,24109,5219,c7702bf26ebb6e152077f777de0704b2
16,58473,24109,3091,ba4271c161498523a867d6832ce3bd6b
16,58474,24108,3895,6b084ce07d543313360655864248cdad
16,58475,24108,3872,bb00659b81913503c0103a40baa490c3
16,58474,24109,2272,76446d9c53eb92cc7784ec7c12645074
16,58475,24109,2644,d75ecb29f76531427279adfea26b0964
16,58472,24110,4710,03bf59b8c0a0ceb8684ca92deb843bed
16,58473,24110,3016,0bb025ba4504fe24dcc016f5888b2c5d
16,58472,24111,3277,98b3d1e4b67bb35e4396b2e2e7e0b7c6
16,58473,24111,4510,07f28b9162bd84e9bd8db958cc660476
16,58474,24110,3040,dbd4cffe7380d2091c637742631ecf84
16,58475,24110,2977,d28b40b4ab6207588e4cf9b322e17050
16,58474,24111,4775,a4886f1301f05ac271a6e9643dc60629
16,58475,24111,3930,fe452190308118242c8e0c3baf1519f7
16,58476,24108,2725,8c8393ebcc0369e4661f912e9ad3ecd8
16,58477,24108,3683,328dc5052e0a210247a004342b0108a7
16,58476,24109,2419,1d9064744dd04cb6ce19d96397f46008
16,58477,24109,2259,5b786da70277742ac89f994295f19d81
16,58478,24108,3665,50ac5bdb057ec001d8fee811de585e28
16,58479,24108,2835,6931e99767cb938d3cd78eb975aa9969
16,58478,24109,2713,7e07b59909cc9be5366b12a4a123faf6
16,58479,24109,1900,2cac7849d48ee3c3efd4900dfb118f14
16,58476,24110,2227,a8bb26955d8e5dd3d9f5ee80556fc2e6
16,58477,24110,3137,b663c4f9b29bd0fdb87d60636f9474a1
16,58476,24111,2539,d852622fafecd05d9c94951f2770d479
16,58477,24111,2183,4c0ca8f8db37a3493c1b9313a1402e1a
16,58478,24110,2144,1c24530173f7a7f1233af86650b4a4d9
16,58479,24110,1528,cf54239991a56a41e2429b220ac7bc1c
16,58478,24111,1533,a66001abe00a3b87a0d050a296e8787e
16,58479,24111,1479,d781e8b791ce5dd622a36a8641320e64
16,58480,24096,3078,ecb9ed1c67fe1a1895a450dc6bcce83c
16,58481,24096,3305,01be3960fccbac3826dfda7ca373666a
16,58480,24097,3432,628e9005fa16ae8d631c704db4c150b8
16,58481,24097,3699,0a26003945abb4b5f5d339be9679255b
16,58482,24096,6503,5ee53ca8557b5176820510fba0f18cf7
16,58483,24096,5161,96fc3c1c9eb0cbdd57e1ddfab9f9de72
16,58482,24097,6895,a054c22b8a2d2d1ba808c08fd3fe8e44
16,58483,24097,7859,358952ad6fc7aa08c52d65a98acd8af5
16,58480,24098,3170,32e37d31eaad5de9d600bfcfd31718ae
16,58481,24098,3102,9d14392141947b688157414a22bd08c1
16,58480,24099,3574,c71a40513c839db6f3961868eabb0e45
16,58481,24099,5725,669e0668a04b10a390cf698b6df3aa9c
16,58482,24098,3168,5f76d3f6df675c528540a3f8013311d3
16,58483,24098,7841,97902928bc5ee4c953e59e34f3ec55ef
16,58482,24099,8811,62fa07593d16093521fdb7009bfe1710
16,58483,24099,4892,215bb90c2c18ea8fea5b5c4d003fbd6e
16,58484,24096,3163,c841e2be75ffea90466e63f93e240c62
16,58485,24096,6773,2e3877ea9fd6f54526aee7afddfe954c
16,58484,24097,3048,23b204b8b60501ee4e73a98d0d23c67a
16,58485,24097,4301,9ad2b963a00872fe40e0358940bb54fc
16,58486,24096,5280,8480310f3b44d4a63ba03fe328634525
16,58487,24096,5331,87da05a1414134c05494bdbccada7c73
16,58486,24097,2906,aea905ddeef053cfa012057d18f229f7
16,58487,24097,3371,bfae5e8d337f5b1ecebcc573a0629bcf
16,58484,24098,3147,6f499b35ace6b27a070d96eda16b578e
16,58485,24098,1930,ecf5e4bbbec55af466ebba67e8381d4a
16,58484,24099,3308,abaacf1c9fd93f529557cb319e9410fe
16,58485,24099,2665,046082bda1e39a54d875bdd9d88e9215
16,58486,24098,2392,54ba6b38d6217ee7dd6a90be714e781c
16,58487,24098,2708,44f8fb908d7939901db685fd3b68e67a
16,58486,24099,3393,f0a8d764ec7acbcb8c194ab72e6135e9
16,58487,24099,3235,7182a27acba651d062ddcdbfe4fbcbdd
16,58480,24100,5073,d7f958fe0b24fd8f39bfeefe01f25137
16,58481,24100,7797,d4a50bce5c7f6ffaf4aec09d92a03eab
16,58480,24101,6522,81f8fc18a79f18aefd7207dd7bd17572
16,58481,24101,7510,0364dfdeef6e9bf8d93354677846848c
16,58482,24100,8015,b04f5fb7ae59ee1a20c8bd5709295130
16,58483,24100,5256,8e38b8328d35326b3d489439dd939a5f
16,58482,24101,8024,8346b3776e9216a51d5e0e52d594b21a
16,58483,24101,6154,639d52dc75155c47df948ad72ae87c16
16,58480,24102,6913,2976cae469944ca54c57e7bc0c7825b7
16,58481,24102,6245,2460849feef160d1d9241d79d831864c
16,58480,24103,6341,ae56c84602afec982683c13cf98ef4c2
16,58481,24103,6587,a478140635cedcd883fb8ce171d8f250
16,58482,24102,3331,e3bc3dd35413a16ca57a13967f3c3183
16,58483,24102,10124,4f38a002a0b03db38f9f76ebafbbc5f9
16,58482,24103,3692,03b4e9f8746c50c2e5f2fa5d23950e50
16,58483,24103,6563,41ca757dfddb62327e3c2b2f567f0a6d
16,58484,24100,3888,b14cc5529fd1f1e37da965f6ef6146bf
16,58485,24100,2051,4a1ba520e261dfb35eb01fb592a728b2
16,58484,24101,3413,12506805c21980c456269d85e5697525
16,58485,24101,3188,0ab503987d52148a5f3bc7dd6dac4de3
16,58486,24100,2908,09e61b4f9f8eaf91a659afade891d29d
16,58487,24100,2903,b2ca6d70384ab67337ca4080221f25fd
16,58486,24101,3682,c25648955a0b49bf94713f8712b5ec72
16,58487,24101,4929,452c22331dfcbe89763992e528b353d8
16,58484,24102,4197,dd706a2e6744813a23a92dac6d29902e
16,58485,24102,3160,060a5d9f99b0b1e0d9bdf0bb0b5d219f
16,58484,24103,4815,419c20ceb96fde2a112167cdf90cae85
16,58485,24103,3344,cced4e5865a78ea289348258601f7f71
16,58486,24102,3921,8ccd5206f6f568ffd322660990c75db7
16,58487,24102,5246,b792949ab802e1bf0e71a43bb6cb5c5b
16,58486,24103,4296,3143e2282ab654f3dc4d200675443bbd
16,58487,24103,3686,5d3064b1be49260c8804b085c6481332
16,58488,24096,4540,a990f47b1b7ad9ed9f04c0cd11845d2d
16,58489,24096,4353,3ffb455e46809ab2339651e47e94707e
16,58488,24097,4743,1201f7185fcd3039e6a2587bfd931038
16,58489,24097,7781,3f59c8b35f866e5317547624fac6a7f0
16,58490,24096,3284,bd3375545e970e776334b95d423886e2
16,58491,24096,7764,4ed651f9f77126062289fe30b524824e
16,58490,24097,5928,bff7b21a5b47fb5c9d5606e203567f10
16,58491,24097,11110,e07e6ffacfce4efacf64456f90ffe3b9
16,58488,24098,3851,18c5db50d12501220101bf53ddb09a2a
16,58489,24098,6371,ba61349d9d1f63cc1cb15697b6ecef40
16,58488,24099,4819,48d67d4176b477fbd9547f76b87ef63b
16,58489,24099,5364,4ddecd2631238aa09d9a63f5d53cf637
16,58490,24098,8896,5871b60cb9c35c06af7d63bdfcc377c4
16,58491,24098,17219,3e846899612adf5a57fd0fb7a75b8786
16,58490,24099,4308,be9ca17e2516897db397150bf1086c59
16,58491,24099,2750,92c301d4bce1fd998a2a263e0d26ee89
16,58492,24096,6020,8c9221c719f8d4b022eb45ba8a04ca1b
16,58493,24096,3096,afdcc32f8a766c88c8a5048f2a90881e
16,58492,24097,6409,c05e3201c203eb086c36715aebf7d8ab
16,58493,24097,5991,e693805f36df9d1561e67ff699896b56
16,58494,24096,1927,d7c328b6d83f5d3257226676ff49471f
16,58495,24096,5105,eff45b04ed543aae810d775566158212
16,58494,24097,2323,3484ea23fe543dd23c5ede3c219f5d3a
16,58495,24097,4539,b0a1ae189cb65037be885acb3e48d732
16,58492,24098,2700,bb9f0c933bebc131160e0d2be00d1de7
16,58493,24098,3266,496ba4e8fdeaf9973b7b625f1dc40151
16,58492,24099,2504,002320f772805a95931d2d3a212e4479
16,58493,24099,2721,ecd9aae787d8a4222229f5b4becff204
16,58494,24098,4788,ee4f2b4c40a1d1d1e47f2aad498ca973
16,58495,24098,4645,266b8ef42d0b7a2805b249b7da3a7d98
16,58494,24099,3973,44a11c339576d5590fb22d86333da5a9
16,58495,24099,3049,60e2f9cc8b410d30dd5eadfb9360f2cb
16,58488,24100,5579,bddc2f12db12693b0d9dcc4dcd82bbbc
16,58489,24100,4659,43dbfc65b593781d41c9bc6ac37cb055
16,58488,24101,5288,95dba59c4cdd0d223dc3f8452b2c6616
16,58489,24101,6481,a7e9d4c2bc7e47f0a0b7ab11792cca9b
16,58490,24100,3133,543256052a51ec6329169f67b131ab03
16,58491,24100,2914,947295a13b3617613123b450f90e4261
16,58490,24101,5981,6f1d2435865400d2b3d72db21dfe7817
16,58491,24101,6051,196fe7b342c705f0b2b187c020f72f0f
16,58488,24102,6454,5c2b4765dddb7e4c83bed60d6c015fdc
16,58489,24102,6268,4655cab566906bf6fa0fcba1c970c846
16,58488,24103,4413,b680de0a3f73cb9d58f4ebf350a3fb39
16,58489,24103,5217,2f780d8e27e334beb216885885a24cde
16,58490,24102,7296,26754c7d3af7d43861c2dbc448f7f765
16,58491,24102,6903,18391b9b3d03d418d11bc717c3e4dcb6
16,58490,24103,6574,176905fb3d0e3d3bd4783be5a2477ef9
16,58491,24103,8831,aa0579065e4c5e1735f04f5f01a18905
16,58492,24100,2815,eb4888ac6cbb7d4607d0e7c3c4e743ea
16,58493,24100,2196,e1a8bd21ef12f5a1dd23ca69883e7bb9
16,58492,24101,5158,592a53c58c39647ea7f560673c56a237
16,58493,24101,2938,5a154f77234e76c7efc63c3a2b29f2b3
16,58494,24100,2571,f9821fbe06aa2cd795b4a36f71d593b6
16,58495,24100,2448,c2a4346516c5fa94d003f72c4b993f84
16,58494,24101,2830,2cdc2668a2ecca825aa651c40f63ac33
16,58495,24101,6823,707fd32e5d06fad835c5040708643140
16,58492,24102,5794,2d3c086c1ac0a952cb3bf7802d0b8615
16,58493,24102,5583,14183e280cb6d2e99fcae71568eb6d85
16,58492,24103,6923,945ae5c61721585cbf0c2c962be08e35
16,58493,24103,5562,2b95c118a532accff9749838d98fe1c3
16,58494,24102,7426,3123faaf2a63e0234e5a797c43ad81dc
16,58495,24102,11331,001fcc6cd7c3c8d86b9597155353aa48
16,58494,24103,11920,441532912d4c30e4e6da01b176f51630
16,58495,24103,10331,78bf1ac56f1f833db54120a43e1205ab
16,58480,24104,5912,87c2e5e4ba5674e3c2e26091f4448f12
16,58481,24104,5992,e43613fc13cdca7830c96b3b9ea5d4a2
16,58480,24105,4058,95e592ead2cab77b87b9aa0b5dfc7ed2
16,58481,24105,9001,6d0286cf527a8526388db64594da015d
16,58482,24104,3792,03811bccdd036a338356c39952148f0b
16,58483,24104,5458,6d6a1f7db72cddebea258f5ee86c91c4
16,58482,24105,9552,c65190e8ad92811d46e7e0eb4a82947f
16,58483,24105,7203,61cae8774b7d904283f1e33be2d8adfa
16,58480,24106,4959,172388c35d7bb58d4d710d28dcca6d9c
16,58481,24106,7577,9758eb6b51c67b6e29b479e14e4e2af3
16,58480,24107,4720,bc110b0f553be989bff028b99d8b3cd5
16,58481,24107,7140,c58a3a2561472a1d7fb471dd1bb2905f
16,58482,24106,8105,36916a9edd9fe89ec35a9166c550aa03
16,58483,24106,8376,de8f2cc26391319003f5427c42af0dce
16,58482,24107,4706,bb1c183db82f5a02240bbd783d4d73e1
16,58483,24107,5399,fbe8c1419905848c8638147684f64b6d
16,58484,24104,5694,df7c9b36a7f2a0610bfac4e2ef8a45f6
16,58485,24104,4174,03d9dde7db8c5a7016a81536eaea265d
16,58484,24105,6723,fb68f400efade819a8f31600379f7c4f
16,58485,24105,3847,eb3e52d196d023b564efb4c26523b35a
16,58486,24104,2781,c67962a567efae974265656f53d5bb1e
16,58487,24104,4027,c4adafc267dcfa5ee1ad6d57d3c5cd8a
16,58486,24105,4139,c07ba0a64b5269baec763040e2e618ed
16,58487,24105,4990,b105dabd495e1fffc0da85d400090386
16,58484,24106,5608,fade6a1e093bb759d53aa80a21fafa5b
16,58485,24106,3801,f1f497e890dd5701073234d68966de1e
16,58484,24107,5769,151262d522e73374e48671d2015d0d68
16,58485,24107,6527,aa07c7582e0606074c790c1ee72ce9c1
16,58486,24106,4330,59854c45fb81be3d257cf338ae116235
16,58487,24106,7043,3371d2ab668b63555ac610ec5d58c8bc
16,58486,24107,9945,fc85ce8370d029682712554610868de2
16,58487,24107,9362,0c5192b391bde00d770681f86989f9b7
16,58480,24108,3814,ab75716daa782e70e63bef2e96f48539
16,58481,24108,3543,695701991848aa7fb54ee91eec74da16
16,58480,24109,2546,382e079a4dcda4359177c6b25921832e
16,58481,24109,2144,3bf4f054e5c0e92e3c3b0ebb51664021
16,58482,24108,4831,e19628e6ce4f9f87ad8fdf37e74f0cc8
16,58483,24108,6864,1ac0f0f466b0fddb864a03ee327c3bc8
16,58482,24109,3004,8d1f0ff6d68790a957b35144a5fd8efc
16,58483,24109,4869,3ed5a587e2cf72dd4954bc830824df55
16,58480,24110,1605,e1726b8d0188560d3a33bbe4de347cf1
16,58481,24110,1879,5c579331c0f1177f9a6823c64aaa727d
16,58480,24111,2709,c6d14fb2e2a6627a7a16981396b7c43d
16,58481,24111,2397,a8e8499131f16f6ce3f1088cfef5295d
16,58482,24110,3139,a8c52ab7fb4c7d92d6b38600154f356f
16,58483,24110,5465,aff1d7fa6be56c32a3bb6e318a60a5c5
16,58482,24111,2618,c17801475d2279eb3b53b29ca3ab95e5
16,58483,24111,3794,a9530f4109c6027c7aeb011590c8d2f4
16,58484,24108,5530,1714d4ceb9777c74e1c82635433b8bec
16,58485,24108,5087,d6637b4152ec68a7ae3218e204be17ee
16,58484,24109,2958,b817c760f60b2cbf1ea2dfa5b7229008
16,58485,24109,3031,5376976ec79fabfd8f54f6068cd14dda
16,58486,24108,4782,f8a7fa72e298a2557ee1713f2daf2a81
16,58487,24108,4839,93660fa64ab2a3f131e6c958e91077c6
16,58486,24109,2948,7767929ed09333c2381f7f168d6f0c69
16,58487,24109,2691,c017cb2c75ce6d4fbdcd1e7fa30733ae
16,58484,24110,3745,bb7d309910f372f5148342614c6d5098
16,58485,24110,3112,accdc5a19c217fc559d93b6136332d02
16,58484,24111,3708,8c297903a71103eb6321f8cd1b9a8131
16,58485,24111,2572,dac37eccedf5897661bda4ed9ad2588f
16,58486,24110,3453,aaf6eacfa208152a6141c0c2c93cc715
16,58487,24110,3789,2f199b56586b2d2865736010c5103fa5
16,58486,24111,2891,47d02f55f1d0dd23c55a2497014cf5ea
16,58487,24111,3546,a15e4fda701717d1e3fac00f8446d435
16,58488,24104,4405,7f3894df39ad025ee2f22c2d32493d44
16,58489,24104,13607,461ddb026765e8db3b25396538dac00e
16,58488,24105,5444,f0e2d5d90b1e2a47aafcd8dcb067b199
16,58489,24105,11620,30836dd57daf4a6286178bf562e79cfe
16,58490,24104,16074,2e2f21d92c84d7bf6abdffd4196c2ef6
16,58491,24104,9424,6f965fdaa9adb283e5aca92a6b7d460f
16,58490,24105,8512,b106aa7162ecb332056205a7c3c9e816
16,58491,24105,5435,54161793c006663152238eb856a6ee53
16,58488,24106,5052,478c3514e17d5fe359d35a8cfabbfcd0
16,58489,24106,3264,70961f0487cc2e0bfdccf32f358f88ff
16,58488,24107,2748,996c4a95b7443d7efdb3566e4a3a9cf8
16,58489,24107,2738,6bd759d105e93bc38a182f121f4b7415
16,58490,24106,5328,371a788690741542a6dd30b602e030c9
16,58491,24106,4815,9966017e5709252d63091f2d33595320
16,58490,24107,7536,10f5f0ab2897c5bfcb9b1a8685adf4d6
16,58491,24107,4452,cef576fec2dd06d5dfc549d5dc06b2a1
16,58492,24104,4510,b62d306362bf223c3eba2d5ebacc8664
16,58493,24104,4350,ba4e3425317f58e8dfb26f659acedc21
16,58492,24105,4692,073eb108bf4d05e4b520313ee43513d6
16,58493,24105,3696,9a1a12f7440ccd6eea38e2922a836661
16,58494,24104,3794,b1117d898b6023fe54034b662881849e
16,58495,24104,5007,e44dde63694a928ac66c70aaa1438efe
16,58494,24105,3912,72e660df782f9252ec5e98128b686458
16,58495,24105,5100,cc8552ca676cf11a36275167469c728c
16,58492,24106,5508,7a22792518541c78c963400f20fd16d3
16,58493,24106,4897,1ce7affd6a28e4281a1b9302da05e930
16,58492,24107,4188,1aaeb826ca521025e94db38b9c93a0c7
16,58493,24107,4705,c7449c2d5506d828af28e3accd4643aa
16,58494,24106,4540,dc7ebf6a733f98a1d89ff257f7c627ce
16,58495,24106,5385,3e92d96b4ae5426ca701f5000c07e450
16,58494,24107,2409,bf862491cd3413cb943de88c6c36be9a
16,58495,24107,4014,0ce730b408e80afc9a56783fa0fb7f75
16,58488,24108,2149,5b180a10d8582a6fca5e57e32c346151
16,58489,24108,2630,62a74661980d0c4344c3f28269a4d77a
16,58488,24109,2057,b238f7787ab8fa19595e80859488cd97
16,58489,24109,4597,e34ff2539199b49e30c344a1e6071383
16,58490,24108,5021,b8eb3deaaefcc8caee864b0e06bffb7f
16,58491,24108,4467,011a89054dc7e3f058f31cf563cb9dff
16,58490,24109,4691,3d99144168f3abee2cce46f37514585d
16,58491,24109,3829,1fbaea4ee74e139d35d0ad1c8d9b2774
16,58488,24110,3270,7e016debed53316e72d2637d1ab0dd72
16,58489,24110,6208,5bca01c96341eca0002727764c02c44b
16,58488,24111,3444,6f78dd770614e92a2e9ccf568eec244c
16,58489,24111,3440,fdb1d7869f70a4ee3856e61d531ce923
16,58492,24108,4737,f7067c92ee2ee1d12e5f302c24f0f1ad
16,58493,24108,5797,e2df90fa9820ef8416ccdf47e633ffa7
16,58492,24109,5218,291b2fb99918dc8b84366650afb857ce
16,58493,24109,5236,0c318fc6d12958598f03ab4947b78523
16,58494,24108,4731,b34a72756a320952755da54ff02ca8e6
16,58495,24108,5205,433e95e02f7fb8cb62d9eef4e9ee2250
16,58494,24109,3350,2fc67ba05797d340b7ea948a9f192976
16,58495,24109,4194,99ec455319a219f12993f6aaa74f5ce7
16,58493,24110,4445,99fc3107956c42fd007b213c2a6d1867
16,58493,24111,3135,afe2a4b149235b482205a81306ca7859
16,58494,24110,3899,9da4cc3617969191e6be9d666166df2b
16,58495,24110,4523,74f4053402636a59d9ac208a04b5f0e0
16,58494,24111,4006,70cf0c63f1a7f883ca04104b0d0b2ee1
16,58495,24111,3107,7f3a04b3e6cf6a94509ceb5772ce42ab
16,58464,24112,6656,2ccd987522984fc0e631eb1f9983f08e
16,58465,24112,2423,8251837f7a8924b7ae249e7d4f2814d6
16,58464,24113,5528,43d469fac45c00c4102e8234deaba99d
16,58465,24113,2405,3e5c9b58e55ea5127e42980b5df2464c
16,58466,24112,7009,90c55165a87434b544b4737341a0d3c1
16,58467,24112,3459,4a5c0f07c2465cda49dbfa130fdbd1f2
16,58466,24113,7069,486826644a310a9ab2c45ecc0d476908
16,58467,24113,4493,b727a0312adabda408a2b924f847e679
16,58464,24114,3638,e73f9b00bba4360b125688795c8aa683
16,58465,24114,5862,ddaeff9398d1a5f7240b2b00fc920de6
16,58464,24115,3686,f7b8de02d0da78584c87909fca69ef8d
16,58465,24115,4711,78db1a06dc5147bf9110efd085db4b5a
16,58466,24114,4544,fbf5135b2fbceb3d1998d12d4998de42
16,58467,24114,3986,d42eaf788c1f7fca98b51018e2da7af9
16,58466,24115,6977,c2deb1fa31684ef5aceae250de1b4146
16,58467,24115,2726,66173528bf72f3c054e3cd0eaff09d70
16,58468,24112,2913,8328fc3849003474113811193b991a24
16,58469,24112,2026,34158227a9ba28539ebf39b2884759c7
16,58468,24113,3459,6ff4432171bacb7defa631b99a92806a
16,58469,24113,3309,3924929cd23da6a07d2fa160fe5acf88
16,58470,24112,3431,c4b12f16e8671e198fc5e3298ee888ac
16,58471,24112,4651,d4712857d1c8a6aacbb388ab240fa026
16,58470,24113,3771,d7170e8437985d801cd98851cb1cca16
16,58471,24113,4296,46454747375edad3fd74ca69424c792a
16,58468,24114,3595,d25a3b988b386773a1941714860c880f
16,58469,24114,6825,dcb546f5eab1417e594c0bb8efdf1e3f
16,58468,24115,2688,97bc28a1d25764e66f89a591ffcc5df8
16,58469,24115,3576,3ca26c46d94eb6413cedb9d54817b05a
16,58470,24114,4880,77683d47ecc437dcb448645052632dbc
16,58471,24114,6692,c9f9cf5bdc1b5022f05b786fc7e0e959
16,58470,24115,3892,f75b0ef38072d0a75f9197ebfa167c50
16,58471,24115,4256,af960048066060b79868fc62cac6a785
16,58464,24116,2394,f0708fd060c1bc4b3f417cd683f760c8
16,58465,24116,3753,12128d9d73ffc4056c480997f6b095c1
16,58464,24117,3466,0fb3b59bfd38095ebab0d07c65c3a37f
16,58465,24117,1729,393f48460293afe5fb3412b5688570de
16,58466,24116,4189,e6e8920ab7f85427fbd588191ce6a9dd
16,58467,24116,5283,686cb2c8a190a07ff736122af4bd266c
16,58466,24117,3346,ba536d503f2932aaab2e7f5f5d9798e1
16,58467,24117,1718,8105177f59d3ac29d35afaeedd60a1cd
16,58464,24118,3803,edeb5382bff2c71e27377e51a4d60659
16,58465,24118,2485,eeefd58fe3880156e67016471d5e114a
16,58464,24119,4571,0d550d15132f9a72d111c7e0596c5c90
16,58465,24119,2426,d6b6426c6a3530ebfb85de2c49632c83
16,58466,24118,3120,163f581bc5a65c342031d684c2169e8d
16,58467,24118,2088,b3972d6962bec9099613111a2ea56d91
16,58466,24119,3306,40e0fc2ff4c37ae55ac2562bd8559d3d
16,58467,24119,2167,d85e2648b14698050da5d887d75a912a
16,58468,24116,6801,31b19c4f804ab9a5c15eb101491a0a56
16,58469,24116,6128,ba30dd81a7caad8915c1616434e00ca8
16,58468,24117,2766,cd5cb6e7d893e1915c6e02d71b0a1fc4
16,58469,24117,2014,63029487d05c8527f65755ce394f01a6
16,58470,24116,3390,7ef7e5068b18341dcbfa4b652859e68e
16,58471,24116,3445,368fabc0bec056998a86279de6104954
16,58470,24117,4543,852e1a07ff354867c6d16578c79f38a2
16,58471,24117,2642,60fb0159c3845e42cd0fb1303301b967
16,58468,24118,4826,3bb317f15430b72b8c8a30871350c08e
16,58469,24118,4257,f1d301e99c257be908c3283aece63d2b
16,58468,24119,2804,1f9e701bc1ea9ff4826d6f08f5303c91
16,58469,24119,5055,ecec81e9489e782efbfa40d7b9cd78be
16,58470,24118,6654,d4ce7ef6cf836c82aea578f69b467f77
16,58471,24118,3630,b23c2e79b56e49d11abd41bbb845a98d
16,58470,24119,5864,a4113e2c702905f999e1749e7389d936
16,58471,24119,5677,9d35c691e6499062e4443c5d6647c881
16,58472,24112,6664,62884ce0026a10ab053a3c5b729d870f
16,58473,24112,7282,83fe088c8a85aa9ba4bbc6f0966c43ca
16,58472,24113,7058,5b5d650ef8c94310a9e956abb998ba66
16,58473,24113,6288,4e764a4d141b0e7f41d338c94dc38308
16,58474,24112,6938,5f63d0e1e11752e135291499e6a08861
16,58475,24112,4218,47b2acce0a3941902cfa75f83f734ced
16,58474,24113,5294,7f804152b64de84332765ee941f7a5a1
16,58475,24113,4819,6e9ababd9fa482a757c88f9568e7251a
16,58472,24114,5345,6ba1ae039e18906ab5b792f99cb0a772
16,58473,24114,6914,c3ba5d4418839fffdaa9626385cef6e8
16,58472,24115,3874,e5c088ab50bf9bb80e1d46c34593c258
16,58473,24115,2923,3fca6f6c2225ec03d00bfaaab569251f
16,58474,24114,4905,07aea0870e45a1578d3c4c833f05b5e0
16,58475,24114,3515,08e7d575aed863af20e2f658ba6fa394
16,58474,24115,5055,e39b97cc0747c61cb473754d38da5e05
16,58475,24115,4707,19cd681f6eaaac6d7d75a1da5d13f3fd
16,58476,24112,4206,24fa434511762f8063008e04f703022c
16,58477,24112,3454,df61d883ad98b45fa6a9a7d1aa65555d
16,58476,24113,3980,43767a99f88e55f061e94946a7809bc3
16,58477,24113,3850,d8519bb9bbd02a8fa5efc57cd6351350
16,58478,24112,3706,f51f29eeaf075b0d52ae7cdd473aee14
16,58479,24112,2659,8db014e5f91991dde0f4d643860530e1
16,58478,24113,3024,f84f9ab550f439017f8f8ccfa7acdac4
16,58479,24113,2510,a1a1f7ee53c0b90321443749d35bdf80
16,58476,24114,6086,25537a2227fae33d5a78b14c969e42f7
16,58477,24114,4748,32e82ef4d8a3b1c785492a4c3dd5fd39
16,58476,24115,5376,6cb8630559a6501ba8d2c6b19b3c0e9b
16,58477,24115,4474,7fe936630616f1f2259dafde69f29903
16,58478,24114,2573,8808bc00f8c2ae6e524d4bed6c8467d0
16,58479,24114,3074,2c762428c9918a35628cbeba3437fc76
16,58478,24115,3851,2139b38df64b22f77e0791b3d443992c
16,58479,24115,2376,0bc08085a3b4dd362f12d16be8750e88
16,58472,24116,4026,71cefa664630c9562ef398619395ab38
16,58473,24116,3034,4e6b9f63215d23141de10490466af503
16,58472,24117,3545,28179455190e013dbdf0b387f44facb9
16,58473,24117,3608,273f7738cfd447c1556f7951c6fed63f
16,58474,24116,3723,5940b683d469eb3753d2b36caaecb215
16,58475,24116,5702,a374559ce4d08ab7fa58bde5bdb2766a
16,58474,24117,3156,3a38a162a29505b65f3c4b53aa43c76e
16,58475,24117,3877,6c7823e6ac87e86af3f4d30f23c928d5
16,58472,24118,3079,efb6e235dc4f0d8e73b3ecd623cb14a5
16,58473,24118,3292,77746759e0b5da296ed72cffaaa6f9a7
16,58472,24119,4505,991438e896ebe9b3ffa9ad499fd266ae
16,58473,24119,4370,8301f979c81882bbb261341f15831127
16,58474,24118,3376,06d5cdb443b4accbd1f7f41f480e2d2c
16,58475,24118,3689,7bd8f7ca35e7c8197056a0b15923a055
16,58474,24119,2196,f8a33cb0e7c402995275e6d371b9a8b1
16,58475,24119,2268,b61ddb4ab00a404b27a7315ee4c135b0
16,58476,24116,4397,7fdb5c5078bf28a46daed6831f1343d6
16,58477,24116,4212,5014968a0ddc51391f6813487cb94922
16,58476,24117,5491,15b53c718a9bd8d42ee02aced81a8114
16,58477,24117,3934,753294496fd1ef5ecbf9f6dc0ba10375
16,58478,24116,3237,7804cf0682a1bab37a648be21f5e9255
16,58479,24116,2548,f078aca08350a0291aa1c851ae99b899
16,58478,24117,2463,6dd5e1f08edf8008f4601d9f70fed578
16,58479,24117,1872,de0ee9a931b4615ce3eb5bfcf2e28291
16,58476,24118,4081,3d0d17022e123065c5f0a593f0892d65
16,58477,24118,6568,805c34fd160a7e531d8336f73fab184f
16,58476,24119,2704,3a05f75cde1212050e3cfaad518454bf
16,58477,24119,3489,99ab7d305ec7e2f44dcf28bd4139864c
16,58478,24118,3519,ea217fb592945e659fe8002e3471a43c
16,58479,24118,2402,45b6a80d5606a45d22ef602a557c05c8
16,58478,24119,2138,08ba847e87c3cafe665b03fd3de48c14
16,58479,24119,2936,4252c043c8c4a6f81718a9d2e157b167
16,58464,24120,4510,5e2c91d6c72cfaa34803e976097c0407
16,58465,24120,3951,da37f88f5d9442d31869c68730b7e818
16,58464,24121,4910,3fc6ffce6394f4d02e4314574a01569c
16,58465,24121,3311,d9c7259e6bd0f741703a31a57f8d6f7c
16,58466,24120,3017,48967ecc40d31dd45b4d50fb91b4ce8d
16,58467,24120,1837,959fe85390bf9fdf05b1c9cedb5a31e7
16,58466,24121,3236,839b4e3218235f0730d105a4c308e073
16,58467,24121,1555,cc4bd989226174c24a272eef037713bf
16,58464,24122,3806,91ca20a9689e8378b385fd4d8c7c5d77
16,58465,24122,2906,5f07c7bc315a92cdc136bc07e5f0421f
16,58464,24123,5504,3558003f8b18982b0a6c930dcff72efb
16,58465,24123,6358,501786c6029f678b1115aea7e5726a8f
16,58466,24122,2519,ff1866733cbd2dc40445ce09dcde8de5
16,58467,24122,1816,8ac991dfc435d62889a944cec97d6eee
16,58466,24123,4599,aed95816b8f50ac73e14a76cf307716c
16,58467,24123,1778,75175c0e0befc08bd9387f9e70fc7a8e
16,58468,24120,3216,3418a851e7427a48f28f1ffa3eb617d2
16,58469,24120,3370,22ffaffb5c3ee530cf057f130fdd5b4e
16,58468,24121,2853,4aa34a4c24441b11088cb311f6489466
16,58469,24121,2828,4012de306cc36b06644be8513e7f00c5
16,58470,24120,6094,a6afb6a553d3f1e8f142624389d0c7bc
16,58471,24120,2571,2c15a095518469150d5707f11d6ee77a
16,58470,24121,6307,24f5ad3bc4b453e39c0e4dd6babcfed4
16,58471,24121,4059,78d5194d98597542c1032eb4c127d566
16,58468,24122,2046,9bb45b80b84ea6055fd27865fa980420
16,58469,24122,2404,68101ca22154fb99f81ecea288136a51
16,58468,24123,1741,7f8b1998e8e1a32c706e2f85ad8d3305
16,58469,24123,1729,57fc7fcbd7733fe98b1a36d14c8a34be
16,58470,24122,2866,063dd6db4ddeb1ff2ce088447b4fc8d6
16,58471,24122,4495,644c07aa3d5af6f0e1a9d84d89872242
16,58470,24123,1529,a9deb2f728aa6672225cdb61a3ebf471
16,58471,24123,2465,6b02325b262cc9948e4c91f96d8002f6
16,58464,24124,4593,3ca49c4296b8ac99a738214f64f76257
16,58465,24124,5115,4a82d14bb2b1d07e2d4aee93e23fe3ef
16,58464,24125,4810,a1c7f1755a25a64374846a2e398d4bc4
16,58465,24125,4317,1ac1326bba24b586dc91a00620d7125e
16,58466,24124,4174,ce6051f86b5e69e6b0808063211d5deb
16,58467,24124,1641,55d6fea8507bf3fab9e20517d8ecd8fd
16,58466,24125,4308,c69065baf089cc9f104f7fde6acf3a44
16,58467,24125,3404,8f5141011d11cf210d70b5b3b215814e
16,58464,24126,4675,2b843c37ccc1d4775234e9aae5b6e42a
16,58465,24126,4325,c8b8fb1961f4ab34417f21abf5bbcb04
16,58464,24127,3553,cb9036606528fcfad19d93574aa2acb9
16,58465,24127,3119,91509b9fb317db4f51a1d7be73fd829c
16,58466,24126,4001,504731dba301d26ca8058ba23305cd44
16,58467,24126,3793,e2cfb12280122739e5a7a339644727f8
16,58466,24127,3111,b4839fb92d0a06866a3ed27b021c843b
16,58467,24127,3116,6869b96a6abf58877b4a14f189a6d6e2
16,58468,24124,2483,bea83dc36dc471c5a40a99da2ed1116e
16,58469,24124,2497,3f6e478c10eebadb930d690a8e7f2423
16,58468,24125,5971,2176b303740d3f61c09087c0a9d35df9
16,58469,24125,2377,f59dd786c23c400d71dcc96e81ee9f67
16,58470,24124,2408,d3bc57ef4d2f0ed09893d6ab4dc59147
16,58471,24124,1288,89fc726e06ac550bdd867f2d9fd71586
16,58470,24125,1491,583857a2cebf79b0fb91541a4a1f02d7
16,58471,24125,1991,04d7c70cb31c9dc0b07792b808c6d26d
16,58468,24126,3630,f2018becaf1ae91355cb691187eef87d
16,58469,24126,3688,59d9f728ee42ac826ebb809da30f1e4a
16,58468,24127,3148,af42c706c8ab8093d43be4272c88c22d
16,58469,24127,2557,aa14e9356005a1440a128ec4d22349f8
16,58470,24126,3306,fa3b1092728c39258c63e071998a175b
16,58471,24126,3291,5dc760a08e3e2de9302adef7ffc3029c
16,58470,24127,2617,23bed589458b6ee3c16dd5c9fdc84bd1
16,58471,24127,3254,dd04fb2ff5e2fd271d567bdcc338b2ad
16,58472,24120,3551,c4e17db5158bb4b4a11726b86f025700
16,58473,24120,2256,bf80e17616d9bc96b0df5fb6c48b886e
16,58472,24121,3133,f545195b51c9770d461631bf8e9f0517
16,58473,24121,3743,a14ea192868ccbdb773a7b40bb8bf969
16,58474,24120,2850,ccdecab6e8d6edebe7403640e0fe8a2a
16,58475,24120,1738,1ecb2cff02cb0e26b4a6c8a85fd5e325
16,58474,24121,3762,4273e065d92cf09a8121dc5dad39baf4
16,58475,24121,2174,ef7b36bb023b755e7a62bbb0ff34e650
16,58472,24122,5659,c8e90ee26d7a950fa25be21a06e7a4c7
16,58473,24122,5792,3d9d0917bcaf7466e7c71b47b0d073e8
16,58472,24123,3570,f5494370ec6bcb173112838fe9009458
16,58473,24123,2751,5c42f0594fe539bb851230eadff630f5
16,58474,24122,3838,ff960209f02ff7069f3b091e9175ba45
16,58475,24122,2943,6ae5a77924d6b7caab1ee3b3d4ffab81
16,58474,24123,2334,d74d07e65cc1c909642c9c6568898241
16,58475,24123,2284,54d802bd8089d3831dc94fdd2a6615cd
16,58476,24120,2874,4d24c08086028cca28886a7d92187261
16,58477,24120,3720,21fc2cdc120dcd14135a3ae572752fbc
16,58476,24121,1622,a99df9be1279dd50c018a974fd949c41
16,58477,24121,2936,a77a52e27ceb5a77f0406ae906d98a90
16,58478,24120,2658,5eb98e1f814c61191f7b8e938d4f9764
16,58479,24120,2842,2f75948093a7e83c74fad8322430c357
16,58478,24121,3555,7792c88556c1df0869734d8e9898b607
16,58479,24121,2899,99429c6b2ea1929617531bdc3417d5f3
16,58476,24122,2034,a92cd4876d00e16f2b787e902d360886
16,58477,24122,1964,603b7afd77bbd57c7ac0cd76867d35d7
16,58476,24123,2143,2731710ff861dbe9f396d074f63163d8
16,58477,24123,2131,4ed9ea80bd5eb22b8ae61db39f157b31
16,58478,24122,3241,edc452d2f957451a40dbcbf0493c9d10
16,58479,24122,2877,4fc9ae5dfca5eec16bfde0614e80f2b5
16,58478,24123,1967,9d8cb05f635abcc1a2b5dab67b88dc9d
16,58479,24123,2967,a29366ea57079ab35d6d1e9a56bf73a1
16,58472,24124,2878,5890b3f1bc3af370a3e942c38d54d18b
16,58473,24124,4102,8e46ef03274de182cdb4d3aef993a40f
16,58472,24125,1029,796e96a1c2b20e82796185996f4332c5
16,58473,24125,2626,c34c8f64e159e28d0c20618d46c0f425
16,58474,24124,3702,b0f84535bafb1db6a66e6677f1c7c2d9
16,58475,24124,3964,f1eea6943f03dc4222404b6c5c6c3a1e
16,58474,24125,4272,3fffc9aa925c8119fbcd758705d409fd
16,58475,24125,2444,28c8e620aa4c263ee87940b11ac9d3d4
16,58472,24126,1166,297aea1f7f081d09ac3194a1e96d5dc5
16,58473,24126,1164,ca1828e3c66bebf0290cbd57eddb2be9
16,58472,24127,2578,0590947d8a54e83900e164a71ef6b48f
16,58473,24127,2148,4d3ef163632c9339bcd6f8b25f128c3a
16,58474,24126,4186,6f49dd35af6dfa480fffaa418a927791
16,58475,24126,2743,9d6047bddc1c47fe2050ce316497111e
16,58474,24127,2418,0d6b8267ea4a4b303f70e2cf261d22fd
16,58475,24127,1666,a0cf0a22860692cc54754cce8232a554
16,58476,24124,2875,bcc2bacf03979040066b52d7b5034746
16,58477,24124,3885,409722b9d01c2fe1d42403c79019ac31
16,58476,24125,2114,e8eec372054c9635ad40d417db24e3a4
16,58477,24125,2914,ac678687986aa93060d1c0b4dde235c5
16,58478,24124,2283,921b1903edf201d0a3c4f49b7c8e2ff4
16,58479,24124,5018,0b102e8c6cff5ed3661b30bc1f5e1fc9
16,58478,24125,3282,5f93dd198692e0c8889bb638e86f9c80
16,58479,24125,4649,f167131ccf579ca1f76cbd5a4ee9d5bf
16,58476,24126,2027,9ad8197a07e8bc3d503a1099a45be232
16,58477,24126,2247,520a2cdde0594f8d20764661e2038b42
16,58476,24127,2153,299db8708e9149a0a4ce87ac541a7985
16,58477,24127,3676,6e5d85338c3dead6142b248367de4a7c
16,58478,24126,4755,9c8bbd80acec00e1a3ab9d3ad0be82a3
16,58478,24127,6199,f1d66cd0f899c7592ed8f86b250e83a1
16,58480,24112,2902,f27d55088bba133961c3498416be0568
16,58481,24112,3609,7f74de33dc2d3aff044549924e0f15b0
16,58480,24113,3050,57df6e4c0f44a35815d77e6eeb03dd77
16,58481,24113,3109,099da5d9c2ce7650a9b57ea7719649d5
16,58482,24112,2928,c35162fcb45bbf395f8f0bc6869fe223
16,58483,24112,3678,e638357f88dcd95f970f9de0c3241b49
16,58482,24113,4131,46b3b22d42bf9d0de2e655c8421a5d52
16,58483,24113,2759,47029be2a9361148a6a7b6195be43271
16,58480,24114,2865,34762488b9aceb44db24756bbc6bd13c
16,58481,24114,5493,087210ae4973f802f748755c3031c1a5
16,58480,24115,1755,27361d37e593afe72f567fe40711d7f5
16,58481,24115,2737,d5346612d5e51ed17cdd1450995f7afc
16,58482,24114,7462,b89fc95bf00ebf8949fe4cee8b5d7eaf
16,58483,24114,5283,b66fa35a487abcfb0efb2cff909ef02e
16,58482,24115,5694,27e84f6ab311da0ab561deee671eecfa
16,58484,24112,4107,ccd6f0fbbbae9908bb28da00c34feb5b
16,58485,24112,3282,24879570c343a35df924b60e77ee2de1
16,58484,24113,7195,2f2e06562829252c23259a64f3f5ae68
16,58485,24113,5542,8e5e3ec19405cfc1c6f0448b2aab69d7
16,58486,24112,4522,3bff56ffdabeacdfc66417133ae2cc54
16,58487,24112,5795,e6f3ddd164d43d65f858e99b4f236dee
16,58486,24113,4365,e7d497e84a99728fdff38ed5ec1f11d0
16,58484,24114,2404,dc179898c7ecc44c4768c37a46e0cce6
16,58480,24116,2219,36c934dab916395ed358297ccdb08edb
16,58481,24116,2288,19bc26237aa7fe3f0040db76d4db3a3e
16,58480,24117,2733,343e053025ab2282e9243c520b235e35
16,58481,24117,3489,6a98f7a8672d6ba53d4532eb24a28729
16,58482,24116,4554,33416b9d0d939690c782dbe9d96d2291
16,58482,24117,5782,e95947f8af0c9271db39366cfd19de04
16,58480,24118,3216,21df9db6b5f0578f043ed63ab9216b06
16,58481,24118,2871,139ac23fe48ba98da94868a1c2f8a9b5
16,58480,24119,2801,6116469573324ae9185683f1f6c8bca7
16,58481,24119,1935,ef04580b21c87ab67d75378fe5857903
16,58482,24118,3875,da5ecfd7a8a2056e63b47130ffe16abb
16,58482,24119,5950,dd1fa573b1933db94c79d01e4dbea4c0
16,58488,24112,4702,99a4ec91720c2be598c4a89fc30add4f
16,58493,24112,3249,4d083775c90a933bf968d8a336fc3c61
16,58494,24112,6719,3d52928c433f510b3dac46112ffe8c58
16,58495,24112,6562,0466911798b8a9aeabede932657c421a
16,58495,24113,3645,afb822f4b57cdcedecbc233346281d73
16,58480,24120,2251,176ebb21bf3351102cceeab782e32fdd
16,58481,24120,4201,050a2e9c4abaf385b92aaa1db61bffa8
16,58480,24121,2067,9eee5662b9d2e63b6016bfce523e762a
16,58482,24120,4521,7b70b15437fc085884ec4a087acd175d
16,58480,24122,3049,ab7b5e6ee60c36a4e7a5473530e4a9de
16,58456,24128,3050,8dd39f58608202e3f50d4194541f9a41
16,58457,24128,1601,2e3069011080e98045e00b95565fad5d
16,58458,24128,2858,4aad1e014996ff4bb6c7f2004bdd956c
16,58459,24128,2366,0beaae2fab0291c6a631421bb8be0d29
16,58458,24129,1552,7826d508fcdf7c6b6cbb7ddebb14ea84
16,58459,24129,1537,15776546cef2fd48adb868abccec8041
16,58460,24128,1829,87064ebf40cf111b91275a69e1858fad
16,58461,24128,1406,cd1a36e9a15fec44db3a679812ce1a25
16,58460,24129,1611,a2204595a591a80aa50091815b4d5c54
16,58461,24129,1643,98612b31df6a490372b1513da8b190b9
16,58462,24128,2069,661e9abfa401473c78629c9f074f9662
16,58463,24128,4255,7ab9771f0be0c03e41121fabaaeb1e88
16,58462,24129,1873,b964a190e0b37ad64a5c1756e4f3a972
16,58463,24129,2858,f78d1fc0f2201922224301c64495cdcf
16,58460,24130,1917,71ce4c6084e9592d5e65b85c728b9756
16,58461,24130,1912,aabfb13e19eb86c6e03e47051338a863
16,58460,24131,1293,77cbbe0a78eb78bee2d6d68ad503c204
16,58461,24131,1665,a8ffe0e6d6c0bc9c72db08cb6d1ca0df
16,58462,24130,1968,a6481459a17c5582a899294d9ba31608
16,58463,24130,2429,3d5c01887a18ab6c957aa939f42f72cf
16,58462,24131,1760,63eca962f92b5563bf8bf2ba4d787112
16,58463,24131,1808,be98b32dc3a79db61c2113b64dd1b0bc
16,58461,24132,1839,203bd17bf69463a52f12ca082485b8b7
16,58461,24133,869,f1b1a300af9635ad6f10c843fb7c6f80
16,58462,24132,1902,729bab09ce77a7318e8bbddaf41befe1
16,58463,24132,2093,2a1f692a27b12dfb3115707cd9cfd19f
16,58462,24133,1378,5acdca6e383f3f53c19969099259e222
16,58463,24133,1234,b2469fe967e8de065fd914f6e546ee5f
16,58462,24134,1571,ff67f7d0ffb383421bbcdc9e0520988b
16,58463,24134,1496,9dee0848bc36283c6c214eca49c015bf
16,58464,24128,3804,613a5eee228272bf030ae3f227ac8446
16,58465,24128,2795,a4fa6cc821247649f897b10f90eaf2e4
16,58464,24129,2092,050b0cf3aa280a8ddb236feabaa948f5
16,58465,24129,1573,91b29fa7f897aa67c43b89b453c5a633
16,58466,24128,2760,3656be509c2bd98c8ef14ff2f6ac7cb8
16,58467,24128,3840,db5ae0d83402d256be580e7edcb31eba
16,58466,24129,2339,f01ec4e08ee1f7fe4338bd2e64ec2e04
16,58467,24129,3157,d425bf4c89fb548a566e1e497ae15a92
16,58464,24130,1259,ce0bea1e09f37a4a498efbeeb9982a19
16,58465,24130,1457,4582aab56d5ef8efaa79bea1039ccd0c
16,58464,24131,1114,0ef3b70a8b3260740ecd71e02f44dbb5
16,58465,24131,1394,61d81aea591ceef55945202353cb20e1
16,58466,24130,3074,f5b0445ab663528836a301da66b97466
16,58467,24130,3092,12b77c957b1095c0deb806118932f273
16,58466,24131,2163,0b50675f6b2ab258eba22486e36575d6
16,58467,24131,3316,b425e8e3131ee6606c9664d5f736042c
16,58468,24128,3649,4b8ed642827fd0222783049910356070
16,58469,24128,1726,1c93f38fe3cea0fba6cda92abe5d3e5b
16,58468,24129,2313,f1d9d5435b7935dd5111719a91deaeac
16,58469,24129,2031,a090c271b22e309bbc266b4b88e1f368
16,58470,24128,1069,ee706b41f002ed0a9db0a64864af78a2
16,58471,24128,1240,e967a4e1e53c3ee8d35ad5be8d3ebab9
16,58470,24129,1702,f778f374656caf7942d91496c31ae29b
16,58471,24129,1345,1d63f595ce4c04dd163ee43a84f83e10
16,58468,24130,2008,97687a862044e7b61b895565a2e6bb38
16,58469,24130,1800,cbf168f025a97c8a5813346c2ae89fe4
16,58468,24131,2350,71736d16ad03d582f16d2df7f667485b
16,58469,24131,1337,74916518d5b05b84734038a11d4ae7ad
16,58470,24130,1510,ece627b0cefe9fb2d845ea9b56529e50
16,58471,24130,1516,ca574ded1f169d3ff1d5142b18d0997c
16,58470,24131,1877,555ae188791c67daf6474ff296948fa7
16,58471,24131,1746,d23f77fba93fbb5eaf7a12224a365528
16,58464,24132,2008,4fac6ed9a40a47aad1f721168cbc4f31
16,58465,24132,3367,2bc51b0ec39568a0f31064a0f35981cc
16,58464,24133,950,5092640e14156bdf325a8bda08240a18
16,58465,24133,1020,6d968320b9709ae329aafbb6c8788473
16,58466,24132,3348,80fd04be7b7e1eae2d23ca77c5e9024e
16,58467,24132,3028,a782e7c448bf096ca48384180a1a34c7
16,58466,24133,1835,ad232ecbcaaa39279b35bf1c9d347efb
16,58467,24133,1507,7475cfc0c344df9d3ef1720d29f3450b
16,58464,24134,1263,f788f52921dab0e2d3e6f3304fb3f5a4
16,58465,24134,1119,98882f62fe919741f235a617815467db
16,58464,24135,1179,3e043c47277a0be66ef3acc1e0596dbe
16,58465,24135,1558,29e4ddcad9f20f7fc22e613eaf14e94d
16,58466,24134,1234,76f7b9e5ea1691d84f85eff62ac4b591
16,58467,24134,1460,bce9e4b57359c0474b947c52bd053e84
16,58466,24135,1385,60fc99e6b9dcb21fe57dc67eb2935291
16,58467,24135,1832,1da89230acc775df10d720945682f8dc
16,58468,24132,2415,e69ae4090ddc75834fb200c239cafa0a
16,58469,24132,2999,ba6a022f368b3b77745d4e4e36b704ef
16,58468,24133,1346,92de210080e3cfd7655efeb519ef203c
16,58469,24133,1808,f033ad3c1a44eda2cfa0816b4190ff62
16,58470,24132,1803,6f4dda62d7b23c2e02b1df7fa4863dbe
16,58471,24132,1458,c9b5f3bc03dd9a4d620f2b31f09fba8d
16,58470,24133,1918,f3b9a558af578b7c354054208a9e2614
16,58471,24133,2217,d282bd6b1e3f056f5a69f2c035c8f244
16,58468,24134,1743,cb09f01f115b4d0ffaad767ea1dc8dbf
16,58469,24134,1393,cbf71989909137b5dd63b307c61df3b5
16,58470,24134,1156,9a97302359c22792c08b379362e6b780
16,58471,24134,1193,9a0a39f4db1966ac5ece3197266fa26f
16,58472,24128,1140,a4d5329afd5153ab55538b3eae922673
16,58473,24128,1352,93550f72aafe3fed7b021813b89d6ea5
16,58472,24129,986,c58dc2619442c84979ddf808c32372da
16,58473,24129,1480,ca6c4dd676b0424897aa81483392f02f
16,58474,24128,2259,e6f869f8ce4f9b04f382ce5557a17493
16,58475,24128,2024,a81d4b0f3f095a5c244a7d088c0e69bc
16,58474,24129,1102,0a2fc8dcf6dabc30671c9305608c1eea
16,58475,24129,1319,a3f4a71a1f77b85153a20685407a5067
16,58472,24130,2159,ee8f363a5721da4a5b527858e3d9adf4
16,58473,24130,1900,e06cb0761cec2879ca051480438d9e8a
16,58472,24131,1284,8f2d158954edf364a819fb70176ea4fc
16,58473,24131,1059,2498aa9bc44382b46a8787b75029284f
16,58474,24130,1775,f7c1f807de64ecdec7713f1a52bae9ca
16,58475,24130,2212,ecb9486c92f590c6f41d74519acc74c5
16,58474,24131,1411,abd8b776f66e6322e4eff6415c7ef241
16,58475,24131,2550,af636ee45185c8b35337ded6c21113fd
16,58476,24128,8610,f8968cc993dd849518d1835d9ca43c90
16,58476,24129,6760,3e9f4c91b53b27776e901fcd79415237
16,58476,24130,2464,15c588068200390e60f4af82bd4e248f
16,58477,24130,3150,695f79dee15cd5a8080e939073b6f2f3
16,58476,24131,2934,0b5f3c53f90424d27a0c9dd68f582bce
16,58477,24131,3614,a1ebca848fcfb0d536f5b75daccf217e
16,58478,24131,6049,834e6f35f2aed15db8e3d8e9e2e48f88
16,58472,24132,1730,b85e6e012d1e7afe8c6c1db655c74a60
16,58473,24132,1636,1de21cdb3d42491976e75fcd2073d57f
16,58472,24133,2327,9452d2599efad5778e6c955a4cd01216
16,58473,24133,1766,6b71571865643f45686a900a60365268
16,58474,24132,1324,df22312c2ed461dff326b9e5c868f795
16,58475,24132,2729,2d881a25544f7c06a88a16305f16d281
16,58474,24133,2041,7d3109857229068970aa355c652a8b74
16,58475,24133,2427,21dd34d63324b6a8d2eaf74d2b6c5fb1
16,58472,24134,1620,7ad09fe2a088ae308919cff43ec2a622
16,58473,24134,2285,eaeb180924bd9b17ed768fa3886ea686
16,58474,24134,2791,d98885f426546e13ceed5bded11210ea
16,58475,24134,2662,25ad63b5f806d6a5a215a984c78390b0
16,58476,24132,2110,afe3b19277287b791a9a16225f8fee9d
16,58477,24132,2044,71c41d68a7b259198ca35bc3692302e5
16,58476,24133,1840,95bdd95dcfe5283f4f7f1a847a2997cf
16,58477,24133,3234,a6e3e835a9d10c834fd75bedb02cb9aa
16,58478,24132,4894,cd201610bd6a846b1c0fa51a528a9939
16,58478,24133,2996,d5e904e4ced5fdc904e010dc6d14620e
16,58496,24064,32834,7d27b6bedf7184dda73302d8e34025f3
16,58497,24064,31852,1c34cd5eefe9d40695488dff5067c982
16,58496,24065,29070,764d12ac587b18abacdb1bd641668c5c
16,58497,24065,29260,804470cabc7b70083014958daa79a1c1
16,58498,24064,32315,0545a9590ec419ac8f2c84ce1a0227cb
16,58499,24064,22777,d055117e0d57a20d1c815e979e2bf8dd
16,58498,24065,25128,e376cfa45a584f69721a0f66c1967c09
16,58499,24065,20757,3afd4a7a852b17082e1b17f7dbe3ec9d
16,58496,24066,31504,79212de6dbe606f03c3619e80cc9a8b7
16,58497,24066,27104,ba46f9d84945418a718eb0a58c0cab19
16,58496,24067,34418,08646fdb4e6c545bf1ac5aa376dd95d4
16,58497,24067,35761,55b7f1584fc109ca88bd004d801d06b6
16,58498,24066,32494,09b8160fba72f501a7dca4eb7e2f4a03
16,58499,24066,31743,3b8627ee016bb84e9474d07ae4324104
16,58498,24067,36146,251317b78ef8c184bc667f5a1c25383e
16,58499,24067,37245,51ebb013373e8c4966d47787c587e169
16,58500,24064,19422,2952cb57c6a35ff9c231320075763fc8
16,58501,24064,25546,d7e25fd42b188ef76e99e00b304abd6b
16,58500,24065,21556,1f722773c88ddd1f70ea3c80ca14ee0d
16,58501,24065,29008,95d7013d0f976b98e2c744ac866cec76
16,58502,24064,27722,ee06c35dae91adf68d36788d45e1a1d6
16,58503,24064,31872,b0fc984df78032a51b0a4b8fc92253b8
16,58502,24065,30039,8e30ba8a63c1bd7bcdf6c9f4164987b2
16,58503,24065,34121,73e509df30705dd9c27027a569b8409d
16,58500,24066,32550,56a1dbdca0845b758e4f5901e53f8e4e
16,58501,24066,39987,69407bc0a939fea41fbead58f4f1665c
16,58500,24067,35850,58310214468c1c08a0ca8ef3b91a3651
16,58501,24067,33430,1be759d0640cb3c8ca761484ac62224f
16,58502,24066,33453,ccaaf31e2dfdd8365d0fbf6951031401
16,58503,24066,38584,c8a2b769688eac28f6ee2d687e4ccbf7
16,58502,24067,23706,a38beae65f0de0b63ac8bb374d3ce992
16,58503,24067,42241,23888151d883467a592145378f49db3d
16,58496,24068,58094,b155d49d73c2dc33cb1461d8069fced3
16,58497,24068,55070,ba00e73492f4cc4861ff6963a5856623
16,58496,24069,52996,23d3275b15b0c3c2183c5bf7d34ff749
16,58497,24069,49669,9a9c7fc3840e594bf969b9f60de415ad
16,58498,24068,50831,133847eed31f20ddee0c3387bb19bdc1
16,58499,24068,39550,dcf03c6fbfa251fed4827b1b8b11037a
16,58498,24069,43076,a24ab1d86bf45e7171f1ff50806e394f
16,58499,24069,49313,97fcb9f8eac541c9ff1bec5a31e326e3
16,58496,24070,60736,19e17fe43cb4b4c59c49cf0c8eb6060a
16,58497,24070,56235,4943e479a4bdac4c21b718528a02c415
16,58496,24071,51877,db9501430edd690be77feafc27c8e058
16,58497,24071,46650,b4231be370e197e4622c805bc7a1da20
16,58498,24070,42286,64e73673bba7569ef9deb5ef79b19143
16,58499,24070,50483,0fbfb821dcad3904fdb84e2ad86a3e70
16,58498,24071,48463,379c618e830254f7e9bfd509aa53bb90
16,58499,24071,49707,0ca42ad016fb1f2a383152837693d5f4
16,58500,24068,36160,821ac0909b5ec0c24e17906fde3c80d0
16,58501,24068,25375,6195eccd474c1ebf4de0c16948f5342d
16,58500,24069,36349,0bf5edef46d3916870910b761a1f9b62
16,58501,24069,19424,5e9c3aac30b55a84a4b86142d8638a7e
16,58502,24068,32305,382b164701b193b291fecd71d4300ac9
16,58503,24068,38935,5ae2bb3abd1dd9126cf77bcaf54c0446
16,58502,24069,34698,2a0091af8793ba2b823d62239678192a
16,58503,24069,31769,080800d4d64f91938af07368bab72ea7
16,58500,24070,35705,0141b382ba6caa568a73aa9f4f294177
16,58501,24070,21670,803d56d32b71d8c28d4c509d2a08af1e
16,58500,24071,44925,949ce780e7681896d31878d2f5e253f1
16,58501,24071,28415,9c6eb45b1ec69059525a274ade5c798d
16,58502,24070,55642,5b1c23d258cce5bbdffec12389f8f17e
16,58503,24070,49984,0f961d00029099253dcafa164e66483e
16,58502,24071,33509,f8a496f5ca75cc83f64aad2bccc22df3
16,58503,24071,48572,33e247dadb6f6e55e372e3852d6da215
16,58504,24064,32254,24a40b964630fdccedf75192314411be
16,58505,24064,19992,67e638ae6d96c406b4efc128a6789b26
16,58504,24065,44740,0e2546ff6a4ff10dbc5cf161ca80cb89
16,58505,24065,42585,37fc313422f20a38845aaafe3882c008
16,58506,24064,24844,2d51558da320cd9fed2bae30d2f80414
16,58507,24064,36347,d376f0ad8a72f33a75be91bdf9d95a29
16,58506,24065,41566,2d2f2e48dab1daf87d99c6519accde76
16,58507,24065,46252,57f82890b4f7442348e12c18dcb9f4ea
16,58504,24066,46693,e4149bfb27c5a544bc728f2f5ea218a8
16,58505,24066,45081,d605416694712bd7b9ff1a95cc693fb4
16,58504,24067,48749,1480561e47388a1de9fc597e9f1f5442
16,58505,24067,35602,a0c7022777198a44ba5fede60827fe25
16,58506,24066,32022,289670adb1873479bfda02d00e38bf05
16,58507,24066,30941,70625c0b13fac84cfae58309700add7b
16,58506,24067,27118,731c171a8ddeed61bdd41720e87875c0
16,58507,24067,31105,73ca227dc491e20bf89270c4100ed84c
16,58508,24064,37754,03d86cec4494684bfaac21b1f6200448
16,58509,24064,40179,5230b87a705ba8b8048a39788b0ad53e
16,58508,24065,28398,3748ed586d2021213c215c944dec62be
16,58509,24065,49482,6ef1758e34d41fdf24af34399aa68698
16,58510,24064,33900,181bbee2f162b4cc113c358e261d9ea7
16,58511,24064,42373,4d1c232b8a9668ca04148dd05a63ff1d
16,58510,24065,56711,44b083d1a6c53c210e2c134007a2a7f9
16,58511,24065,55976,6657f43b9422fbac7a26cad3ca005d0c
16,58508,24066,36377,c9055cf8840afc09cbb09284b24b831e
16,58509,24066,34494,e88fbe0dadd89ad7641774c4e1319cf2
16,58508,24067,40677,ae4db430b7ade16135d997e7694bb49b
16,58509,24067,48153,ba483dff2b48202e7cc6d98879158b49
16,58510,24066,49186,ce57207195653a2c59cdd5176e38d9cb
16,58511,24066,54587,975748a2ac93c41c3f5837a7eaaa068c
16,58510,24067,47510,eadd016778384f5eddc0f4d10429d03e
16,58511,24067,41763,fe174f21da03baf191120e9f6328706a
16,58504,24068,44178,978de4a70acc6058a90b0e71abab2c52
16,58505,24068,30791,fa7795d072549b9ae7fca0ed2a59e02b
16,58504,24069,37066,77c34b89e018842fdd36952a56bd70ef
16,58505,24069,36144,3ca101e3f7c6ed1e2f199e93e4ef84ec
16,58506,24068,45295,6773b9efa917ffcfbf5599d15a4df588
16,58507,24068,50207,17b4bc813491529dfa8aa23badad2594
16,58506,24069,46633,5da78f9c8d6c5cc1ce55483bff5cc969
16,58507,24069,50583,d884782f6b6cf4976c6151b5dc74e2a1
16,58504,24070,37791,f86182e6454202f41b09e37d8afec9a0
16,58505,24070,42414,0fc5ae32ae8e96ee1a81f1b99f13d2c2
16,58504,24071,65372,bdf9b9a431abbd4cf0646a5a00361dfb
16,58505,24071,62246,e25e7cdae312c672920addb8fbed21b3
16,58506,24070,48273,f15273b429eeba66102506840b961a9c
16,58507,24070,50938,72d0800256cc41eeebfe38c64d26cfa5
16,58506,24071,64958,cac2f15d66bb4d07f51acac9987d20a9
16,58507,24071,58766,26c7ae54c1f17117c9a845525f4be578
16,58508,24068,50863,cf1de817c74fe0e4c0cea074be7e7aa5
16,58509,24068,46103,aabdfb09d4acef513c14d51c59d2a50d
16,58508,24069,35059,5257a68387140658f5c3e7dbe32d0f30
16,58509,24069,45486,e33595cf627e08b0eb4f54c83c42b141
16,58510,24068,48340,9348f3ed3c21abaf04fb911517bcf145
16,58511,24068,47132,1935ca7f14a5942fed9a29265f192fdf
16,58510,24069,48551,9808a1fdcc7c244a783e7147a612f303
16,58511,24069,39953,d3e4d1875832ed4e91a56fabdec69fad
16,58508,24070,47745,040591a1588e03d2c040f31d5bcbf724
16,58509,24070,30289,1788663a2b13b350ab6772190a2921d1
16,58508,24071,49464,7f21ca3b0187eefbab5f9f7f712a789e
16,58509,24071,56427,4139f2ab2c126494cf6bc4cfe17382ef
16,58510,24070,39591,40bf78dc2646ba61d266cdcddddf34a4
16,58511,24070,46395,0661bac64c8b17657d12e82beee442c1
16,58510,24071,56844,ba7945fdbb9f5111ba33727ca0ccf43f
16,58511,24071,47256,cb826b302a0875e1889ddf12de012c38
16,58496,24072,35270,5a06a1ebb88dc8572a0d86cc525d38eb
16,58497,24072,46675,998c7090d8a221ec9ed8fd1879cb863c
16,58496,24073,12684,32eab4acfb9f77a786a863c59e78c93d
16,58497,24073,30129,f60aad06804f570cee90fb55ed86844d
16,58498,24072,54377,8342cc119cdd5149513e00956df7f3d8
16,58499,24072,50519,7683c0685484218139fe5a385bfd6ec8
16,58498,24073,44968,dfaecc19c2a7f6e151f7273964e1e046
16,58499,24073,46629,7dbdd0e99adf56f80929157588aa541b
16,58496,24074,4440,c76f64e499b8c6893ee895c4b188eff5
16,58497,24074,13452,3529e4c2b7a8216a46762c8994e55314
16,58496,24075,5665,a92019fc3a26ee530bbb503e87447f23
16,58497,24075,2522,e7342e3fe4183cc713a9c5deebf9d4df
16,58498,24074,50882,d2ad56a8988fd5437a1373ee636e7970
16,58499,24074,39737,04219b8af29e677f200793f1855d80f2
16,58498,24075,21360,a21c51ab09a7d0a972cf1d019268f7ee
16,58499,24075,39279,23d4f80802319629b4cd249456423d45
16,58500,24072,33607,ae9a0d040fa3d1e16a50bbc02714c832
16,58501,24072,37916,ad836918869a76f9b9f24cc306d42b22
16,58500,24073,24868,13f76b7941e8bb8b71f9c8799af20610
16,58501,24073,38509,2031a39f00d8851afe51ca396b52ff60
16,58502,24072,36649,8fd45324db00a8b73efa8364f9696bcb
16,58503,24072,43184,ec5e3df067343264dac3f2d4f7bb5d23
16,58502,24073,34995,78dd5fb411cee81c31e63f6ede9e211e
16,58503,24073,43845,7974f769de8768830e9b8149054ba0ac
16,58500,24074,32394,cf5d8a3b118435b6e3b77b87e082f5eb
16,58501,24074,41054,60acfa90bbc26f25e2055beaf3c3b536
16,58500,24075,36554,86563ea12212bc866bf56b4fed7c4e23
16,58501,24075,44390,0627ae01b2f75794a33ee8f72152cecc
16,58502,24074,38790,60eb97fab62d74690831eaf72d4e2824
16,58503,24074,47798,e1fa49ffbc3cd0f7fffd2c316cc294db
16,58502,24075,37269,32509213163d299669515ac150332532
16,58503,24075,48458,0ab38ae52b97b5bb6ae3370eb92e1877
16,58496,24076,5646,8c3d537c395ade044c53d18897a28494
16,58497,24076,4929,cc0e3ce0fa81a59f4173ced377b74181
16,58496,24077,7354,fe2bf6e65f67e3aeb0e00a1281eec8c3
16,58497,24077,4967,836187c4a7b21071c92bb06ed1ddae8d
16,58498,24076,7923,ec1c58df15bfde2d5e99dc735b8c889e
16,58499,24076,35117,be23ba261fb3c7103022b2534c44278d
16,58498,24077,7537,7529add66d3e956660f6790f7502e8cd
16,58499,24077,48289,18bf2d7397cb2efb5af131d82be221eb
16,58496,24078,5106,ee9505bebeef26fa71209550cea692ce
16,58497,24078,18275,6157ce8ec2b63cc7983fabeae9a9926c
16,58496,24079,15403,f873aecc1d9c4e7a7daba72d931c6c6f
16,58497,24079,15835,18250dbac1f147696b8f5fbebd2d8df1
16,58498,24078,21520,3c861e886a7e55ef2aa69a0cd8de40ab
16,58499,24078,44032,0e9b00ab7a47ea1a72b0248869d4c33a
16,58498,24079,29757,d165c16abd4ec6cb2f049be63ed6bc75
16,58499,24079,35810,c0f8a21902554af8f1b89414ef0607f2
16,58500,24076,32677,3ec1858a12f0ace0e9514422191828c7
16,58501,24076,48604,d197509e3ea2a1454959c6ccd5c3309b
16,58500,24077,29575,43cdf079cbb934baf177ef394657a114
16,58501,24077,38059,9f600cff2af5ce77f7a8cec13184d069
16,58502,24076,49647,95f549cdb0a5860666c4f5d60da5ba62
16,58503,24076,35800,041d51b0cc6ee2726953e0c7bf39b6bf
16,58502,24077,63084,7e48096da530ac470ce669dfffd724e2
16,58503,24077,55960,6f47ea8b2b43b6ca0fa1a2c1d8f6ceb4
16,58500,24078,20764,dcf826554239ffadd37161f0de62d435
16,58501,24078,21093,22e14ff8878549722cb8d1fc71ecc9ed
16,58500,24079,19210,6b9367451fd0a1d48ecdb11bcd30114a
16,58501,24079,16872,a67b655c8b20e9472ee32fcfc22388e8
16,58502,24078,47011,7b605e20c1cccc0b2e498280609cbff0
16,58503,24078,66921,d0ddb6811c841418087d307bd7bc35cb
16,58502,24079,28715,383efbcb335907094a423b151bbff3df
16,58503,24079,54232,85b146f49942dc25404d0afd3b7f836a
16,58504,24072,55361,3b226c8596707af2915e126139c794e9
16,58505,24072,50584,e2d8f13df16422a5be4fed23b2ecbf0d
16,58504,24073,55449,7a7825defa40fd740e2a2db559515895
16,58505,24073,30966,4b7b956b9268951fd295a84c618a9ab1
16,58506,24072,53647,cc87a07625af6fb8c33d269cc092f621
16,58507,24072,47861,ef6362e9527c9782247847754001bc0b
16,58506,24073,34373,5b65e38656602fbc4b0788f1c52ba1f8
16,58507,24073,50328,f445dbd1856a2160ba28e2cd6aa86de8
16,58504,24074,42675,cacaa3a1db6db68fc74e770d4ad654a7
16,58505,24074,52271,8c53d19e4980098e47708ac53a831788
16,58504,24075,27981,953f44daa547b0090e82a395c2c57525
16,58505,24075,32145,de547ad7f60076ff2764694118001dd8
16,58506,24074,46648,f2da2d6674247185f75cab5568a9d731
16,58507,24074,45881,55b5b3e1ee77dfe2859b9e00e905e07b
16,58506,24075,40350,4d1c89781b423589bcaefe73729edb38
16,58507,24075,35204,ae7ef9fe15a8be620331b8af95d42d66
16,58508,24072,47358,43dc5e008b0bf76365b18cd5c6572aab
16,58509,24072,67287,d2fb0ca14623a459089610ff05ff2800
16,58508,24073,42213,8ea3c740667001358fcda5e8a8c08a26
16,58509,24073,33954,a314a1bd7e3b63b0d09cdc59c498fd3e
16,58510,24072,61258,db5c95f1b16cb0e821cad75fe6f820a6
16,58511,24072,57784,50eaf3adea1d307ec912fbc7680f5190
16,58510,24073,48260,c6f11dd569b3af3a22801196604b2f50
16,58511,24073,33055,a05ab27bff0b55c377e05379c9a21f32
16,58508,24074,41179,581bf7599eae129da87eefab7c508d60
16,58509,24074,38012,974202ea61a0c67f65040f9206c35281
16,58508,24075,53493,3bb455102d622ed55f8a7afefdacd2bc
16,58509,24075,36308,f215ec56933f6ea58645465e3ae4a7eb
16,58510,24074,40514,da496fe358acffe4c874e4f9e3d49040
16,58511,24074,4650,27b3f0d499713c360e42333a03cd49ee
16,58510,24075,26467,9d98961a1c46a398fa1f9c9e9bbc05c1
16,58511,24075,20287,b79745c7f84d7616e47d96a33786a67e
16,58504,24076,21839,1792d6487516a778e22fec8e964049fc
16,58505,24076,62829,6c439d87e7f766232d70bd51513cb3e5
16,58504,24077,34233,398dc30ddc478d0f8b7e8e3595621a17
16,58505,24077,58078,165436772166a6428e5195131896be38
16,58506,24076,53734,825022b9f344a58dae56abf4fefd445e
16,58507,24076,53650,6b34494f765d815bc930738b6ecda382
16,58506,24077,41304,b79755dca893289f289689aaa851ad95
16,58507,24077,57820,6199b955eb2e768c4bd6c823f21d0e2a
16,58504,24078,50941,9fafc0a8cf65d981ca7c7b6b91866603
16,58505,24078,26183,609636d18539398124c0dbcdd234e759
16,58504,24079,58860,c95826fc34541a6e80953008e2ff651e
16,58505,24079,63047,c0328b460e2a3d2db38d986de00a1e34
16,58506,24078,32041,6236aefe46a537a675af9ec02d7f7a0b
16,58507,24078,61056,ab3acf6ba35b474476c11160702f1fdb
16,58506,24079,55110,daf334ee5dfbdc5f98d1e95e94ccab86
16,58507,24079,68979,1317142ab40eabc6fb339e1c5e236e51
16,58508,24076,53456,5101332d4b333e95f7c0424c9b1078c3
16,58509,24076,37099,346a95133e1ebb10dba9fe6948611a51
16,58508,24077,48030,2a88f946223e485bbd368f4e44ad1c81
16,58509,24077,47691,0b711727195de804b2c5e48394227d27
16,58510,24076,32457,707d4f3053c610ac78a0d11a01ae468c
16,58511,24076,33976,b39d9788c4c9f2a1a405f31f6d83fcd3
16,58510,24077,17617,5428b0e194fbb594d0ae3c292d7d5484
16,58511,24077,15969,6db7adad0617a8f8ea9c8114a4adf44b
16,58508,24078,60532,2ecbe5be13ac90309f06d35a72acb03f
16,58509,24078,26892,15a7d651af624d66373858ae31c64f4c
16,58508,24079,43311,2ef08ab2aa33bcab3298cc23665b9821
16,58509,24079,4435,5276b363c26b806536ae994e97b9ea45
16,58510,24078,6957,c173b2e9b1d2407ff1719d15476f08b9
16,58511,24078,11578,c87b1ddde0eff2aa5a3a41e72a8b7161
16,58510,24079,11635,47c21035234bde949bc49ddc45855abd
16,58511,24079,12059,c2664a32145da0387b66ee16157fcf47
16,58512,24064,53991,c55818e4c4f377242a299ec88b1fbf22
16,58513,24064,60210,11c90707e78cc6b3c166d1fce743b642
16,58512,24065,60483,faca1a2cd35281dd5cdd368924a09688
16,58513,24065,60414,6fda2fe38afd3dfd9a484762fe03c4f9
16,58514,24064,36342,2ad2ee526e5a32cec2780354b219a3b0
16,58515,24064,31324,092296aab77ddb9808676dd7ffcee9f3
16,58514,24065,51417,90e8a04675d96965eaa05a401d04855a
16,58515,24065,60923,c7c77a484e28302304ca7ac7c79f89ed
16,58512,24066,63033,906607459db348ca36a58ccd8c63eda2
16,58513,24066,56982,3450138ab9f9ffa9b28a78b5e28211c7
16,58512,24067,55056,1406866d69ac6b22af6539c279e7d247
16,58513,24067,52069,47ef072d6cfd8efe0fa8b82c24a7e150
16,58514,24066,59133,ddb859eac2f12707a46341e2e8bb43e3
16,58515,24066,79405,5600fc0de88949556780ce9b5dc4adb1
16,58514,24067,52801,875a8a265aad7ddb219476adcad7d49e
16,58515,24067,72296,8885c8a86ec43ea15446e45a100be7c0
16,58516,24064,14767,95e693e7012a5936a0dc7d5ffb98487b
16,58517,24064,21040,feb323c44ecabd278078259d330d9d03
16,58516,24065,35163,2b90da25a8a265e43ec55263bc6c1a35
16,58517,24065,15898,9bc3d98d09e062ec5ff9e7c54cba8b86
16,58518,24064,23482,69c4134d817a02344d665cc0703ec03a
16,58519,24064,11894,49f3e5459c57ef84909d099aa676f5ab
16,58518,24065,12286,faf2a92029eda997509c32028eb10b24
16,58519,24065,7390,c930299b48e615725984eb33376597cf
16,58516,24066,39177,e9b8b699ea86a26572806b4921f8dd0b
16,58517,24066,18470,3817d24e6d33b82bb23ad7e81e231f66
16,58516,24067,50694,9c363f435adf805e9ef925a91a46e0a3
16,58517,24067,39938,3e92307e7fec4c8971d29e2c238d0f9a
16,58518,24066,6995,0547202e7f573bf1f397b1fc6f0855fc
16,58519,24066,8254,b39828a6891481d71b8c3df71adc8118
16,58518,24067,28373,e4ec4a65a0c3f257be1182128e3d14ca
16,58519,24067,33554,3c33f68f81d0f08e017a5a307b3ac69f
16,58512,24068,55906,ca6ad1a6dc1233931ffc09d09b6aa3be
16,58513,24068,58625,8c99a35608d7461232b745b4297a1f76
16,58512,24069,46033,478553e8d338d2e5dd201455064c717d
16,58513,24069,51999,5dfbb7afb2d8d894349a62012fd44046
16,58514,24068,49154,5b995cb391a72cb4c99dad4d313f0766
16,58515,24068,55864,fdbfad622fd7e25848c0bb7902807dd3
16,58514,24069,27260,2a03bbec2b3fe438f55a6deceda0e285
16,58515,24069,38219,6e7f60540d7f1f3005a922f3324f0ab7
16,58512,24070,42895,32a89823a593e19e8700dde1fd0717a7
16,58513,24070,52738,41d04aa906f5b871a13f27c238c2ecf2
16,58512,24071,49677,3d76ae1c9139a9f66f5dd5fccaccbaa9
16,58513,24071,49906,87f196bb4cb56776a998b645b36c8e99
16,58514,24070,36723,72ba92b942ffa8c8cd118337e57df2dc
16,58515,24070,47249,2ca637d2a9dffe3eb6584c284ef7d839
16,58514,24071,25000,55e35461322277a439cf35e4e0e956f1
16,58515,24071,40671,4eaddf8d9cf31bd567c1ec08880e8208
16,58516,24068,64862,5ecc5520468d53ec33764bf4197f1b17
16,58517,24068,44359,41cd9442d6a6c2a472bb37389f8faaed
16,58516,24069,44511,a9929311c246e6a26967b635a09d1183
16,58517,24069,42952,dc89cf8ba4be063b420042e8dad9e336
16,58518,24068,56431,8f903970fb5ebd4cf1aa0324a72f178a
16,58519,24068,53230,b72a411a2010c36af704a81e3176cd86
16,58518,24069,59984,1138bc0b34a93fb2df9d048622c2cb30
16,58519,24069,52783,c0432819020b07f7d1fcc3191bdd558b
16,58516,24070,24458,bd2a2791cf85f9c0a8dc8a832c219543
16,58517,24070,9891,5afe09ddbc7b0c7badf42856b9660e7b
16,58516,24071,17538,8ffdb0295491b07e927bcf43d5b7c872
16,58517,24071,10801,afd4cd60fec6cd92ed4ce588e897c3a0
16,58518,24070,17835,a428b686734b91504a22903d1c5b69d0
16,58519,24070,31327,57b589615c0243cba85a209a0e902bd8
16,58518,24071,11254,e723cb181a8c57ddde6006dde5665e67
16,58519,24071,24673,82a00c3bbb329cd6d936d4ba3dc17f2f
16,58520,24064,12448,1ccfbbacf33eb1a60b72f6e494baf2a2
16,58521,24064,12744,f3ad06f291a2adbec9853231cfa02764
16,58520,24065,11653,d4be33fe23414dcaa68edc12b5a1cd3f
16,58521,24065,16320,721d62e4e54d86b0189d35cde0d56dc1
16,58522,24064,43776,93503aac2910d3a85f1aaaa2ab072bf2
16,58523,24064,37815,853fd9faab3dfcd9e30cd627f8c1f5f6
16,58522,24065,63584,738e2b87f9d06461fcb98a8c38173ad5
16,58523,24065,59732,231f80ec00f2b8ab65b16df8dca4c8f2
16,58520,24066,9148,adf719b0af40b40306c4498d4ff4294b
16,58521,24066,33578,2ba0aa85ad628c222f2643faff85df9c
16,58520,24067,36455,0071491676a93a573344be0c58ba4c51
16,58521,24067,47945,d819529a17ee9f0ec1534278a4ddb369
16,58522,24066,63913,7a43b9bd1e52fd3e5ee6b5f8a3df8837
16,58523,24066,40804,5ba7299becb4564b07a4fce5cb0c1eb5
16,58522,24067,68323,55cf2b64bbbd18f81c5cc81d186bbf3e
16,58523,24067,52234,77907fb48ebacde2320ffd0da97ac093
16,58524,24065,40301,14a69ee1d5d831edfc40d896406e4de5
16,58524,24066,39308,a2eb286d4ce1cb3debf3b01590569517
16,58525,24066,23651,69f515f9d1b4aaee073dd78b8d25ba9d
16,58524,24067,43199,8a372b16f7b02d05b97d238ae8dcb015
16,58525,24067,38329,3144c41bac9ce9a67048e644c79e92a6
16,58526,24066,5957,c9c846d023c9701cae5c1c627ff555b2
16,58526,24067,9867,485d967dd0c8eb512ec7cc24dd5ab39c
16,58520,24068,50526,3caec9cff2bde741480ca1e9ee97b7aa
16,58521,24068,57322,11c04e0eb9a3e3f944e89240a4512370
16,58520,24069,55607,6b0873b7ab0eb69dc7d3a055d5b60604
16,58521,24069,51107,edc0a14119763cb8858d4b7964d21514
16,58522,24068,43178,0c51eaeae57b051b8d98f608efa68d17
16,58523,24068,40665,2c7b595868ca853006976c1217445ed7
16,58522,24069,20259,afa6a31f7254cdc292cdd7c94176cc95
16,58523,24069,24186,40e6a1fba1de2503f66c5dad95b9311a
16,58520,24070,39984,d01a7a946148a39420aef292859b8df3
16,58521,24070,46975,ae5262d7ac61df10a737524d73ab16a5
16,58520,24071,43176,c988ae33305e89e349ba5f78632f438a
16,58521,24071,27053,0b5f4b246bd01b277a37bdc47700ec3a
16,58522,24070,25591,0ccbc8a9845809c2a544fe1c394daf10
16,58523,24070,30438,97232cb8c1a7f3ac8b5e672440594e4d
16,58522,24071,19686,6e47a46a07b07924aa23b04ca7bb1eed
16,58523,24071,33744,b7c33000c9c7b666bfebe03e39c0acef
16,58524,24068,49099,402395e69b4c252d3857c536a2b54f54
16,58525,24068,52295,e8b531e976f00977cfce49f0d60923e3
16,58524,24069,45547,eeead65da16ae1ba2d6a51890ed7ab34
16,58525,24069,48749,5eea48139606ace0ee2e68920e0481db
16,58526,24068,10033,0bc655570dfa30a536c4b161ab0c6647
16,58527,24068,1745,8b18820b4976461d5a11a229c1546bd7
16,58526,24069,11623,c555ae5b41ce899f87397e21d5f8a1cb
16,58527,24069,10806,48290a349f32340f6fe2594a5bb5adb9
16,58524,24070,54992,b40040f9b2961ce33406652930ea96ce
16,58525,24070,81688,c8e4909cbf0eb7e5ffaab7acac5887e4
16,58524,24071,36985,9fe3fd748ccd0881de7143278f509f4f
16,58525,24071,57062,0b70cac6a97875f53bfcea4aca8a65a4
16,58526,24070,36645,0b5eb3f8e48fda35eef35a900f510fa8
16,58527,24070,8422,2d0a9cb0a6ac88211442d528f7bb1842
16,58526,24071,38243,3a7b3e37104036b379348bda67be0728
16,58527,24071,13738,9568383f590b714d2efb9f58bbeae358
16,58512,24072,51372,89af96d5836089e7b5f06932df1048c8
16,58513,24072,48715,76b6555c9d542bca5c101a879b08c8bb
16,58512,24073,41137,e7fed8ff2b1fb653ee731e98a45bca37
16,58513,24073,58638,6c406bdd16fbf0484b9bed193d22ab26
16,58514,24072,44819,99d1546f16309141cb89f6e7be0fa8c9
16,58515,24072,40368,db080771feff99470700918fd39f0a59
16,58514,24073,48767,fc405491b596275924cf71a709d3165c
16,58515,24073,34025,8c43cb087ebec8cd57386eb8d83812c3
16,58512,24074,30248,4d182d5bb63c09765d3470786bd994fd
16,58513,24074,61355,a1bb967f7efccbe712a6f791722e2739
16,58512,24075,48574,1122d6be7e6845149d2d6d207d968920
16,58513,24075,64456,240865e95a60c88d69d611af4ad71783
16,58514,24074,67027,c44a2c2d15bacab2a7d1656c247d29e1
16,58515,24074,51626,8f233f3487e6c1595be9f5f40b2b5a01
16,58514,24075,66129,45855e836409c5ae3e9f51abda75bdfa
16,58515,24075,64567,476ad1ab6e8530b57c55d67d4a60a10c
16,58516,24072,13939,f3fa80c807e7aa2652668912ce7a2c47
16,58517,24072,9552,dcbe2b842d07243835298f9367d01588
16,58516,24073,21284,e69cfd9a98f23c6bad67f2c3bec40543
16,58517,24073,13583,de0c9571a658618fbd26d95443da8a64
16,58518,24072,15092,aecdf55a4d579666c1b0a631e1ce594d
16,58519,24072,30661,e6f509afb7156137f9edecc909115faf
16,58518,24073,18611,e73e6577306e14a10ee1d1c833bf6eba
16,58519,24073,22491,adef9820b6cdb10fbfa39f713f0a996f
16,58516,24074,47022,0c7945e4a8d57a71b01fc1ecf9aac59e
16,58517,24074,26987,ef2679596b9b1b58cc6dd55c9b3e9086
16,58516,24075,58051,48472b947807aadfe6fdbc5a4402f3e2
16,58517,24075,24051,9a6d25751fcef2f845be2ef507f45894
16,58518,24074,23369,687283c759f231472ba2c336cfe069de
16,58519,24074,33584,30dffcf70d7f0ffc8cc2121cb5f64e7f
16,58518,24075,42383,2c27864135a7a5c4c7269147d8a36233
16,58519,24075,29384,f7554047dcce9de8f4670d00326b715e
16,58512,24076,43347,a40034e5b5c02c238e3edf4d62f82e24
16,58513,24076,52789,7726b6bd5bddd130e8ef0b7e9aa874fe
16,58512,24077,38814,07e76d325b47af5b146f047376606944
16,58513,24077,64583,f013b94feae07a4e42d6add48c7e1f0c
16,58514,24076,68478,763c7282ec28ac3e6b2f3a4ad4951189
16,58515,24076,60874,f1f0c91b9e7c97b5398db1f0e2243bd9
16,58514,24077,48069,25ad66eb4f981e549454f16691ebe37a
16,58515,24077,47615,34825f97658623c78ca0624cc35ca184
16,58512,24078,16037,29ae5abe7739fc6fd8bea21b25f15452
16,58513,24078,34162,8f3e0e9ed2a0d41198a6a8980cca9828
16,58512,24079,9525,ba904fa6418bab15f3b37a45a87d090a
16,58513,24079,8382,719d15c61dac433d026412a746ff0bbd
16,58514,24078,52275,4be0a736a31172e7e79ab6c80960171a
16,58515,24078,45247,85c53228a8e7c8b6870f45e601669345
16,58514,24079,36686,59deecf75b1a2186a059b46f9552ff45
16,58515,24079,22011,a3d03b0bc092d3c0fc8f74f1c8e31edd
16,58516,24076,59462,31b9bb045a4eb861ce13c729b1bf4759
16,58517,24076,55468,59e58144d8860c890ccf90fa4fca5efd
16,58516,24077,46303,314b900b76f43de30970954831560e07
16,58517,24077,66270,266419d5dec45c3cc9119b8a00f1653b
16,58518,24076,58655,34a3211f0a2e9f207d3327d02205b6de
16,58519,24076,71810,a17cd356cb564e8fc8101e00428be9dc
16,58518,24077,59767,ef2cba856503b78639bc5e7b5c6cda4b
16,58519,24077,65295,6ab56a229d06c8ed534b76da1c121ac7
16,58516,24078,47054,3aba39e2fa8bc12bd086d755e725745a
16,58517,24078,52539,d19cd9406714410044941870c7549abd
16,58516,24079,38067,819ae62cd4040ece0dbd4142b5127c09
16,58517,24079,39359,927573e2fdabb54bce30811e5d701bca
16,58518,24078,40310,873bcad1e7e9af6c241c124b34c1be4c
16,58519,24078,56092,5c0c711a17bd08d49a846bba740c95ff
16,58518,24079,45776,7fc8b4294d4517862858e05afc58a6d4
16,58519,24079,68830,caf704db807a1f251c4e103d721f9f3b
16,58520,24072,45967,8f71b2dda37ce100ba71df0b13b2a214
16,58521,24072,40505,fb1c640c5a6dd08954ad3a9c165fd14f
16,58520,24073,40051,26c961d7cc61baedd9284b6d2a3b2b8d
16,58521,24073,37956,d6506bc82b8fe4e381bc0c3677597397
16,58522,24072,41908,6f176ee908c72eee401c2143eb3387d1
16,58523,24072,50064,f5f30410da59ed28d71d0f177dd1c74e
16,58522,24073,35504,129f12d6aa5752f32ce1139306e0aa68
16,58523,24073,47398,db54f6e8eaff957e52238e6db908aa47
16,58520,24074,22008,d7981576c77cfedb2b0bd4b85ebffd2e
16,58521,24074,62445,f5b38f4df438025f32031f11179a9272
16,58520,24075,25590,5acbf4c1e90aceba4f4db035f467f094
16,58521,24075,46711,4bc8dbd237d065a8a5a45b594cbfe468
16,58522,24074,41687,7ec5f5bb02bee33fe866d115c61eff5f
16,58523,24074,47874,f615778d7c550104aa7b43112f133aeb
16,58522,24075,48286,4a11da01aab7014d0d5de5d7a2a2054d
16,58523,24075,46920,168fd819a2fe2fdc0ad0798331053469
16,58524,24072,46794,ac404df7a3e501bf69349b65aa912d6d
16,58525,24072,36874,491ba56e1761940594ea701a324ffb89
16,58524,24073,50393,533b3761354f7496592f2563c3f21267
16,58525,24073,31333,db4d94229e216038754b9b987d8918bf
16,58526,24072,40929,d7f642747efefaa1191c3ffe590af140
16,58527,24072,13851,d6910fc66f9d7c9c546de3e16bc5e023
16,58526,24073,45943,c27cb5735009d9e874a656181db01f69
16,58527,24073,27602,9b9ec08d268fd014b6d9bc8f9b2878e1
16,58524,24074,58235,d7894729d987c8147be6bcea9c021999
16,58525,24074,46655,b0b46c5832e160b66e74eeb2f37dc753
16,58524,24075,31322,e8f572164502f6af2f26d34f5991fe08
16,58525,24075,45341,ffa5fca9b8a7b8824b161f463ce3b70b
16,58526,24074,44161,71b58fda6abddd0fdea29f0fb3000adf
16,58527,24074,52927,bb096286c5b4927ccf2ce6335a0ae3a6
16,58526,24075,28416,e27ba0d36460d5f8df465115d08af9d2
16,58527,24075,32593,66cb16e0cc2096871498b9ad662c6de8
16,58520,24076,33255,76d130d41d5b19ad22f9e3b2c0861912
16,58521,24076,58368,8b98dfb4e5271363cd69b9d4799b4f34
16,58520,24077,43131,dda69604c3d1d8325efe1b90028904ce
16,58521,24077,55657,0f525ba1b3c179b0e80fc7d3f99d1798
16,58522,24076,58056,44a94618ebfa55990067ea82c3e35005
16,58523,24076,39958,e26bbc7b80e13c44b924cf3177ad4a30
16,58522,24077,57510,d9b05bd2a816a4caa23070f3b6d497d6
16,58523,24077,62600,c1efc0c4527e34b9bcae9d48dcdc2307
16,58520,24078,62566,57813c6d77f9359a8df78b48b3f166d1
16,58521,24078,45033,f26682e315e85149b33c4c23c7af4673
16,58520,24079,31346,7772d8198187284aa969411e9451d9cc
16,58521,24079,21170,d7c8643394921ed7d7dded3e72a3a07d
16,58522,24078,54990,5538e2d2f450fa4c753697744c9fedd9
16,58523,24078,43816,01f233fd13c5bde155cc57470f72031b
16,58522,24079,62824,db340e4bfcce7a561c631df4f9648465
16,58523,24079,38596,ef3232334e43db13f4fd786a28a12404
16,58524,24076,23248,02a3c53028e75670ece63f3356605727
16,58525,24076,27162,09f304c822f611ffe91d2fc71c824910
16,58524,24077,21631,92e256b9d5e6b4ff603e2523b12b19b6
16,58525,24077,16205,a7939b80371d394f8bee4170c497ee2a
16,58524,24078,7701,a081aa31bdd2fb4102599abdafba28af
16,58524,24079,5885,8260ddfa2e8c53f6beb514ef6e07bdb0
16,58496,24080,43108,f0d1c25ca7f0745b32a7cb559c7b6ee3
16,58497,24080,21356,9e7d9d4bc9a341aba61b60cd7b1fdd15
16,58496,24081,42646,2e49aa15a9f715f3a2305e892e7786a8
16,58497,24081,15511,98574339fc174d1d37263d54bd3a6f63
16,58498,24080,13268,eb3f2757b6c0d7c061ab4105984dffa5
16,58499,24080,44691,056b432741a01bd7915ccfb11b272842
16,58498,24081,18080,e32d959d05ca86cd8d3b6a2e4f9d915f
16,58499,24081,16822,ae314527ed39f169131f710a67e1ed8a
16,58496,24082,50775,574ad9ba6c4b03760e15d1a6826e2a0a
16,58497,24082,10288,3d03ad6d65431df7616dc82e1527c602
16,58496,24083,50491,9e535186afbeb1379c536ef8b7c4f1af
16,58497,24083,11759,bd219e56721b7f821f23aaa60eb5e634
16,58498,24082,8209,9e57c198d611c1a762f0ebebffeeffaa
16,58499,24082,14719,bc5bc8c1f56ac3a73f383da3250c8a27
16,58498,24083,15546,1db96dd5f716e298f2d4d6df2d67e083
16,58499,24083,42472,35d573fb7d21eb2c161d73685d5228cd
16,58500,24080,32324,ad9d574b17767e2e48bc7ba633f7e86e
16,58501,24080,15110,7b02cf2010a48cdca38f3608b5124b03
16,58500,24081,51246,0ed51d3aa10281820b5dd8dda4667f43
16,58501,24081,28406,c1d027d7ae73f308c0e1e9c12e751901
16,58502,24080,39083,c8b643bcf745c42270ac3f794216515c
16,58503,24080,70473,b37a1fc14f274a5a0902e78272e2cfae
16,58502,24081,25612,1b8b45764d95e9f4b21add055451ee2f
16,58503,24081,60798,dec6192899f2ef4f3be71ce37a4dc63d
16,58500,24082,37024,4145f9fd195d6eddf93461e780062cda
16,58501,24082,18468,f4f4f949363ff85b68a0faa4eb2fa0c8
16,58500,24083,27877,9366237ea85714012998620951a8548a
16,58501,24083,17312,f673911bf08ecd3fa94c6fe4453dec24
16,58502,24082,19425,ca5df755de30f3473f891ded4d17f33c
16,58503,24082,58846,6cb2f959c6a3e50563836fd713ed6560
16,58502,24083,10971,9399333cc495134b9320f425ce47e1c0
16,58503,24083,23160,517801a328f57a928e0810e397f2db6e
16,58496,24084,49899,bde7e6a3bbd871bff23a13d36f6bfdfa
16,58497,24084,21866,5681eb8c63eb40d1ed07d6f6ca4f6472
16,58496,24085,42951,3b401d44fb8418e68cf5e24b8439dc72
16,58497,24085,42073,0e5d7e57a955bb675f107cd3a24feeac
16,58498,24084,25468,f7b620ede55466a65158fd043e7edec7
16,58499,24084,48111,aba5c7d87102ec66ebfa67654defa418
16,58498,24085,15203,55be59d574220371b293615caf0ad868
16,58499,24085,28550,2d4a6b54642b2ac736ba363c2e73b5b5
16,58496,24086,43914,08ecff1614c48a71ab6badea8406959d
16,58497,24086,48484,3d9fd29ef4a2f3425d998c1635ce40a2
16,58496,24087,25528,5f31c992e196c60763b510107ba2e356
16,58497,24087,29470,c57ebc6cf3348b986ebd0b70dbc1fc7b
16,58498,24086,19851,51f93a6e28584a505056a7c850338a12
16,58499,24086,20668,b5c14ff5e7dd9e72e82009da4c04bb90
16,58498,24087,36969,00c390192f6c0ecbae3a579da9a18e71
16,58499,24087,23322,9945a7c78434ce2b6b01db6258f76134
16,58500,24084,47633,5fa98d6f1c1b8ad26a07e4af75c04f3e
16,58501,24084,22122,dd6b53ed33a195a3612b7b9de42969ce
16,58500,24085,35377,f76324509a6098f98639ea4d85a9839f
16,58501,24085,8684,9030613fc57a3c8be5e7fd88868400f0
16,58502,24084,2546,99716f534847d2e4ff276dad25f9aa9d
16,58503,24084,12589,0677073f5a42e9b58b6d757d93c7800d
16,58502,24085,2596,8cf9cb873917e8c1e9312fcfd1116165
16,58503,24085,11501,78b9ff400af5984b99f91fd6d41be339
16,58500,24086,10925,1e2bbe01663835fb9b0bbad7e968b6af
16,58501,24086,4958,0345b7c162cf62d7398440faa43da7b8
16,58500,24087,4839,137c6f330dac323d2c07fcf6227d2732
16,58501,24087,5231,8ffc118988ed558057869e1953d17691
16,58502,24086,3168,fa55a344674a491ffd523200da69a5ee
16,58503,24086,6356,99d71ba37ed666bbeb87cb96b2197e1a
16,58502,24087,2749,88a88f4661f786a8dcc41d45ab2caaa7
16,58503,24087,7276,b55169fcd1490e42a1c57ad2f0b5e75b
16,58504,24080,71983,b51ae0793821dc0ac19f887464edea80
16,58505,24080,67519,40abba21f7a5cc1cd05cd4b45677f931
16,58504,24081,56734,a14371dd802c741aaf7d9b6c2c3060c0
16,58505,24081,55083,11b10b4e69656d43cdfcffa799767df4
16,58506,24080,63695,58e114bedb2c30f8a90da3b52d7429ea
16,58507,24080,45003,f41bbbafe1fe4af96da78a0033ac4f1b
16,58506,24081,65326,96dab29525be8abd0df94ca44a4ffe22
16,58507,24081,23740,3cec799bd1471c00196afabbc85a20ed
16,58504,24082,60721,66d68e0397dea574ae79403486f439c1
16,58505,24082,55793,bfc8fe67992ebc48e05b00d44fca9f81
16,58504,24083,44884,cd520a5c35666c5cbafe907a9ada09c2
16,58505,24083,40102,a65e30cad55204255777981c86b4ddf0
16,58506,24082,25426,106c4ba7dfc8bc028ba249afa4b2cb39
16,58507,24082,9381,9750e12166e3ce87820f4ece5daf9aac
16,58506,24083,3536,75b84ec554beb550aeb05e4c68386ab5
16,58507,24083,3810,060da28409ae30a310eb77f373e632bb
16,58508,24080,3983,6f2f6e8c5811511ca4224f4a6272544f
16,58509,24080,2754,c670eb510e96f5e352bd3154927c9a43
16,58508,24081,4108,0c5fd9739650da52c8787eea6d6bf72f
16,58509,24081,2558,4b6530e47081faf7370950cd0693b799
16,58510,24080,8464,ce784f2ce5c9da89d51e9e3a0420439d
16,58511,24080,7602,55cd43ab7480aa9e2f7e1b020d8a37b0
16,58510,24081,3632,3f94144d5dd59e3ab1b730c4adc52ff1
16,58511,24081,4735,13fae51273d58a78453a34084a01487e
16,58508,24082,1902,e8f233b435cd1cba98cd32eb157c5de5
16,58509,24082,1917,840db5de960d06b28ce19c6a6dc98e86
16,58508,24083,2073,70ea8c2882c0714956aac088abbb6b81
16,58509,24083,2096,66d8691b183781a805ff06440dc72c4c
16,58510,24082,2909,a55c31130b8a7bab9a99170c3efdcb1e
16,58511,24082,4723,9acd54e408204732b14222c6a4c40bb7
16,58510,24083,3997,63f4b11686ccf53bb280ca2aa18f184e
16,58511,24083,4115,fd2d6c4037fe4a7b965618ada77b7293
16,58504,24084,26301,4cdf5cb103c55b667d4f3510c8b221fa
16,58505,24084,13568,b992672cbeb273d24e332f6f7d51d98a
16,58504,24085,6692,02b5c0f8de638ffcab458b87902ad5f1
16,58505,24085,4935,70f0584e8d37766ffbd20bb2760f4f32
16,58506,24084,1551,43ae6c92c621b133a9697e4a67dab804
16,58507,24084,2878,259211415085355548986c96661c99a7
16,58506,24085,3425,7fe2b698b2fdc1c671a668771c3aaf9f
16,58507,24085,2407,73eac20b80d6f55ed185f7e2cffb568a
16,58504,24086,6055,916d4a76687f2012be95dacf26ea22d2
16,58505,24086,2718,6ef56e054b8e106a9bed28df4568b12f
16,58504,24087,5989,38b0219a6800903148e10d47ec5c309d
16,58505,24087,2944,90df60fcab2724d370f8d1791137d4fd
16,58506,24086,3050,b68e94be788b38fc158fb6909d409718
16,58507,24086,3959,40706a86df5f87009a04657f0ed81b3d
16,58506,24087,2770,7b0a021eaff51e8a98fa73372d1fdba5
16,58507,24087,3391,0ff20fdb4136bf13d73d0a930b52980a
16,58508,24084,1856,bd541cfb1cd68bb4f05f5755eb95cb8b
16,58509,24084,1741,9cf03c9e43ec52d8b097162c0701b095
16,58508,24085,2234,c04542c6f4158c0a87c582970a562cdd
16,58509,24085,2784,26379673244bc26087f925a7b2e8376e
16,58510,24084,2004,b4505cb13f96a75612e2d8c42f886cf0
16,58511,24084,7893,bacab45d91414c5993f2f894d0ea8af7
16,58510,24085,3128,7ed486ce8edb6db29022b64ac63691c0
16,58511,24085,5381,8388e678605b8fc302a6cef548adec3c
16,58508,24086,3715,00ae70bd02775166a5de773904a3669b
16,58509,24086,4185,c3a9ce033558241721ee856c57c8c7db
16,58508,24087,2659,8196c66c9f08d748b6b0f6dd4792505c
16,58509,24087,3306,41c6fea1af0f79a8c5b9f1c8b4ac7bc7
16,58510,24086,3543,37c43dca3bbbbfe323b8361abc4a6320
16,58511,24086,3828,75f213328c332323a6c49babd02d2cfd
16,58510,24087,3234,a422048a680f23053178f4e583dc44cd
16,58511,24087,4171,367c69d9ff5d5c3a3bcfd4f319a573a6
16,58496,24088,23475,1bd5346f2acdf262a0cca69f97f679cd
16,58497,24088,30664,e570882707128a8a6061964296585491
16,58496,24089,25214,5101a55fdfafcb8d64327689b7029488
16,58497,24089,27239,caab24071e9d11a98b1fe653b13c3648
16,58498,24088,38627,5c41c8f47e877c75433612636b7bfdf5
16,58499,24088,16236,7d6b9442705b2d790047187dc6e43f6f
16,58498,24089,26987,1c3280ece44a4cad7821a12723650693
16,58499,24089,27607,274b5fe947c3701992bd787fb1a56ac8
16,58496,24090,13461,03289c21627d206083e3b71e2c68c144
16,58497,24090,5999,e9440b30bbb7a965c96b85d3bf65810f
16,58496,24091,8669,6cecc3c46d93f630feadf90088717cb0
16,58497,24091,8348,bb77b16c0fb02429f0bd10b716a9c733
16,58498,24090,23124,a3bc6a12c3604803a414a03eb6a3566e
16,58499,24090,20326,5603bad98a5aeb9b3845f00316791f56
16,58498,24091,23959,b7085a3a00aa59457296fb8c8e610115
16,58499,24091,22961,ee27aca85d7eb30207e2df17b6ebcf48
16,58500,24088,7339,fb46d48e1d90c8ba10289b4fb91a8da2
16,58501,24088,5394,13286a93baf48ea9d7b8d317473fb829
16,58500,24089,12502,4caf72fe4c8152fac749a017907134bf
16,58501,24089,16744,80151a8383eec5afb622dc05abcd54a9
16,58502,24088,7598,71790717b81ad74fd56e63f67419de4d
16,58503,24088,9276,fbff7b4396e4fb9ef7c8797b92c82a23
16,58502,24089,7411,0f1e19e858c1edc37bb3f920ac31956d
16,58503,24089,6814,0b0f09131b491f9c949292b76ca96c81
16,58500,24090,13044,a7096b81ee2867beb1ca25b544188c85
16,58501,24090,13320,a111244b344dcd597cf31dd9c2a287eb
16,58500,24091,17383,c70822284e62afa9f13c87296b721805
16,58501,24091,12655,43ae2ca22b81eb6c69e45268873e3f62
16,58502,24090,7770,57e653eafc550eaa83ee7e3a890241f3
16,58503,24090,5856,1d90648935de7a9c02d50a7c16e887f6
16,58502,24091,5838,080418ba523731931158e1e6becf6e86
16,58503,24091,3281,aa0d83aba8db9ff477b05b7dbc50e96d
16,58496,24092,4194,a74af4b7f386d70a405aada037d05bd4
16,58497,24092,9860,6aeafa840c26bf81a7ed09828d6c7143
16,58496,24093,5872,829fdc8e9ce7358b9c009c598d8df4d8
16,58497,24093,6086,ae5d8926be5c64261c4b59ab6df00d51
16,58498,24092,9776,d6614e24fb910b54c0df74874ae88970
16,58499,24092,35913,47183062a76e4b8bd803e8b20f08611a
16,58498,24093,6004,2e6cf09462be5597c7c663f07b574a46
16,58499,24093,46637,c290f50f64ade3e84ba35e047983281a
16,58496,24094,6397,71b0788922a8cdfac362eb285e8b5d0a
16,58497,24094,4443,a762173bc030f0d965e8b65d76a3b7f5
16,58496,24095,7993,2181cbeaa17543dba472490b69836176
16,58497,24095,4463,357dde713d50e52f933394c7e97f88bb
16,58498,24094,9622,1e4c2cc6b54e6b74d414557cdafff9ec
16,58499,24094,39650,4a694930b02cf207c91bd0e1bd00e315
16,58498,24095,18572,5839ad6501e741dc52f1e98590867f7e
16,58499,24095,39487,b452eb3c645d279f5ab00d03952f63d5
16,58500,24092,10734,d0716b51889f20d1ba4c4a7e0236f9cc
16,58501,24092,10508,fc8b4f5c213eb8b85ed12ef0b0de3597
16,58500,24093,12756,b140c8a1d564dff3cc76bf82a2874ed2
16,58501,24093,12373,72ae20afff7dd15530e2161cf8827499
16,58502,24092,4323,7dff90bf6914e4cd9da4c67b89151bc3
16,58503,24092,3122,68587707d2c413dc8b4225847616d3a2
16,58502,24093,7316,00addec2bf726fec6ae23e242a2c396d
16,58503,24093,4502,569f1bb211f5328fad883f6772daf152
16,58500,24094,35443,e7b82c7236b24d9dc21e206c5c866b6e
16,58501,24094,10220,d2cc50412734536f7880a2184101f8ac
16,58500,24095,20111,a9905af0e82498ef5f982410823e90ad
16,58501,24095,8609,ab0ee9469eb19f260c8628cadbfdf24a
16,58502,24094,5858,2f46c4b19e2d798062a33ef966de7c76
16,58503,24094,5134,c8e1b958543b5b1b458736c28b9bc656
16,58502,24095,5244,b269e0fde1051072a1ee48e7cf9dc6cd
16,58503,24095,5515,ccac3895d9772afd8aa618effdc640ce
16,58504,24088,5285,65074242e395d671ed0ce3939b5ef492
16,58505,24088,3743,4cee90cf757eac28cedf8f274bf94d4b
16,58504,24089,5833,570387db0a513f9b6155be6b5b582aaf
16,58505,24089,4568,7d24cc963858cd5cb5e3a70400c9ca63
16,58506,24088,3486,4c4408af86aa0b036b2f8f126c3ffb2d
16,58507,24088,4810,d78c5d5acfdc772503964d617e5bf458
16,58506,24089,3703,372236bc37410ac9f7a92ddf871e13ff
16,58507,24089,9704,ab4b5d95063ec196f271a9ddd656557b
16,58504,24090,4633,05239c13ff29c32e1f03c8ecdb18970f
16,58505,24090,3394,ecbbdd67bca604f34b21756b9d5c6183
16,58504,24091,6463,fa9dbaa1869516403fdc716eaa84dfed
16,58505,24091,4993,f07d087dc961a3ba4c2287dee171607c
16,58506,24090,6970,224ea2c89c6aa99f43ef2340a35a42e9
16,58507,24090,7420,d6c85fd296ee10fcaaa440c9f753a9fe
16,58506,24091,8406,f20d13395c5ff009cefb158c93456195
16,58507,24091,7565,c552ffc948b770b662664fe1d49e5ae0
16,58508,24088,4398,5b5df9680db1aa0ff8ab4cd01ea71ec8
16,58509,24088,3831,fe21caf764be35c15b6db99416126bcf
16,58508,24089,8302,bea15e151522d9ac086e343fe2f20daa
16,58509,24089,5762,bafbc2650ec1d1244cf02db6e4a4e11f
16,58510,24088,5727,9dcea013e0fb38430ac172786cfd8fb5
16,58511,24088,4232,fe8da6c71a42f1ffcf42419d266ebaf0
16,58510,24089,2851,854031f2ff347140064ca620c0146a5a
16,58511,24089,4732,c6d22c0677234146cf83002ef19b5e25
16,58508,24090,7916,dc9becaee945a0efd869c1760c925bd5
16,58509,24090,2443,bc431f57062aa6cde4f6c292fcb5f96d
16,58508,24091,5488,8c7aba2e508dcb1110a75984d652c923
16,58509,24091,3752,04066c0e3c937b14274053bfe7f616ed
16,58510,24090,3499,c7c66bbf41ee9f8b341af719ddeda672
16,58511,24090,2307,dea070fb28eaaa729481c2b68cdc8cd2
16,58510,24091,2725,8a0a59ea1e2403433677b21fd3ae9422
16,58511,24091,2643,68dc22744d52c8b03d0e5dda7ef9a6cb
16,58504,24092,3596,a07f20d71d99bf85e6db37945be788e0
16,58505,24092,4789,380b0386cd4de2a5aa4dff8bffd7bb3d
16,58504,24093,4394,bc791ae4b3d2585ccf34fd59d3fbe41a
16,58505,24093,10006,8a11be8b8c26313916cccf6bca8605b5
16,58506,24092,10708,bf5fdf685e310549c029d424c00f0cec
16,58507,24092,6590,83e62a95ed6aacfa631b190a96ed5d9c
16,58506,24093,8224,1c3e875d08df1e0db143c45d3128832e
16,58507,24093,9281,8048496d1c8b371ee15c957ea1efdfea
16,58504,24094,4239,cb6e51cecf604c04ad598291d8d893cd
16,58505,24094,6837,92d87094df3c23ae887b91d0adf9b509
16,58504,24095,4940,338c584fe42d9626456ee62c3663cadd
16,58505,24095,4318,d0f76b07005314dd7d9fba3add79d76f
16,58506,24094,7717,66235ee9da28934af50241f2751498d3
16,58507,24094,5474,24ade8bbabd78b7e4ad3a79b64e8db94
16,58506,24095,7993,a8a18fe0bac801c4908903d96bb2296e
16,58507,24095,3499,cf1e3a24a17ff9499a7a2a715ab31006
16,58508,24092,3009,dc876a0fd3aa6f57d6783eb055ec727f
16,58509,24092,4825,5a20497a01574921608e0ebf115f0075
16,58508,24093,5656,f10c21e167c56df22ff07f8eb4266aa3
16,58509,24093,4449,b66e3cf81e32426af03d5711ed4f84c6
16,58510,24092,2989,973a9051618a7b424918c8e38dbbc2f9
16,58511,24092,3506,648cc4e41ace0b1d1063e00a22e61c83
16,58510,24093,3397,9b9898413e1e4e6f8a4587c0cc198ebd
16,58511,24093,3474,8fe90e966c2d95b2ea7ef54e7282d47a
16,58508,24094,7778,2adee68636a7de30555f51ef213469e9
16,58509,24094,4346,41293e1b2da9c63df563e66676f7491a
16,58508,24095,4092,1b40483863cd48f201365fd498d51d17
16,58509,24095,6523,f91a0cdec07304e5edda68d29c67e710
16,58510,24094,3715,08cfad26b67f680d055610916ec09a59
16,58511,24094,3922,ce341a995a71df55102efc7246d21079
16,58510,24095,3848,b139f966a792343aec1c1fedb6299e21
16,58511,24095,5189,28ab51e039066e6fc80afc0d495b3938
16,58512,24080,8122,8d1d838753556a06266006b7f11e53d9
16,58513,24080,20416,79cd629e9bd3daff057cb6d834e52070
16,58512,24081,13186,8ba9b6e573cb4201fa8a6f66a8423170
16,58513,24081,46214,0e5e0088415e533264112b23e0c29db8
16,58514,24080,52925,090425e4ed58a8876458048aff1bb569
16,58515,24080,18908,5d682c819d6a27a7df98584830a79e46
16,58514,24081,62195,71b10b85f00856bc0c41e6c82339507f
16,58515,24081,35082,1161789fb37bed26dfec76536653b003
16,58512,24082,33210,42bd07e2e6bc82ae0843dacc798a5b77
16,58513,24082,69001,f263fec6d1103af9067e48a74c8d6474
16,58512,24083,20283,d6443caa5db3859d2fbdb5f30551970b
16,58513,24083,72161,395ddd7dbd6d1d9d8d8cb598a6709d60
16,58514,24082,71583,fe802d71987914c24f4290501ed5d6eb
16,58515,24082,54426,0d992fbdaddf80c2884916d6892ac907
16,58514,24083,55020,71a9f9c254a3e71f051755a9f079770c
16,58515,24083,57172,dbd33814c208d5c5bb31ec174398d573
16,58516,24080,32004,927e1017134eab38cef3510c3d161b6d
16,58517,24080,47288,6458d51e91880a2f9291a67fbece2f3e
16,58516,24081,34473,f14a5723902a8305ec69e973eb568cfe
16,58517,24081,41727,363eed520006f73345f6be6d8be69bd9
16,58518,24080,38881,a9d894519bbc83bdcf1ddf7b17a0a34b
16,58519,24080,42108,ce3debc643902f5bcce660d70193abaa
16,58518,24081,60830,10f8d6b395adad12113f4b6f83389304
16,58519,24081,12977,dede0c807e2f76d96dc92d53e3f62a09
16,58516,24082,51828,a2cc02f5494b7eccd39e113b699f37fe
16,58517,24082,47809,315eef7e0d67fcca227762b574e37660
16,58516,24083,44659,eab1cf6edb1c8c9dab5801806ac10b11
16,58517,24083,53375,c1981a7f680e7c1e85f22e79e898711d
16,58518,24082,27512,f33a84ec6956ba05ea897bdf53023ac3
16,58519,24082,22546,a7d2a5407b339a270f7617b078be6ddf
16,58518,24083,17583,82ffc64ca1366cab75bf4f52c833e6a7
16,58519,24083,49080,0df18fe86c6a624dc426e077d4570381
16,58512,24084,17730,a465919aaa0148901e3b6d4b0c618f56
16,58513,24084,37233,c9953e4ff7d72360d78a092c01323c99
16,58512,24085,7949,f74d173273cd1da4a1687b3b70face0d
16,58513,24085,24771,f07b44bd191483b025a2e931ab952ce8
16,58514,24084,45669,9c4aba3b3b0569511e99eeb9f12296dc
16,58515,24084,53617,2dbf502eae4e36c4779ade0e57531705
16,58514,24085,48905,4287be42cdb0ccede260463e340747bb
16,58515,24085,46860,77dbaa1800043fe12fc9182abb203e9b
16,58512,24086,7354,3b5c55a6875a8b06985008672c05bc08
16,58513,24086,31422,371a40c548a9c9ad70c366f50eafa177
16,58512,24087,5429,ee43f28daf09d23829e7aea8b264eb6c
16,58513,24087,8991,49f0e3137049511e1127672e51c6c0d8
16,58514,24086,22339,64044152115ac81fdc9ccb9e86abcee0
16,58515,24086,10301,94b6ed7e155926deee00092f9e25aff7
16,58514,24087,9606,811a90a94bbe3304b14a5f2c9521b80b
16,58515,24087,12274,6488673341ed9c444c6a0f59b84f0af4
16,58516,24084,44852,9e0f5eafe2c0a073a420fa2bbba4cb01
16,58517,24084,43794,6b1578548c1ebb42a83788592b6dbdbe
16,58516,24085,48744,7bb7b8aac156465d66673e523beec313
16,58517,24085,59450,8da874acf3ba3e39b92155a57ba45a31
16,58518,24084,52854,69e246822fcd7a760d79fbd947b08dd6
16,58519,24084,48041,da683e9ce817c4c0753206497753b6fc
16,58518,24085,39191,503eb25b2df07ec61b62ca7d1e479aca
16,58519,24085,45284,2baa63588fe9e232c8701a872b65b988
16,58516,24086,16177,aef120b1cadd1c1943f6630188091ad8
16,58517,24086,34530,18931af89ba4d4dfdddf42ee57181d63
16,58516,24087,7594,91f4100996631e4fe9fea25bf59eed77
16,58517,24087,6969,2113a9389824b1fe9dc78bd874a421ca
16,58518,24086,47475,8aa0c7548092fdfa2d83cd8a997ab222
16,58519,24086,45258,c4db4d33e25a783887ff31ff17437463
16,58518,24087,27777,9c70d942ea736a629005a1c632283d41
16,58519,24087,18902,4a59fdf7a4e726d9137d274ec6b76da5
16,58520,24080,25377,c83f90203a0a4672cb008e42eb1c8977
16,58521,24080,26348,5846fa25606c6e112b4a3074e1a5c934
16,58520,24081,45475,3c2afb9962978b62b133e99424147cbd
16,58521,24081,34552,33ffc13c40eba847d30d431d38c9a3d7
16,58522,24080,50511,6217faa2ef8c9cb620b1d0cd1517cc37
16,58523,24080,21336,620a5373f88a863e198ada5d1ffa5073
16,58522,24081,46393,622d4005d7245fa5125724f4c851f257
16,58523,24081,10607,9d3b245986a4cc229e8026a61dda7229
16,58520,24082,33682,62e854c826ee767975a203a9c9b06c74
16,58521,24082,27423,79deba30c2a834b8f991c7e7d5bc6ab0
16,58520,24083,55359,9e7ea78589e12d4597ace941989dcdb2
16,58521,24083,57732,cf479dcde5bb2c02cdc31baf88d960f4
16,58522,24082,61402,2d3be6e384d52636334a9bf9f8fcb47d
16,58523,24082,27134,1ece72e1e66197d4474635175ce2aeea
16,58522,24083,75634,a3b3e8dd6f1a617f49f6f6c0a6da6d29
16,58523,24083,19763,6ecfd4105b34803a727f95ce69c1bc05
16,58520,24084,44390,8256eaa8f50c757633fec15a49c2914e
16,58521,24084,64613,174c4db99ec70fec92ce735b2e38ebe3
16,58520,24085,23100,12f7fd64648fd42d6f5f3fc518e49cf7
16,58521,24085,43721,f4bee65987565c5396cd8f052b8a6f13
16,58522,24084,44289,a1eebe6df9495f8ece21322b6379f0e6
16,58523,24084,12921,e3d53c713bb4a8c06492d19b71ed55b1
16,58522,24085,15959,1c335dabf8fbb973ba7cd685306f92c8
16,58520,24086,53551,49a6a079117d711611659175b53bcb7b
16,58521,24086,15883,242efdfb3ebf451b1f31b42b139981be
16,58520,24087,32401,d74ea6e0fb7af93279ec9238843c0022
16,58521,24087,15063,78fb363199c9f8bfe0231c15be4c0144
16,58522,24086,39761,9c7d9cd8c6635dc70fddc63c21e92857
16,58512,24088,5049,9c5c61d6f80f3fbe82cbd9ebee14b9cc
16,58513,24088,9556,3835710e9e41ca8790ebbedd8b0281a8
16,58512,24089,4444,a73e7590fc4aaf1bfbf0e5c81ccc3630
16,58513,24089,5400,be2abf30acce750546cfeef7a62be3f2
16,58514,24088,16569,90e7cb348dd6654898f526180e0432a4
16,58515,24088,9805,c2a5e4ba2e7cccfe096d91aee586080a
16,58514,24089,10970,44c73f23c707b0d6fe8ad1a2253aaef7
16,58515,24089,9335,88e7cc7bce8dd772d8df5d482ea38cd8
16,58512,24090,3458,ad7ebda414bb2c1a0a31b181787c7641
16,58513,24090,5062,47a9d28f3e061c383d03c7832ee7e0bd
16,58512,24091,3816,dc7bc31858d752edcbb8614434e09ff2
16,58513,24091,4757,bd20bd5b85dcc7e1b9724a21dcfa0e36
16,58514,24090,6988,d6c1103820ca02e1c9df9027f52b600e
16,58515,24090,6903,84e4dc229b5a1220bb43e8161c99341f
16,58514,24091,4071,ff12f2fef73ff43e6c40722eb78d95f5
16,58515,24091,4421,1823d9c50f8ec2b7b32b109fd71edeff
16,58516,24088,5878,12291c0730cecc9fac187e4bb654604b
16,58517,24088,6675,4b371c5e1ddbde97db7326904766afea
16,58516,24089,8340,5c1e9d69e3f288dac7f00261cdfe3646
16,58517,24089,7820,46132a3463e446f737dc1595a7a838c4
16,58518,24088,14140,1e0c7c482574bf7e98f30459716ecbc9
16,58519,24088,9877,8f4e1499320e5af00c4f7b5931ce29eb
16,58518,24089,11536,79a41cd7e6af600afa012b70808a03c0
16,58519,24089,9767,bf97666516670a56f8adaa4715b287a9
16,58516,24090,6195,67ad5fea00697560ce280e230e024dd9
16,58517,24090,4201,7ec7f8baa6a94a384288ebaa7b5ea28b
16,58516,24091,3198,4db17d7227e4ada7d2ec411279a6b4fb
16,58517,24091,2388,51caacaaaef0c885067a73752cdefeb2
16,58518,24090,8947,659e9373c5ca0269fd9c19934c23f2b9
16,58519,24090,8356,26e44aa7341be14003e42994b4269d30
16,58518,24091,8083,b2f4526e3b49197dc79d679a2a43d5ac
16,58519,24091,8307,849ea2c025024145182ac41780a356c1
16,58512,24092,3027,e6b775a39a3df84946b7544f4a8a44b2
16,58513,24092,3092,fafeef3cd157599b6eeda889d827295f
16,58512,24093,3681,1c5434af237f502bd768c144dede053f
16,58513,24093,4293,6aa0811583adc41c21cbc23833e55815
16,58514,24092,3472,a852bdf92f04bd62775ea68a411ba273
16,58515,24092,3250,7862f44ab28d9a44cf7372002d4f3dc7
16,58514,24093,3457,1cf2b52a9174f12e58b8b4d1fce9be2e
16,58515,24093,3625,1ba72d700d8d85f1d9819bacdbba49c3
16,58512,24094,4075,b87c04c5428c7b4f103411c5ac4e9ab4
16,58513,24094,4887,d632bd68f2fad0658e9728999e1c931a
16,58512,24095,6241,e99e4e4e75a99f05787cc2dfa20f3df8
16,58513,24095,6542,935d686f077bc54a6e40ce65d483af8f
16,58514,24094,3449,b70db078387e453eb4da989c5e6d3394
16,58515,24094,5431,b34fb09cd3a3240b3e6a791e95587171
16,58514,24095,6465,48eea8e1a86ff3034014d074cfff5430
16,58515,24095,4013,41d5b030cb9f7b969de70cf5d16091ca
16,58516,24092,5083,7a87653e076d796c3a3d5cfe88a962db
16,58517,24092,3938,6e30fe3671fc398390365a5f7d8aace6
16,58516,24093,3082,60b6d1fd7225863321eace889574a477
16,58517,24093,4358,0c0bd4d31761ed7c54115d93ce145bbd
16,58518,24092,13174,bf89f7e65b0649afa548edbf456c28f8
16,58519,24092,3962,79d73e5254a3119c66c07dda5e84624f
16,58518,24093,13550,b69957e489d1ad446194f98fc9aec8a5
16,58519,24093,4743,8ba47e0b1cf9166c4749a313d4e44f67
16,58516,24094,3945,4c0533d8d8a1306b6d29a47cee64d0bc
16,58517,24094,11002,2f2a7562c512cb069fb914def8164dba
16,58516,24095,10614,816d75b3829f80a0be15e2684d688759
16,58517,24095,6577,5c3025342a01e6846087366eaac1b621
16,58518,24094,4523,38bcb205a3e90a463fd5517bed0df50f
16,58519,24094,3760,bdaa052dcc8167fe9edaa4407602acc3
16,58518,24095,2524,c7b93de5777da72274b067673f353115
16,58519,24095,1806,561107751b51ad0fd5239b12a3d11853
16,58520,24088,13931,9b7eb20baef338933964e1bf5ac3b7c0
16,58521,24088,10780,0acbe40fd5285862caa032c5808d71ac
16,58520,24089,11307,7a37084040fb357fee1c28204b603ece
16,58521,24089,11508,24ecb159b29867233a0fb3dd298de756
16,58520,24090,3914,b22ba8cc8d17252cc3b7932c479e8476
16,58520,24091,3941,70b05b9eeba03dac631cf57a8705fd74
16,58520,24092,3978,9bd2563afd49b72dda931ec5b2399cc6
16,58520,24093,7204,3245fcb120dc1c02c77cc902c563a389
16,58528,24073,2981,88e2c2d71eaef699f8c0bfc9ba9eccf2
16,58528,24074,6027,25a17b4fd7db48e694c4a094492430fb
16,58528,24075,8261,1c553110c4cdcf69dcb5ab518133a913
16,58496,24096,5117,99f06e8dd4470fef1f25b5ec3b369513
16,58497,24096,9797,a72c427b3adab7c7b71ab29b15e9abbe
16,58496,24097,8369,7b3874b53702522198032113e0b3233b
16,58497,24097,7966,8a3af482760db5bf40066d9bf67db75b
16,58498,24096,28674,ba3e35b0c1cfcf11d71aaa52e046046c
16,58499,24096,19908,d7f71183c87571618121c017e89e5bef
16,58498,24097,18024,001c78dda569b4f3d5ad2390c3420c68
16,58499,24097,39635,564066de6afad3356a4c3454d36dc25d
16,58496,24098,5278,302cfde13039431df38938bfce34f2e4
16,58497,24098,7513,96a3ddc0fb81e114e7cc6744fd82370a
16,58496,24099,3435,361f921d7900f775788c89868b7487d1
16,58497,24099,13293,ec58192cfce7caa4bb4adc5db8e86998
16,58498,24098,12797,c4b6b3733299c2033fc69011d23472fa
16,58499,24098,28189,51223f2212e12c7195451d0abf570adb
16,58498,24099,6950,821d5f0314efe5f6b35a85f3ff29da33
16,58499,24099,8593,1f779c9789b212f53f3fb416e1a226f1
16,58500,24096,5379,9cd899d3f1d5e330b22b289b2e296dd9
16,58501,24096,9852,871b6ab5c85a8b85c588ec4dcf620522
16,58500,24097,9045,aa049a118f46fda75aa0913d636c8f8b
16,58501,24097,12362,e821a98399dd8710f8d2daa11741cedd
16,58502,24096,7410,1d069d167e8baa3bfb8834f75463c7e9
16,58503,24096,3524,a3a4d356dd57c278c2104318f7677e68
16,58502,24097,8309,fd5b63387b250135a0e91748c9570bfa
16,58503,24097,6712,d96a6bd4804b70c347b262343541cf5a
16,58500,24098,8088,96af32bf8848caaad39ec929ecfc5640
16,58501,24098,7828,de106024d62416cf53b0f6fa4b501555
16,58500,24099,6681,d64af188d0ba8fc45b1d3b0dc80ba519
16,58501,24099,7325,a062bd6ab138e52699ee806b6faff46c
16,58502,24098,6879,9c35980c63604933a61a7dfaa96e0ab1
16,58503,24098,6014,ef89a84f7b1212c1f67f592a51b22dd7
16,58502,24099,5501,1e9126ee2f8f95c248c3bbe3c946b59a
16,58503,24099,13212,bd56168f421f0a781bdbe6e1874c97df
16,58496,24100,7233,816bf2d6c9d0895bac0194398e2fc17c
16,58497,24100,6963,40b0497d4f8e2ceef457f3cf40bf5029
16,58496,24101,9239,11b4ea976ca09538ed2b498e927c71e6
16,58497,24101,5040,df767e3c46c661bcddeed5f8a4a07c3a
16,58498,24100,3995,746ef4773baa3e7cf9adf4c230137711
16,58499,24100,5073,3e0f78e75605efb50092a8af8c12f831
16,58498,24101,4378,8590e4808ffb8b33a0cd9d94a0cdc6c5
16,58499,24101,4075,096c85b5316c7b515b34ba735acdb0cc
16,58496,24102,5075,0025370200286db68e5110fbf26b19ce
16,58497,24102,2831,c8a3f1e60f91fa9039be220a7d5b7136
16,58496,24103,9446,63625a52964e565ef8de3c89d88df221
16,58497,24103,7956,cb029fb976b629981c7b1c2508a021bb
16,58498,24102,3793,f7a9dae1e0702b9fa2d8d2faf9b2086d
16,58499,24102,3938,145716730ab6bae95ca1e52329e65955
16,58498,24103,7737,11987ed99631e0628f224f2f35acadaf
16,58499,24103,6863,50682d7373da64f7216e6b49b1c33ab2
16,58500,24100,6077,83c3d8a6648f27bcd0fa75441c1428b1
16,58501,24100,6627,37a98be6e66e4c2ad23e6a3e888d55aa
16,58500,24101,5962,488560f68abf1fbcf70e1d6bec1475fb
16,58501,24101,3457,b169ad467da5b501acd3cee3e2de2c55
16,58502,24100,6434,08e95aca677ab0e3b0be8a60d8afe95a
16,58503,24100,7895,867b792cda760f59faf84aa41df30443
16,58502,24101,8487,7657824b7cf866865a13008fd30c016c
16,58503,24101,11310,16da7c6cd529c94a7a6ed8c83651a4e9
16,58500,24102,5887,e9074874df762f179a71c133b07d3288
16,58501,24102,7697,df6afba79f56c244b871ee90604b4ce4
16,58500,24103,9743,a7eff80e2a8d22e8261d578d6c2553e4
16,58501,24103,5663,35878e4994230846a8b0665e600236b6
16,58502,24102,5853,1ab04f98a06ffca7f551317b9bd6a13d
16,58503,24102,5653,32a5dcfc15488d10b9d86fbbd4c3372c
16,58502,24103,5251,e529ab4bc2a17955a14378cd176ef443
16,58503,24103,6615,72018e18d1a42f8d04cb7925c31a33a9
16,58504,24096,4912,7913ce54c89d10d9c9d79d88549f82f8
16,58505,24096,4459,47410abdbd48b8ac3feb361433ac21de
16,58504,24097,4589,2b2cb834d4ee511090c5a5135a1a3b57
16,58505,24097,6130,b4fd543f872338c0c0ecd0dee61d4175
16,58506,24096,4182,30f1976f291c0790f95b1b289bb78565
16,58507,24096,5536,4d5ced0e822df327ecb3351ff0c33c85
16,58506,24097,5201,e673297c1f21268c97f0f5871e90d36a
16,58507,24097,6199,981e610bb26c47d8e0557e8f31836a4d
16,58504,24098,9787,f64e1d763e2433fddb24e686c65b3b07
16,58505,24098,11852,d5a7df78f099a51a29b318f8bf90eeb1
16,58504,24099,10450,8680bc41b2527a1dba6bd29fb72a2ba1
16,58505,24099,21965,de2be72e3ef9dcdad885e0c23bebddb7
16,58506,24098,12978,8edbafa74eaf946f4d2ccbfc89f71205
16,58507,24098,4910,6deb5c031949df1c33e07154ce471028
16,58506,24099,11705,d0729eef76ed386819b3327432cfa264
16,58507,24099,5078,13ffdd3d6cc7f536d3e894c56560ca97
16,58508,24096,4880,b1210a5765dbed4698d5de2a35c669f5
16,58509,24096,6019,b2cf91cf11f65bed4f5128b7f57ce5f5
16,58508,24097,5579,0542077829b5bc8519098b0936019138
16,58509,24097,3844,62af254cf2a5066b6259ecb2be6ecd3c
16,58510,24096,3837,4356198996e4ee70c9267da7389702e5
16,58511,24096,3315,e56096260f28a87ff3a5595f47829446
16,58510,24097,3184,75ca33754fbbd817fce5d1232c69b76f
16,58511,24097,5291,8ebc7e35c12fcf73e84ad87fa812a51d
16,58508,24098,8318,39c530e4c1663324510a2bbf4148f518
16,58509,24098,4751,ca1cc7375006480e8357a6b611a12ec3
16,58508,24099,6408,fd4972ce648bf1b15a683d46465e7d40
16,58509,24099,4319,427b63355fff5002bc3852a3d1780cce
16,58510,24098,6791,d663163eaac7b06ac3e1b42c247a54fa
16,58511,24098,6942,55dc2e428b525478999bd58548922e3a
16,58510,24099,4456,a9f46b2647d14553e3fc9caee2d79d58
16,58511,24099,3816,b98c84b0a06694b4fee552e2f1d9deb2
16,58504,24100,8116,5b1810a82ce1ae5b464b51f6dab82f7f
16,58505,24100,10922,28efffdd1064bb0a7f56d84348a8ae10
16,58504,24101,10374,7f492c1788f79264088d23b176acca90
16,58505,24101,13439,e7db25b1556b80a38342197d3855f52a
16,58506,24100,12687,03f94a553c6533cd8d07e69c4c9ffaf5
16,58507,24100,7938,9ccd1ebdb32b37e82e8aa1e2b0648104
16,58506,24101,20131,20235a23a8e16253db94db95dac5fb65
16,58507,24101,8692,bb26525288584a38976ca19fb910dad9
16,58504,24102,6709,8e0ee4655e9207f69ba5505c544868ed
16,58505,24102,8046,ab0e01b89fc023d427b3c3c0dcd87ecd
16,58504,24103,5581,01979c1c74646f9d5fd02c9f30a0e1f7
16,58505,24103,7902,28519f74849b896d5d2bfb99821e3634
16,58506,24102,13034,d4bbafc2edc93c5b017e638caaf5bdc8
16,58507,24102,15681,413ea28ec601563750bb15616022a05b
16,58506,24103,10035,91e9fe449315c9bbc427d49ba0e117fc
16,58507,24103,8181,bf2161b58390cb79bdad54094263ef2a
16,58508,24100,3894,f8544c45bcd8dea93046660738e16a31
16,58509,24100,3996,2a9266422a15760441c63eed220c34d8
16,58508,24101,2181,defc0b2b0a8bf3c8f2e96a20589dcedc
16,58509,24101,4371,963e2e538292e211c6c46e627e779f97
16,58510,24100,3802,2b874c19a8f48b69bc3c6a16f245f3ec
16,58511,24100,3660,6b0f86ad7402a9b11c8857be9e8c3b20
16,58510,24101,4449,fe5d8ae5c7949f6d51da3aa555bdc716
16,58511,24101,3307,7b01d0e86af95ceb8154bf22cac574ca
16,58508,24102,2888,72f75c8436d9e929d05badde55335a78
16,58509,24102,2841,8590183875e6ea6f989c7f2f419d935d
16,58508,24103,3688,5d5108682cf9fdff2304cf2b8e742471
16,58509,24103,3590,c2b4c208f463b6e6e24f1f7e440c39bb
16,58510,24102,3669,43d3ff25774e24a67d387e64f8391f4f
16,58511,24102,3953,71e044bf9bf85227a0377498415a382d
16,58510,24103,4402,538db76cba6c63f6568c1015f7819d9f
16,58511,24103,4021,422bc3a0cba221156dd6b86dbca6e201
16,58496,24104,10355,7d01fa85bcb0a533deff91a742d85269
16,58497,24104,7241,5cda111b7c8e8625138d3e060168d7af
16,58496,24105,9347,cd8a1c13c4adb71f2f0a3b1088b8a498
16,58497,24105,9196,297e3c9d6e5ac9540e980d9d007ffcea
16,58498,24104,9226,ceaf96b619e6f69b87e1f8fa187af656
16,58499,24104,10410,2059359482d44601c2c00707610e869f
16,58498,24105,8246,f31b0db3ab1af6344dc3f49e29fa74f2
16,58499,24105,6785,a456ad95387f0eeda8a1d6d92672e734
16,58496,24106,9366,929b4a41bd3ce1e164828c044e21bdac
16,58497,24106,8308,8033346305d3eac6c50cf9ae58c917bb
16,58496,24107,3762,729173a39297869f56b8b91ea0e78dc7
16,58497,24107,4509,1c5297dc7045f8cfcbd1324101e2d7b1
16,58498,24106,4979,4a77096632a99b85b1013e20444d65bd
16,58499,24106,4152,eaebdccebb1fac8a6eebfda24a1e0ba1
16,58498,24107,5613,3ef1c4ecd6f09afe1712a6d07c644942
16,58499,24107,2976,f3ae0f2560ee29c8278fb3cafda96cd7
16,58500,24104,9647,946a7b1954160943d961df55953adba5
16,58501,24104,6632,59b58850f9ee40f06aed626bbade1f68
16,58500,24105,7206,60c2b81864554049f891701c4b2f0b49
16,58501,24105,7227,7b05932243780baed4862e3fa0eccff2
16,58502,24104,5595,b4e6067a9353f9e9e5e709c3e56c8b4f
16,58503,24104,12665,18bc0a65e49273d14eb97c0e19a2daaf
16,58502,24105,5551,50102a416698fffa28a9652198b2b864
16,58503,24105,5299,e5cce12d1da0613412a32550eface41c
16,58500,24106,8922,5644792b87a38f8582087e9c5744ab81
16,58501,24106,8373,c1bae963840e6fc9a4725ddea57fb536
16,58500,24107,3876,6f46310414f32704f8fe34ba824d9ce9
16,58501,24107,4529,3ddf65fafc9db6bc497462eeee2196e0
16,58502,24106,5856,a1eca3820f6b7281df771f4bab414f89
16,58503,24106,4312,d8563ef873b0df46f4d0818e7ebad343
16,58502,24107,3603,be73146c65350c6d0b2eb5645a4c0e6c
16,58503,24107,3704,3630fecba7904dcc9f02365e0dd1d788
16,58496,24108,4797,69ef97aaa9e6c7839f8c075dc71845c0
16,58497,24108,3226,94663def4775719024405df31c702d95
16,58496,24109,4060,76ca3610a2c84527400833d9a72d8585
16,58497,24109,3762,fd4251ebc86d0cd9475a582f2e5883a6
16,58498,24108,6822,76216babd56d75b954010ac4533abc66
16,58499,24108,6618,5d87a9c22c1a006f81d690c260ff6bd2
16,58498,24109,7356,18aa41482cc8f4943d73ca3cadc21d43
16,58499,24109,4247,77faaaad93518b12c96b82c4b7d4708b
16,58496,24110,3800,3145297d933ed5bc53c0097a900e595a
16,58497,24110,2783,23394246c750525e65ef17d5cfe8bf96
16,58496,24111,2874,72b3dba438f10a8d131919718f1441d5
16,58497,24111,2559,2af2704403ad81fadfdb5c66210f12b8
16,58498,24110,7915,8d61e0e8153df58aff8312dd4f0d1aeb
16,58499,24110,4013,b6721964309daa6f7c91ae0825095564
16,58498,24111,7914,a61e5a518484cabab6dd91eab214b28b
16,58499,24111,1596,3d72c2a45a926a62595f70c043ab9d72
16,58500,24108,5148,e9a2092d6394c56d87463fa1f633a492
16,58501,24108,3162,82718258f3c46719e49a71a6c6325763
16,58500,24109,4321,096a100d279a6ddd14f7344ebed9c099
16,58501,24109,3262,bd34abb100123be14b4b94464e107d55
16,58502,24108,3150,a509229ed5345ce456b268495c057abf
16,58503,24108,3183,3f646cdb408a17f6898bf328da1156d3
16,58502,24109,2608,2c2c8eb9ec0fe33d81edeb3c3ed936ea
16,58503,24109,2109,f77906483d6ea92a88cc7d2b998a865e
16,58500,24110,4225,b2e887cb0c59edefa351070ce7339dec
16,58501,24110,1868,e5bcd72e1bb7314cdf6f382bff3fd828
16,58500,24111,1982,fd99af59244a8f7d31a6483c8d4df2ac
16,58501,24111,3326,571414087a2594e22eb9dd64d8f55727
16,58502,24110,2145,31af909af8cd5b5c5a1859c8ca257e3f
16,58504,24104,7972,8d6cc8637073587f80a4fb603761a179
16,58505,24104,11164,29649255a810d57b276bb59e1c88d58d
16,58504,24105,5313,dc7293273274fb0eb400b46df1716e5c
16,58505,24105,8609,7921e74708bccd13e1bfc8a552c5892c
16,58506,24104,12025,65deaea3f9a644c1573ec9fbfe64209c
16,58507,24104,6510,73c31cc718286ae94cc285829a9af979
16,58506,24105,4259,97ee505ad8c3fef796cdb5ca34a1355c
16,58507,24105,3159,309341cb32cbcc1001a6e68684ec45ed
16,58504,24106,3870,da40e6433961bfaeb00e56820bc10486
16,58505,24106,2717,a169436325533503306db2a71b2ed4d4
16,58504,24107,3862,9e07b4302aa901055a8b110343cba5a7
16,58505,24107,2969,224a502ff4c98aefcc13f0425d6640c6
16,58506,24106,2721,e587fe8700cf3ffa83af303e0f73ca9d
16,58507,24106,3449,ffb4188468798d08ab577562ce87d486
16,58506,24107,2706,5542855adfceff01fd64c9e5984a9ff6
16,58507,24107,3447,1bb18bbcd44da7ee91d142c6eb4df767
16,58508,24104,3207,29ee610b0e3ef6967e24aebfe2f86bbd
16,58509,24104,3572,0163288b6d06609a43d36449617e9410
16,58508,24105,3531,45c0abbebd97d6e723d22d390fe885a3
16,58509,24105,3533,7ca89fa02893876b6f3208f8d7a5eeb2
16,58510,24104,5082,aebc1bb4f0c52ca5a92331486ead3d57
16,58511,24104,5665,6bf5c92fe8410bce9a53f5a7d3d4a6a4
16,58510,24105,3814,56620832781865be741ca910174843fc
16,58511,24105,3863,726618d06a0122dd9ab30ac850ced0d6
16,58508,24106,3487,a81d6eebacb79a1ca387c253b175f674
16,58509,24106,3231,5751f38d67f0fca94e04d06d3a61fa7b
16,58508,24107,2516,bf4b9be8bd2b181c654fd41ef3540603
16,58509,24107,3206,f836eb330ad472af6c534ab680a2cdb5
16,58510,24106,3754,9c32b01184fa1f6f6bb3425b83a6fefc
16,58511,24106,3701,26515049aac6e91c6ac646f2b9b101cb
16,58510,24107,3413,52979da0c1aa02bf5e6f556afde17931
16,58511,24107,3203,dc89679142e9c484118abfc267931dba
16,58504,24108,4064,f2e724e5835dbabf2c9c4f3e8d7f4d2c
16,58505,24108,2696,160e4de54d7c3baa5f00f58ba156ba89
16,58506,24108,3048,4f67dfa4683f37411c7f68eb47c7102c
16,58507,24108,3046,1a69ba5d92dd566139ea731ac234e1f9
16,58508,24108,2644,6a6db56546e147409c62da70196ab5aa
16,58509,24108,3227,8d35c66218d88e67ee5a07569673a970
16,58510,24108,3188,9f052602c3fa52444827a256e15c833f
16,58511,24108,3127,1f506830373a22be1149fe6999dd5a57
16,58512,24096,5931,b53f4a1afcf095b19bc4cf68570318e7
16,58513,24096,7359,aa10929db8416864fc21edb1d5fbc0ae
16,58512,24097,5857,4df51c8c329136cf71733c2a48eb68de
16,58513,24097,5918,ff78ffae8eae61e9946f9cafd1fc06cf
16,58514,24096,5388,06782f6e149eb3cc8a20fb7d417a4965
16,58515,24096,7337,2f3939f14bfbd10360f2d9b5b8a02542
16,58514,24097,6621,a46caab5db578a2f5ba6e75eef84cb25
16,58515,24097,7195,8d598595196d95427994c9728c0f3321
16,58512,24098,10284,8caec37beb9ea01053e4fb56834650bb
16,58513,24098,3396,17ff072a844df025a5272479fa8c96dc
16,58512,24099,5833,bc8f3824ba759f60a97bcf2a924ab1f8
16,58513,24099,6535,4303407a1590972a315b998325238ad9
16,58514,24098,3479,8e3053d518c855db0f8e453229c1e52b
16,58515,24098,6040,4f5fb361dce532d34c3f38694e0131bf
16,58514,24099,8744,6212f7ec96a4dbc005609b0591f6d624
16,58515,24099,8955,6b2dcbc4f2d56c0ac6efc698a22dda32
16,58516,24096,6932,f8fcef828800d7ad0c0339c2f0c99128
16,58517,24096,2748,085757f5511c32aa8d25a68456ea247b
16,58516,24097,3284,2149e242148860b8d780b67c48465483
16,58517,24097,2833,4e9d16aa71097cee4376fb0fc8aa2493
16,58518,24096,3900,95cf8e81a5412ee88d4a4881204889c5
16,58518,24097,12064,8971f7d0cacff9ce275083be29577b92
16,58516,24098,3268,7755c9eb7cbdee44619ad1ca039c7282
16,58517,24098,4038,b2494e3bae50610400f45d4ef7225968
16,58516,24099,8011,7c1d05a32a8b07dbba8f45d2235d9ebb
16,58512,24100,3661,3db98ba7d2c5424b474c7c84bb5c9cc1
16,58513,24100,5914,a324a924a0c64798e780d93c5eda8120
16,58512,24101,3712,5810a1078dccd11db34da03664f728b8
16,58513,24101,3035,28e8dc9fec935fae566724e977d8ab92
16,58514,24100,6521,1599614b2ba5ed747d3280ecac5f4596
16,58515,24100,9038,b6c115f224b3f2c14ab64d7b3f422cc1
16,58514,24101,6798,6acc2c36b54fcfc915b0019ad27b118d
16,58512,24102,3415,7e0470a2391c3f13ff4fed53fd63b515
16,58513,24102,3386,e82f2379b877e08f83a0a453f7aee9de
16,58512,24103,4042,78a93814247d7478b6ddfb42fb6c7882
16,58514,24102,3441,89d885072ed0bfc961b45e7d25ac8865
16,58512,24104,4524,6520f50a5be7284217ca418c4fa014c1
16,58512,24107,4336,ef45d6253240a20bee269eb264d13ec6
16,58512,24108,6165,eb2ec15c819652c8097e146ca9070bf9
16,58496,24112,7866,f2bf79690cfd66d3dcb82518a26b897c
16,58497,24112,6505,8c79762eea8e5ed984c6acca576a5c3c
16,58496,24113,5012,8d090f6d3863c7dfbad86db42fb6b601
16,58497,24113,2015,09489d643dcc93eb9244ee98b5cba7a0
16,58498,24112,5015,b5d1ffaee44dbecd23cc7111d66ae9ee
16,58499,24112,1687,91cdbe606974f802afafa4929ff37104
16,58500,24112,4320,2519c351bb0ce8bda820786b8b3f43c6
16,58501,24112,5561,6b9e53631764ff477b2fc9a0553c99d1
